출판사,작가,도서/강연제목,대상,강연방식,주제/소개,상세페이지,이미지URL
내일도맑음,"윤정 (지은이), 유영근 (그림)",<박뽕남 할머니의 수상한 외출 - 박뽕남 할머니의 네 번째 이야기> 윤정 작가와의 만남,어린이(저학년),비대면,일반 강연 문학,https://www.bookseed.kr/program/lecture/lecture_20260827134136028_8948f9d9,
한림출판사,명하나 (지은이),<꽃이 되는 말> 명하나 작가와의 만남,어린이(저학년),비대면,"창작 그림책, 독서활동",https://www.bookseed.kr/program/lecture/lecture_20260826144201765_1ce79815,
국민서관,명하나 (지은이),<나의 비밀.> 명하나 작가와의 만남,어린이(저학년),비대면,"창작 그림책, 독서활동",https://www.bookseed.kr/program/lecture/lecture_20260826142708391_da26f6a8,
머스트비,"정희용 (지은이), 김민정 (그림)",<삐리꼴라의 방학 숙제> 정희용 작가와의 만남 : 걱정대장 삐리꼴라도 쉽게 쓰는 글쓰기 비법,어린이(저학년),비대면,일반 강연 문학,https://www.bookseed.kr/program/lecture/lecture_20260825101911028_6e3c91f5,
보랏빛소어린이,"한유진 (지은이), 이수현 (그림)","<무엇이든 바꿔 주는 산신령 뽀글> 한유진 작가와의 만남 : 산신령 뽀글과 함께 찾는 물건의 새로운 가치 (환경, 나다움 강연)",어린이(저학년),비대면,"활동/워크숍 독서활동, 문학",https://www.bookseed.kr/program/lecture/lecture_20260825011624003_83d75a57,
주니어김영사,"서지원 (지은이), 윤동 (그림)","<잘났냥 뀨 1> 서지원 작가와의 만남 :학교에 온 AI 고양이 뀨, 무엇이든 물어봐! (AI를 똑똑하게 활용하는 힘 기르기)",어린이(저학년),비대면,일반 강연 문학,https://www.bookseed.kr/program/lecture/lecture_20260821125143876_aa16d17a,
뭉치,"백은영 (지은이), 김이주 (그림)",<똥 박사와 수상한 자판기 1 - 똥이 도망쳤다!> 백은영 작가와의 만남,어린이(저학년),대면/미정,"독서 과학, 교과",https://www.bookseed.kr/program/lecture/lecture_20260818165918267_559332e4,
이지북,"박현숙 (지은이), 신소라 (그림)",<너를 빌려줘 - 친구 사용 쿠폰이 발급되었습니다> 박현숙 작가와의 만남 : 친구 관계가 고민될 때,어린이(저학년),비대면,일반 강연 문학,https://www.bookseed.kr/program/lecture/lecture_20260813132708456_a378ef34,
수줍은삐삐,"상자 (지은이), 민지은 (그림)",<덜덜덜 긴장 사총사> 상자 작가와의 만남,어린이(저학년),비대면,활동/워크숍 문학,https://www.bookseed.kr/program/lecture/lecture_20260813111527805_e95d448a,
서사원주니어,"권귀헌 (지은이), 남동완 (그림)",<신기방기 방기봉> 권귀헌 작가와의 만남,어린이(저학년),비대면,일반 강연 교양/문화,https://www.bookseed.kr/program/lecture/lecture_20260812171649516_7208ccdb,
출판놀이,"이진아 (지은이), 전성순 (그림)","<엉덩이 소동> 이진아 작가와의 만남: 엉뚱해서 더 즐거운 동화 속으로, 유쾌한 이야기 읽기",어린이(저학년),비대면,"일반 강연 문학, art",https://www.bookseed.kr/program/lecture/lecture_20260812162858367_ac66b136,
출판놀이,"이진우 (지은이), 김용철 (그림)",<요리조리 토리 씨> 작가와의 만남 : 함께 하는 말놀이 모험,어린이(저학년),비대면,"일반 강연 문학, art",https://www.bookseed.kr/program/lecture/lecture_20260812162116762_0cd596b6,
와이즈만BOOKs(와이즈만북스),"김영진 (지은이), 김보경 (그림), 와이즈만 영재교육연구소 (감수)",<숫자에 속지 않는 뻔뻔한 과학책> 김영진 작가와의 만남,어린이(저학년),대면/미정,일반 강연 기타,https://www.bookseed.kr/program/lecture/lecture_20260810115322281_0394eac2,
창비,"김륭 (지은이), 방현일 (그림)",『별에 다녀오겠습니다』 김륭 작가와의 만남,어린이(저학년),대면/미정,"일반 강연 문학, creative",https://www.bookseed.kr/program/lecture/lecture_20260810092104309_991c19e2,https://search1.kakaocdn.net/thumb/R120x174.q85/?fname=http%3A%2F%2Ft1.daumcdn.net%2Flbook%2Fimage%2F533266%3Ftimestamp%3D20231124150116
상상아카데미,"정원영 (지은이), 이정화 (그림)",<뽑기를 했을 뿐인데 과학이 따라왔어!> 정원영 작가와의 만남,어린이(저학년),대면/미정,일반 강연 과학,https://www.bookseed.kr/program/lecture/lecture_20260807151029135_c0b5b024,
상상아카데미,"임가은 (지은이), 이지현 (그림)",<한 권으로 끝내는 나의 완벽한 여름 방학 : 3학년> 임가은 작가와의 만남,어린이(저학년),대면/미정,일반 강연 교과,https://www.bookseed.kr/program/lecture/lecture_20260807150843988_bbceb177,
상상아카데미,"이고은 (지은이), 다나 (그림)",<신기한 심리 실험실 - 알쏭달쏭 마음이 궁금해?> 이고은 작가와의 만남,어린이(저학년),대면/미정,일반 강연 교양/문화,https://www.bookseed.kr/program/lecture/lecture_20260807143805257_9e6dff21,
상상아카데미,"동지아 (지은이), 차상미 (그림)",<체리 밴드> 동지아 작가와의 만남,어린이(저학년),대면/미정,일반 강연 문학,https://www.bookseed.kr/program/lecture/lecture_20260807143450492_bb8872d7,
문학동네,"윤성은 (지은이), 경혜원 (그림)",<금순이가 기다립니다> 윤성은 작가와의 만남,어린이(저학년),대면/미정,"일반 강연 문학, 인문",https://www.bookseed.kr/program/lecture/lecture_20260807131825212_d8a3f771,
고래뱃속,"윤성은 (지은이), 김근아 (그림)","<안녕, 내 사랑!> 윤성은 작가와의 만남",어린이(저학년),대면/미정,"일반 강연 문학, 인문",https://www.bookseed.kr/program/lecture/lecture_20260807131550639_9a0f1387,
문학동네,"윤성은 (지은이), 김보라 (그림)",<하루하루 오하루> 윤성은 작가와의 만남,어린이(저학년),대면/미정,"일반 강연 문학, 인문",https://www.bookseed.kr/program/lecture/lecture_20260807131240269_70cb5537,
창비,나이 (지은이),<마나의 편지> 나이 작가와의 만남,어린이(저학년),대면/미정,활동/워크숍 그림책,https://www.bookseed.kr/program/lecture/lecture_20260807103643243_3532391d,
노란상상,윤담요 (지은이),<콩 심은 데 아이스크림> 윤담요 작가와의 만남,어린이(저학년),비대면,"일반 강연 그림책, creative",https://www.bookseed.kr/program/lecture/lecture_20260807102334840_763608b8,
창비,"배지영 (지은이), 박현주 (그림)",『내 꿈은 조퇴』 배지영 작가와의 만남 :너무 아픈 다음에 생기는 좋은 일,어린이(저학년),비대면,"일반 강연 문학, 사회",https://www.bookseed.kr/program/lecture/lecture_20260806094758619_67e62c8f,https://search1.kakaocdn.net/thumb/R120x174.q85/?fname=http%3A%2F%2Ft1.daumcdn.net%2Flbook%2Fimage%2F5398948%3Ftimestamp%3D20250521210314
창비,"최나미 (지은이), 신지수 (그림)",『고래가 뛰는 이유』 최나미 작가와의 만남,어린이(저학년),대면/미정,"일반 강연 문학, creative",https://www.bookseed.kr/program/lecture/lecture_20260806092827906_38798561,https://search1.kakaocdn.net/thumb/R120x174.q85/?fname=http%3A%2F%2Ft1.daumcdn.net%2Flbook%2Fimage%2F533068%3Ftimestamp%3D20231124152442
창비,"차나무 (지은이), 노준구 (그림)","『호로로 히야, 그리는 대로』 차나무 작가와의 만남 :감정이입을 통한 공감능력 키우기",어린이(저학년),대면/미정,"일반 강연 문학, art",https://www.bookseed.kr/program/lecture/lecture_20260805150641743_bf022a14,https://search1.kakaocdn.net/thumb/R120x174.q85/?fname=http%3A%2F%2Ft1.daumcdn.net%2Flbook%2Fimage%2F533508%3Ftimestamp%3D20231124171354
노란돼지,백혜영,<멜로우빈 히어로 : 감정 씨앗을 지켜라!> 백혜영 작가와의 만남 : 나만의 감정 씨앗 만들기,어린이(저학년),대면/미정,"활동/워크숍 그림책, 문학",https://www.bookseed.kr/program/lecture/lecture_20260805143159464_0937dfa4,
"미래아이(미래M&B,미래엠앤비)",강병인 (지은이),<한글 숲의 동물들> 강병인 작가와의 만남: 한글에 생명을 불어넣는 멋글씨의 세계,어린이(저학년),비대면,"일반 강연 그림책, art",https://www.bookseed.kr/program/lecture/lecture_20260804170708153_17d68cdd,
페이퍼독,박모일 (지은이),<일기예보> 박모일 작가와의 만남 :마음을 전하는 일기예보,어린이(저학년),비대면,활동/워크숍 그림책,https://www.bookseed.kr/program/lecture/lecture_20260804124437532_196dba06,
스마트베어,"홍우식 (지은이), 공룡알도난사건 (감수), 월드잇",<한 컷으로 보는 100마리 공룡책> 홍우식 작가와의 만남,어린이(저학년),비대면,일반 강연 과학,https://www.bookseed.kr/program/lecture/lecture_20260803213807565_99aee4be,
찰리북,김종민 (지은이),<수상한 그림책방> 김종민 작가와의 만남 : 명작동화를 책으로 만들어 보기,어린이(저학년),비대면,"창작 문학, 그림책",https://www.bookseed.kr/program/lecture/lecture_20260803141015951_522852da,
노란돼지,차영경,<마음요리 2> 차영경 작가와의 만남 : 힐링 마음급식 만들기,어린이(저학년),비대면,"활동/워크숍 그림책, 독서활동",https://www.bookseed.kr/program/lecture/lecture_20260731085720626_a2acb69d,
서사원주니어,"오현선 (지은이), 파프리 (그림)",<한번 보면 입에 착 붙는 맞춤법> 오현선 작가와의 만남,어린이(저학년),비대면,일반 강연 교양/문화,https://www.bookseed.kr/program/lecture/lecture_20260730173630629_c6b4e90d,
찰리북,주현조 (지은이),<따끈따끈 말 베이커리> 주현조 작가와의 만남 :함께 말 빵 만들어 보기,어린이(저학년),비대면,"창작 creative, 그림책",https://www.bookseed.kr/program/lecture/lecture_20260730150932030_16c52a16,
꿈터,"김바다 (지은이), 김이조 (그림)","<튼튼한 몸을 위한 먹거리 고기> 김바다 작가와의 만남 :잘먹고잘살자(에너지를 내는 먹거리 , 고기)",어린이(저학년),비대면,"일반 강연 교양/문화, 과학",https://www.bookseed.kr/program/lecture/lecture_20260730122855277_8d1e28f1,
노는날,"소하연 (지은이), 조승연 (그림)",<번쩍 씨네 조명 가게> 소하연 작가와의 만남,어린이(저학년),비대면,"일반 강연 문학, 교양/문화",https://www.bookseed.kr/program/lecture/lecture_20260729093054494_2dece7cc,
노는날,"김리하 (지은이), 주쓰 (그림)",<여기는 10분 학교> 김리하 작가와의 만남,어린이(저학년),비대면,일반 강연 문학,https://www.bookseed.kr/program/lecture/lecture_20260729092630575_4bf2d99e,
노는날,송태고 (지은이),<용궁 공주와 솜사탕> 송태고 작가와의 만남,어린이(저학년),비대면,활동/워크숍 그림책,https://www.bookseed.kr/program/lecture/lecture_20260729092210156_11cc880f,
북멘토(도서출판),오드 (지은이),<길냥이 사무소 옹샘 시리즈> 오드 작가와의 만남 : 고양이 감정 이모티콘 만들기,어린이(저학년),비대면,"활동/워크숍 문학, 독서활동",https://www.bookseed.kr/program/lecture/lecture_20260727192318035_089ebb21,
창비,"신지영, 김대현 (지은이), 이경석 (그림)",『너구리 판사 퐁퐁이』 신지영 작가와의 만남 :동물 마을 모의재판,어린이(저학년),비대면,"일반 강연 문학, 사회",https://www.bookseed.kr/program/lecture/lecture_20260727102446339_087c0f55,
창비,"박주혜 (지은이), 정인하 (그림)",『편의점 비밀 요원』 박주혜 작가와 만남,어린이(저학년),대면/미정,"일반 강연 문학, creative",https://www.bookseed.kr/program/lecture/lecture_20260727095454336_9ef82f58,
다락원,"김리나 (지은이), 이정화 (그림)",『세계로 떠나는 수학 도형 여행』 김리나 작가와의 만남,어린이(저학년),비대면,활동/워크숍 교과,https://www.bookseed.kr/program/lecture/lecture_20260724220528470_d0e97269,
창비,"김리나 (지은이), 김래현 (그림)",『꿈의 아이돌 타라』 김리나 작가와의 만남 :현직 초등교사가 들려주는 수학 동화,어린이(저학년),비대면,활동/워크숍 교과,https://www.bookseed.kr/program/lecture/lecture_20260724213056547_c03e1e35,
풀과바람(영교출판),"서지원 (지은이), 유지우 (그림)",<떨지 않고 발표를 잘하고 싶어! - 불안을 먹는 으악사우루스를 이겨라!> 서지원 작가와의 만남,어린이(저학년),비대면,"일반 강연 사회, 교양/문화",https://www.bookseed.kr/program/lecture/lecture_20260724163248045_beae8cb9,
바우솔,나승현 (지은이),<마음 딸기> 나승현 작가와의 만남 :나만의 마음 딸기잼 만들기,어린이(저학년),비대면,"독서 그림책, 독서활동",https://www.bookseed.kr/program/lecture/lecture_20260724162832954_dba7d923,
내일도맑음,"이여주 (지은이), 달상 (그림)",<마라톤 코치 빽마녀 2 : 드디어 마라톤 대회에 나가다> 이여주 작가와의 만남,어린이(저학년),비대면,일반 강연 문학,https://www.bookseed.kr/program/lecture/lecture_20260724135401006_ab3e4d17,
바이킹,"김현태 (지은이), 은옥 (그림)",<쓰면서 발견하는 하루 한 장 꿈 노트 - 꿈을 찾고 싶은 어린이를 위한 55일 응원 필사> 김현태 작가와의 만남 :내 안의 잠자는 꿈을 깨우는 방법,어린이(저학년),비대면,"일반 강연 기타, 인문",https://www.bookseed.kr/program/lecture/lecture_20260723094729165_8a86d2d3,
창비,"정유경 (지은이), 조미자 (그림)",『까불고 싶은 날』 정유경 작가와의 만남,어린이(저학년),비대면,"일반 강연 문학, creative",https://www.bookseed.kr/program/lecture/lecture_20260721112612586_7061b28a,https://search1.kakaocdn.net/thumb/R120x174.q85/?fname=http%3A%2F%2Ft1.daumcdn.net%2Flbook%2Fimage%2F532948%3Ftimestamp%3D20250401113649
창비,"정유경 (지은이), 정호선 (그림)",『까만 밤』 정유경 작가와의 만남,어린이(저학년),비대면,"일반 강연 문학, creative",https://www.bookseed.kr/program/lecture/lecture_20260721104623699_44229e09,https://search1.kakaocdn.net/thumb/R120x174.q85/?fname=http%3A%2F%2Ft1.daumcdn.net%2Flbook%2Fimage%2F532981%3Ftimestamp%3D20260801110910
북멘토(도서출판),"류미정 (지은이), 모차 (그림)",<우소시의 꿈의 무대> 류미정 작가와의 만남 : 네 꿈을 펼쳐 봐! 내가 만든 나만의 꿈 무대,어린이(저학년),비대면,"일반 강연 문학, 기타",https://www.bookseed.kr/program/lecture/lecture_20260720172334225_d76eb9e5,
노란돼지,윤아해,"<나는 그냥 나입니다> 윤아해 작가와의 만남: 남자답게, 여자답게 대신 ‘나답게’",어린이(저학년),비대면,"활동/워크숍 그림책, 문학",https://www.bookseed.kr/program/lecture/lecture_20260720155818054_68e7b1f7,
노란돼지,윤아해,"<미토피아 밥친구들> 윤아해 작가와의 만남: 몸이 건강해지는 밥, 마음이 건강해지는 말",어린이(저학년),비대면,"활동/워크숍 그림책, 문학",https://www.bookseed.kr/program/lecture/lecture_20260720155419426_1bc2d5fe,
창비,"임미성 (지은이), 김규아 (그림)","『날아라, 고등어!』 임미성 작가와의 만남",어린이(저학년),비대면,"일반 강연 문학, art",https://www.bookseed.kr/program/lecture/lecture_20260716143431698_96e1ce20,
해와나무,"류미정 (지은이), 김연제 (그림)",<두근두근 용기 캡슐> 류미정 작가와의 만남,어린이(저학년),비대면,"일반 강연 문학, creative",https://www.bookseed.kr/program/lecture/lecture_20260716125430111_ff3f8b14,
보랏빛소어린이,"류미정 (지은이), 불곰 (그림)",<베프 대신 로봇 친구> 류미정 작가와의 만남 : 진정한 친구,어린이(저학년),비대면,일반 강연 문학,https://www.bookseed.kr/program/lecture/lecture_20260715101515089_e13bb526,
계수나무,황진 (지은이),<목소리구슬> 황진 작가와의 만남 : 내 마음을 담는 그림책 시간,어린이(저학년),비대면,활동/워크숍 그림책,https://www.bookseed.kr/program/lecture/lecture_20260713170312556_65dd5eb1,
창비,"김성민 (지은이), 박요셉 (그림)",『고향에 계신 낙타께』 김성민 작가와의 만남 :낙타가 보내온 모래편지,어린이(저학년),대면/미정,"일반 강연 문학, art",https://www.bookseed.kr/program/lecture/lecture_20260713145642577_74f77d5a,https://search1.kakaocdn.net/thumb/R120x174.q85/?fname=http%3A%2F%2Ft1.daumcdn.net%2Flbook%2Fimage%2F5568464%3Ftimestamp%3D20250608122442
창비,"김성민 (지은이), 안경미 (그림)",『브이를 찾습니다』 김성민 작가와의 만남 :동시를 찾습니다,어린이(저학년),비대면,"일반 강연 writing, 인문",https://www.bookseed.kr/program/lecture/lecture_20260713145058313_08dcf668,https://search1.kakaocdn.net/thumb/R120x174.q85/?fname=http%3A%2F%2Ft1.daumcdn.net%2Flbook%2Fimage%2F533359%3Ftimestamp%3D20240618113604
창비,"이정란 (지은이), 지문 (그림)",『버찌의 선택』 이정란 작가와의 만남,어린이(저학년),비대면,"일반 강연 문학, art",https://www.bookseed.kr/program/lecture/lecture_20260713143018041_d12011cb,
다림,"최정은 (지은이), 전민걸 (그림)",<복날이 왔다> 최정은 작가와의 만남 : 그림책과 함께 여름 이야기 나누기,어린이(저학년),비대면,"활동/워크숍 그림책, 교양/문화",https://www.bookseed.kr/program/lecture/lecture_20260709133852639_5a1034fc,
다봄,"곽민수 (지은이), 벼레 (그림)",<도서관 삼총사의 글쓰기 대소동> 곽민수 작가와의 만남,어린이(저학년),비대면,"활동/워크숍 그림책, writing",https://www.bookseed.kr/program/lecture/lecture_20260707180801686_48f73467,
소원나무,이현영 (지은이),<꿈틀꿈틀 숲> 이현영 작가와의 만남 : 우리들의 반짝반짝 빛나는 꿈!,어린이(저학년),비대면,독서 문학,https://www.bookseed.kr/program/lecture/lecture_20260706135228760_6ccc177f,https://search1.kakaocdn.net/thumb/R120x174.q85/?fname=http%3A%2F%2Ft1.daumcdn.net%2Flbook%2Fimage%2F7243107%3Ftimestamp%3D20260711144740
소원나무,"전이슬 (지은이), 김현정 (그림)",<크아앙 나도 무서워질 거야!> 전이슬 작가와의 만남 : 작가와 함께하는 용기 특별훈련!,어린이(저학년),비대면,활동/워크숍 문학,https://www.bookseed.kr/program/lecture/lecture_20260706134852466_7e74d460,
기린미디어,조예은 (지은이),<눈이 마주쳤어> 조예은 작가와의 만남,어린이(저학년),비대면,활동/워크숍 그림책,https://www.bookseed.kr/program/lecture/lecture_20260706133845687_425c345a,
머스트비,조영아 (지은이),<귀신 잡는 빨간 주머니 - 귀신도 곡할 이야기> 조영아 작가와의 만남,어린이(저학년),대면/미정,"독서 독서활동, 그림책",https://www.bookseed.kr/program/lecture/lecture_20260703125104707_aed21643,
킨더랜드,여름꽃 (지은이),<동생 없는 날> 여름꽃 작가와의 만남 : 그림책은 어떻게 만들어질까?,어린이(저학년),대면/미정,활동/워크숍 그림책,https://www.bookseed.kr/program/lecture/lecture_20260702152519050_c819f6cd,https://search1.kakaocdn.net/thumb/R120x174.q85/?fname=http%3A%2F%2Ft1.daumcdn.net%2Flbook%2Fimage%2F5456268%3Ftimestamp%3D20230111180524
브와포레,이혜원 (지은이),<나는 발차기 중> 이혜원 작가와의 만남,어린이(저학년),대면/미정,활동/워크숍 그림책,https://www.bookseed.kr/program/lecture/lecture_20260702144042987_2316334c,
잇츠북어린이,"이초아 (지은이), 나오미양 (그림)",<무조건 반사> 이초아 작가와의 만남,어린이(저학년),비대면,활동/워크숍 문학,https://www.bookseed.kr/program/lecture/lecture_20260702142328052_b183876d,
봄개울,신유미 (지은이),<떡볶이의 탄생> 신유미 작가와의 만남: AI시대에 더욱 필요한 마음 콘서트 & 떡볶이 만들기,어린이(저학년),대면/미정,"일반 강연 그림책, 문학",https://www.bookseed.kr/program/lecture/lecture_20260701184127396_70c7c507,
뜨인돌어린이,"권지영 (지은이), 안난초 (그림)",<놀면서 즐기는 이행시 동시> 권지영 작가와의 만남,어린이(저학년),비대면,"독서 writing, 문학",https://www.bookseed.kr/program/lecture/lecture_20260701154526408_85ef4f8f,
노란돼지,박현아,<스마트폰 없이는 못 살아> 박현아 작가와의 만남 : 일상을 안전하게 지키는 디지털 리터러시 교육,어린이(저학년),비대면,"일반 강연 교양/문화, 사회",https://www.bookseed.kr/program/lecture/lecture_20260630113735719_c92d4e14,
"미래아이(미래M&B,미래엠앤비)","우미옥 (지은이), 김지하 (그림)",<요술 동물 판박이> 우미옥 작가와의 만남 : 있는 그대로의 나를 사랑하는 힘,어린이(저학년),비대면,일반 강연 문학,https://www.bookseed.kr/program/lecture/lecture_20260630112006427_c09b6fa2,
길벗어린이,"김다노 (지은이), 심보영 (그림)",<황현호 보내기> 김다노 작가와의 만남,어린이(저학년),비대면,"일반 강연 문학, 인문",https://www.bookseed.kr/program/lecture/lecture_20260629181904128_30e47900,
킨더랜드,"윤은주 (지은이), 주노 (그림)",<스스로 선택해도 괜찮아> 윤은주 작가와의 만남,어린이(저학년),비대면,"일반 강연 교양/문화, 인문",https://www.bookseed.kr/program/lecture/lecture_20260629155709974_8f4b82e5,
주니어RHK(주니어랜덤),윤지혜 (지은이),"<잠깐만요, 문어 할아버지> 윤지혜 작가와의 만남",어린이(저학년),대면/미정,"일반 강연 creative, 그림책",https://www.bookseed.kr/program/lecture/lecture_20260625160244538_b41f2e12,
창비,김규아 (지은이),『참새를 따라가면』 김규아 작가와의 만남 :참새 식당 꾸미기,어린이(저학년),대면/미정,"활동/워크숍 그림책, creative",https://www.bookseed.kr/program/lecture/lecture_20260625105115883_af33b4ed,https://search1.kakaocdn.net/thumb/R120x174.q85/?fname=http%3A%2F%2Ft1.daumcdn.net%2Flbook%2Fimage%2F5480526%3Ftimestamp%3D20231124145149
창비,"이반디 (지은이), 김중석 (그림)",『도레미의 신기한 모험』 이반디 작가와의 만남,어린이(저학년),비대면,"일반 강연 문학, creative",https://www.bookseed.kr/program/lecture/lecture_20260625102421162_40a26c1e,
창비,"이반디 (지은이), 홍선주 (그림)",『꼬마 너구리 삼총사』 이반디 작가와의 만남,어린이(저학년),비대면,"일반 강연 문학, creative",https://www.bookseed.kr/program/lecture/lecture_20260625102210642_506c5ab4,
바이킹,"김현태 (지은이), 은옥 (그림)",내 안의 감정을 사랑하는 방법 (자존감 키우기),어린이(저학년),비대면,"일반 강연 기타, 교양/문화",https://www.bookseed.kr/program/lecture/lecture_20260625101018860_d4b13396,
창비,"신지영, 김대현 (지은이), 이경석 (그림)",『너구리 판사 퐁퐁이』 김대현 작가와의 만남 :동물 마을 모의재판,어린이(저학년),비대면,"일반 강연 문학, 사회",https://www.bookseed.kr/program/lecture/lecture_20260625100134552_e69201db,
사계절,김상근 (지은이),<두더지의 고민> 김상근 작가와의 만남 :고민은 나쁜 것일까? 함께 고민 나누기,어린이(저학년),비대면,"활동/워크숍 그림책, 문학",https://www.bookseed.kr/program/lecture/lecture_20260624160552371_4bf786bf,
리틀씨앤톡,"최부순 (지은이), 이로우 (그림)","<나의 숲으로> 최부순 작가와의 만남 : 함께 떠나는 숲 여행, 생태 감수성을 키우는 참여형 독서 프로그램",어린이(저학년),비대면,"일반 강연 문학, 교양/문화",https://www.bookseed.kr/program/lecture/lecture_20260624111434923_d83ce880,
창비,강경수 (지은이),『다이빙의 왕』 강경수 작가와의 만남 :동시 속으로 다이빙!,어린이(저학년),대면/미정,"일반 강연 문학, art",https://www.bookseed.kr/program/lecture/lecture_20260623163410793_a9a0733f,https://search1.kakaocdn.net/thumb/R120x174.q85/?fname=http%3A%2F%2Ft1.daumcdn.net%2Flbook%2Fimage%2F5419628%3Ftimestamp%3D20260325142244
꿈터,"원유순 (지은이), 정경아 (그림)",<열 살의 파워> 원유순 작가와의 만남,어린이(저학년),대면/미정,"일반 강연 문학, creative",https://www.bookseed.kr/program/lecture/lecture_20260623094623220_e5ac0d53,
북멘토(도서출판),"류미정 (지은이), 이수현 (그림)",<마음 쏙 친구> 류미정 작가와의 만남 : 내 마음에 쏙 드는 친구는 어떻게 만들까요?,어린이(저학년),비대면,일반 강연 문학,https://www.bookseed.kr/program/lecture/lecture_20260622183221876_065d43e8,
다산기획,"고규홍 (지은이), 최경식 (그림)",<도시의 나무 친구들> 최경식 작가와의 만남,어린이(저학년),대면/미정,활동/워크숍 그림책,https://www.bookseed.kr/program/lecture/lecture_20260621121252689_fe594b0a,
사계절,최경식 (지은이),<파란 분수> 최경식 작가와의 만남,어린이(저학년),대면/미정,"활동/워크숍 그림책, 문학",https://www.bookseed.kr/program/lecture/lecture_20260621120954640_1ea905b9,https://search1.kakaocdn.net/thumb/R120x174.q85/?fname=http%3A%2F%2Ft1.daumcdn.net%2Flbook%2Fimage%2F777125%3Ftimestamp%3D20260707110754
만만한책방,최경식 (지은이),<꼭꼭 숨었니?> 최경식 작가와의 만남 : 인형극 공연,어린이(저학년),대면/미정,활동/워크숍 그림책,https://www.bookseed.kr/program/lecture/lecture_20260621115807758_07a83d3c,https://search1.kakaocdn.net/thumb/R120x174.q85/?fname=http%3A%2F%2Ft1.daumcdn.net%2Flbook%2Fimage%2F5692993%3Ftimestamp%3D20260327123651
문학동네,소윤경 (지은이),<호텔 파라다이스> 소윤경 작가와의 만남 :그림책 강연,어린이(저학년),대면/미정,"활동/워크숍 그림책, creative",https://www.bookseed.kr/program/lecture/lecture_20260618102103542_c1176960,https://search1.kakaocdn.net/thumb/R120x174.q85/?fname=http%3A%2F%2Ft1.daumcdn.net%2Flbook%2Fimage%2F694516%3Ftimestamp%3D20250419113759
봄마중,"즐하 (지은이), 어수현 (그린이)",<레어템을 얻었습니다> 즐하 작가와의 만남 : 게임 속에서 나와 현실 레어템 찾기!,어린이(저학년),비대면,"활동/워크숍 문학, 독서활동",https://www.bookseed.kr/program/lecture/lecture_20260617192629729_8e409607,
창비교육,"강인송 (지은이), 김성라 (그림)",<그래서 그랬어> 강인송 작가와의 만남,어린이(저학년),비대면,일반 강연 문학,https://www.bookseed.kr/program/lecture/lecture_20260616153445630_2f02dab0,
책읽는곰,"최원형 (지은이), 이시누 (그림)",<라면을 먹으면 숲이 사라져> 최원형 작가와의 만남,어린이(저학년),비대면,"일반 강연 과학, 기타",https://www.bookseed.kr/program/lecture/lecture_20260616152846005_a6e0ed7e,
어크로스주니어,"다영 (지은이), 김혜원 (그림)",<좋은 친구 도감 - 친구 사이가 술술 풀리는 비밀> 다영 작가와의 만남,어린이(저학년),비대면,"일반 강연 교양/문화, 사회",https://www.bookseed.kr/program/lecture/lecture_20260616083131894_54b50d94,
서사원주니어,박세랑 (지은이),<참 좋은 어린이 도감> 박세랑 작가와의 만남,어린이(저학년),비대면,일반 강연 교양/문화,https://www.bookseed.kr/program/lecture/lecture_20260615144520335_730ea0c6,
창비,"이한준 (지은이), 유설화 (그림)",<노란 프라이팬> 이한준 작가와의 만남,어린이(저학년),비대면,"일반 강연 문학, creative",https://www.bookseed.kr/program/lecture/lecture_20260609142200397_334beef7,https://search1.kakaocdn.net/thumb/R120x174.q85/?fname=http%3A%2F%2Ft1.daumcdn.net%2Flbook%2Fimage%2F533503%3Ftimestamp%3D20231124173926
창비,"김응 (지은이), 박정섭 (그림)",<똥개가 잘 사는 법> 김응 작가와의 만남 :걱정 먹는 동시,어린이(저학년),대면/미정,"일반 강연 문학, creative",https://www.bookseed.kr/program/lecture/lecture_20260609134913994_6a093e05,
창비,"임은정 (지은이), 나오미양 (그림)",<별아와 딸깍 마녀> 임은정 작가와의 만남 :내 마음 속 지도 만들기,어린이(저학년),대면/미정,"창작 philosophy, creative",https://www.bookseed.kr/program/lecture/lecture_20260609134425129_ffb25a4c,
창비,"김유진 (지은이), 서영아 (그림)",<뽀뽀의 힘> 김유진 작가와의 만남 :동시 이야기,어린이(저학년),대면/미정,"일반 강연 문학, creative",https://www.bookseed.kr/program/lecture/lecture_20260609132945195_1f49341b,https://search1.kakaocdn.net/thumb/R120x174.q85/?fname=http%3A%2F%2Ft1.daumcdn.net%2Flbook%2Fimage%2F533218%3Ftimestamp%3D20241207113500
창비,"임정자 (지은이), 이형진 (그림)",<어두운 계단에서 도깨비가> 임정자 작가와의 만남,어린이(저학년),비대면,"일반 강연 문학, creative",https://www.bookseed.kr/program/lecture/lecture_20260609131039173_9622df9b,
사계절,강현선 (지은이),<여름방학> 강현선 작가와의 만남 :그림책 워크숍,어린이(저학년),비대면,"일반 강연 그림책, 문학",https://www.bookseed.kr/program/lecture/lecture_20260609130416300_7d161d60,https://search1.kakaocdn.net/thumb/R120x174.q85/?fname=http%3A%2F%2Ft1.daumcdn.net%2Flbook%2Fimage%2F5823324%3Ftimestamp%3D20260626120857
글로연,한기현 (지은이),<잠자리 편지> 한기현 작가와의 만남 :소원잠자리를 만들어요!,어린이(저학년),비대면,"활동/워크숍 art, creative",https://www.bookseed.kr/program/lecture/lecture_20260609111409556_b2945184,
글로연,지은 (지은이),<위대한 아파투라일리아> 지은 작가와의 만남 :작은 세계에선 어떤 친구들이 살까요,어린이(저학년),대면/미정,"창작 그림책, creative",https://www.bookseed.kr/program/lecture/lecture_20260609105207223_0d9a4cba,
어크로스주니어,"방미진 (지은이), 김정진 (그림)",<잔소리탈출연구소 5 - 엉망진창 정리력을 구하라> 방미진 작가와의 만남,어린이(저학년),비대면,"일반 강연 교양/문화, 인문",https://www.bookseed.kr/program/lecture/lecture_20260608143344204_b859b9ba,
창비,"장수민 (지은이), 가애 (그림)",『헛다리 너 형사』 장수민 작가와의 만남 : 우린 모두 달라요!,어린이(저학년),대면/미정,"일반 강연 문학, 인문",https://www.bookseed.kr/program/lecture/lecture_20260604150352068_172adb95,
북멘토(도서출판),"이나영 (지은이), 수련 (그림)",<구리구리구리는 참지 않아! - 방방구리의 학교에서 똥 누기> 이나영 작가와의 만남 : 참지 않아도 괜찮아,어린이(저학년),비대면,"일반 강연 문학, 기타",https://www.bookseed.kr/program/lecture/lecture_20260602192122021_5abe798b,
창비,송혜승 (지은이),『나무를 만져 보세요』 송혜승 작가와의 만남 :눈을 감고 나무를 만져 보세요,어린이(저학년),비대면,"활동/워크숍 그림책, 문학",https://www.bookseed.kr/program/lecture/lecture_20260602154126301_9ca477fb,
창비,송혜승 (지은이),『계절을 만져 보세요』 송혜승 작가와의 만남 :예술 감각을 키우는 미술 놀이,어린이(저학년),비대면,"활동/워크숍 art, creative",https://www.bookseed.kr/program/lecture/lecture_20260602153857478_b31a217d,
창비,"한윤섭 (지은이), 홍정선 (그림)",『우리 동네 전설은』 한윤섭 작가와의 만남,어린이(저학년),대면/미정,"일반 강연 문학, creative",https://www.bookseed.kr/program/lecture/lecture_20260602153431545_0bec6904,https://search1.kakaocdn.net/thumb/R120x174.q85/?fname=http%3A%2F%2Ft1.daumcdn.net%2Flbook%2Fimage%2F532845%3Ftimestamp%3D20250531114454
창비,옥희진 (지은이),『두두와 새 친구』 옥희진 작가와의 만남,어린이(저학년),비대면,"활동/워크숍 그림책, 문학",https://www.bookseed.kr/program/lecture/lecture_20260602151846880_e2c5cbff,
창비,국지승 (지은이),『바로의 여행』 국지승 작가와의 만남 :바로와 함께 여권 만들기,어린이(저학년),대면/미정,"활동/워크숍 그림책, 문학",https://www.bookseed.kr/program/lecture/lecture_20260602144813127_95fbb366,
창비,국지승 (지은이),『아빠와 호랑이 버스』 국지승 작가와의 만남 :뒷이야기 창작하기(그림책 만들기),어린이(저학년),대면/미정,"활동/워크숍 그림책, 문학",https://www.bookseed.kr/program/lecture/lecture_20260602144504885_5b480124,
창비,"최양선 (지은이), 오정택 (그림)",『지도에 없는 마을』 최양선 작가와의 만남,어린이(저학년),비대면,"일반 강연 문학, creative",https://www.bookseed.kr/program/lecture/lecture_20260602141220718_8690f898,https://search1.kakaocdn.net/thumb/R120x174.q85/?fname=http%3A%2F%2Ft1.daumcdn.net%2Flbook%2Fimage%2F533055%3Ftimestamp%3D20260101111056
사계절,정호선 (지은이),『앗! 피자』 정호선 작가와의 만남 :나만의 피자 만들기,어린이(저학년),비대면,"활동/워크숍 그림책, creative",https://www.bookseed.kr/program/lecture/lecture_20260601162200489_a1765c3f,
창비교육,"박현숙 (지은이), 박혜림 (그림)",『다잇소 잡화점』 베스트셀러 박현숙 작가와의 만남,어린이(저학년),비대면,일반 강연 문학,https://www.bookseed.kr/program/lecture/lecture_20260601133551482_c7ba63cf,
한림출판사,유진 (지은이),<드로잉 탐정단> 유진 작가와의 만남 :그림책과 함께하는 드로잉 놀이 1,어린이(저학년),비대면,"활동/워크숍 그림책, 문학",https://www.bookseed.kr/program/lecture/lecture_20260528110100346_748bcd2a,
창비,"원유순 (지은이), 김세현 (그림)",『열 평 아이들』 원유순 작가와의 만남 :보람 아파트 아이들의 삶과 희망,어린이(저학년),대면/미정,"일반 강연 문학, creative",https://www.bookseed.kr/program/lecture/lecture_20260528104828749_1211ce4b,
주니어RHK(주니어랜덤),"원유순 (지은이), 윤태규 (그림)",<책 무덤에 사는 생쥐> 원유순 작가와의 만남 :독서의 중요성,어린이(저학년),대면/미정,"일반 강연 문학, philosophy",https://www.bookseed.kr/program/lecture/lecture_20260528104552652_3ea46a02,
열린어린이,"유하정 (지은이), 최지미 (그림)","<구름 배꼽> 유하정 작가와의 만남 :나도 시인, 詩詩한 상상(상상력은 어떻게 시가 될까?)",어린이(저학년),비대면,"일반 강연 문학, creative",https://www.bookseed.kr/program/lecture/lecture_20260528103808466_0796f64b,https://search1.kakaocdn.net/thumb/R120x174.q85/?fname=http%3A%2F%2Ft1.daumcdn.net%2Flbook%2Fimage%2F5156080%3Ftimestamp%3D20220803231456
창비,"전수경 (지은이), 윤봉선 (그림)",『아빠랑 안 맞아!』 전수경 작가와의 만남,어린이(저학년),비대면,"일반 강연 문학, creative",https://www.bookseed.kr/program/lecture/lecture_20260527131542912_ed771748,https://search1.kakaocdn.net/thumb/R120x174.q85/?fname=http%3A%2F%2Ft1.daumcdn.net%2Flbook%2Fimage%2F6218516%3Ftimestamp%3D20250205153714
창비,"유강희 (지은이), 가애(정가애) (그림)",『손바닥 동시』 유강희 작가와의 만남,어린이(저학년),비대면,"일반 강연 creative, 문학",https://www.bookseed.kr/program/lecture/lecture_20260527095642180_d000b870,https://search1.kakaocdn.net/thumb/R120x174.q85/?fname=http%3A%2F%2Ft1.daumcdn.net%2Flbook%2Fimage%2F6492470%3Ftimestamp%3D20240606150743
창비,"유강희 (지은이), 가애(정가애) (그림)",『달팽이가 느린 이유』 유강희 작가와의 만남,어린이(저학년),비대면,"일반 강연 creative, 문학",https://www.bookseed.kr/program/lecture/lecture_20260527095410430_8f4d98e3,https://search1.kakaocdn.net/thumb/R120x174.q85/?fname=http%3A%2F%2Ft1.daumcdn.net%2Flbook%2Fimage%2F5912855%3Ftimestamp%3D20231124150513
잇츠북어린이,"이인희 (지은이), 송진욱 (그림)",<별똥 소원 상담소> 이인희 작가와의 만남 : 책마트폰의 비밀 - 좋은 습관과 관계를 만드는 이야기,어린이(저학년),비대면,"일반 강연 creative, 문학",https://www.bookseed.kr/program/lecture/lecture_20260527094439096_12cfd404,
창비,권재원 (지은이),"『리코더를 불자』 권재원 작가와의 만남 :즐겁게, 즐겁게",어린이(저학년),비대면,"일반 강연 art, 사회",https://www.bookseed.kr/program/lecture/lecture_20260527094129486_b83652c2,
창비,권재원 (지은이),『살까? 말까?』 권재원 작가와의 만남 :살까? 말까? 함께 고민해요,어린이(저학년),대면/미정,"일반 강연 사회, 과학",https://www.bookseed.kr/program/lecture/lecture_20260527093646718_ca2857b1,
파란자전거,박유진 (지은이),<우리 집에 왜 왔어!> 박유진 작가와의 만남 : 서로 달라도 우리는 친구!,어린이(저학년),대면/미정,"활동/워크숍 그림책, 사회",https://www.bookseed.kr/program/lecture/lecture_20260527093600314_08d0c642,
창비,"이은정 (지은이), 윤정주 (그림)","『목기린 씨, 타세요!』 이은정 작가와의 만남",어린이(저학년),대면/미정,"일반 강연 creative, 문학",https://www.bookseed.kr/program/lecture/lecture_20260522163819637_ed30fc7d,
이야기상회,종종 (지은이),<평범한 식빵> 종종 작가와의 만남,어린이(저학년),비대면,"독서 creative, art",https://www.bookseed.kr/program/lecture/lecture_20260521204337303_c8452eed,
창비,정현진 (지은이),『토끼전 대 호랑전』 정현진 작가와의 만남,어린이(저학년),비대면,"일반 강연 그림책, 문학",https://www.bookseed.kr/program/lecture/lecture_20260521160649440_8ba6dc47,
창비,"임수현 (지은이), 오윤화 (그림)",『코뿔소 모자 씌우기』 임수현 작가와의 만남,어린이(저학년),대면/미정,"일반 강연 문학, creative",https://www.bookseed.kr/program/lecture/lecture_20260521155225785_9bdfdef0,
창비,"채인선 (지은이), 강을순 (그림)",『그 도마뱀 친구가 뜨개질을 하게 된 사연』 채인선 작가와의 만남,어린이(저학년),비대면,"일반 강연 문학, creative",https://www.bookseed.kr/program/lecture/lecture_20260521135828916_07d50d46,
창비,하민석 (지은이),『탐정 칸 :부리부리단의 습격』 하민석 작가와의 만남 :만화 그리기 워크숍,어린이(저학년),비대면,"창작 creative, 기타",https://www.bookseed.kr/program/lecture/lecture_20260521135123375_d7714455,https://search1.kakaocdn.net/thumb/R120x174.q85/?fname=http%3A%2F%2Ft1.daumcdn.net%2Flbook%2Fimage%2F6221015%3Ftimestamp%3D20231124145357
개암나무,"이수용 (지은이), 이갑규 (그림)",<용돈 몰아주기 내기 어때?＞ 이수용 작가와의 만남 : 돈을 현명하게 다루는 지혜,어린이(저학년),비대면,"일반 강연 인문, 사회",https://www.bookseed.kr/program/lecture/lecture_20260521113924960_6ce2a6ed,
창비,"송언 (지은이), 김유대 (그림)",『마법사 똥맨』 송언 작가와의 만남,어린이(저학년),대면/미정,"일반 강연 creative, 기타",https://www.bookseed.kr/program/lecture/lecture_20260520163107876_a58b2bcd,
제제의숲,구삼영 (지은이),<엄마들은 다 그래> 구삼영 작가와의 만남:우리들은 다 그래,어린이(저학년),비대면,"창작 그림책, 교과",https://www.bookseed.kr/program/lecture/lecture_20260520154016330_9a4797ec,
고래뱃속,박광명 (지은이),<토닥토닥 가을이불> 박광명 작가와의 만남,어린이(저학년),비대면,독서 그림책,https://www.bookseed.kr/program/lecture/lecture_20260520140746591_f2947d1a,
시공주니어,"강인송 (지은이), 민키 (그림)",<사랑하면 다 애기야> 강인송 작가와의 만남,어린이(저학년),비대면,일반 강연 문학,https://www.bookseed.kr/program/lecture/lecture_20260520131427079_fd4d9862,
노란상상,오하나 (지은이),<사과하려 했는데> 오하나 작가와의 만남,어린이(저학년),비대면,"창작 문학, 그림책",https://www.bookseed.kr/program/lecture/lecture_20260520085658250_171968eb,
와이즈만북스,"장경아 (지은이), 김종채 (그림), 와이즈만 영재교육연구소 (감수)",<꽁멍꽁멍 그림수학 1> 장경아 작가와의 만남,어린이(저학년),대면/미정,일반 강연 기타,https://www.bookseed.kr/program/lecture/lecture_20260519113859721_a0192083,
와이즈만북스,"이정모, 최향숙 (지은이), 김고은 (그림), 와이즈만 영재교육연구소 (감수)",<경이로운 생명 탐험> 이정모 작가와의 만남,어린이(저학년),대면/미정,일반 강연 과학,https://www.bookseed.kr/program/lecture/lecture_20260519112508581_8ac645eb,https://search1.kakaocdn.net/thumb/R120x174.q85/?fname=http%3A%2F%2Ft1.daumcdn.net%2Flbook%2Fimage%2F7107058%3Ftimestamp%3D20260411121714
책고래,아우야요 (지은이),<박치기 양> 아우야요 작가와의 만남,어린이(저학년),대면/미정,독서 그림책,https://www.bookseed.kr/program/lecture/lecture_20260517151839357_ce488e0b,
창비,강효선 (지은이),『아장아장 사계절』 강효선 작가와의 만남 :나만의 계절 에코백 만들기,어린이(저학년),비대면,"활동/워크숍 그림책, 문학",https://www.bookseed.kr/program/lecture/lecture_20260515152623011_31cba928,https://search1.kakaocdn.net/thumb/R120x174.q85/?fname=http%3A%2F%2Ft1.daumcdn.net%2Flbook%2Fimage%2F6996957%3Ftimestamp%3D20251221133601
창비,"김성진 (지은이), 김중석 (그림)",『엄마 사용법』 김성진 작가와의 만남,어린이(저학년),비대면,"일반 강연 creative, 문학",https://www.bookseed.kr/program/lecture/lecture_20260515135613806_7a1de033,
밝은미래,"정영재 (지은이), 김정진 (그림)",<이상한 쫀드기? 쫀드기!> 정영재 작가와의 만남,어린이(저학년),비대면,"활동/워크숍 독서활동, 문학",https://www.bookseed.kr/program/lecture/lecture_20260513165502982_6681edc2,
곰세마리,"박티팔 (지은이), 보람 (그림)",<점심때 뭐 먹었냐고 묻지 마라> 정신과 임상심리사와 함께 하는 관계/소통에 대한 이야기,어린이(저학년),비대면,"일반 강연 그림책, 문학",https://www.bookseed.kr/program/lecture/lecture_20260513141346939_2fc7e623,
창비,"정은정 (지은이), 유시연 (그림)",『아무거나 문방구』 정은정 작가와의 만남 : ‘이야기’의 힘,어린이(저학년),비대면,"일반 강연 writing, creative",https://www.bookseed.kr/program/lecture/lecture_20260513100555545_da2f35c5,
창비,"이신영 (지은이), 조승연 (그림)",『1학년은 처음이야』 이신영 작가와의 만남 :‘나’답게 시작하는 처음!,어린이(저학년),비대면,"일반 강연 문학, art",https://www.bookseed.kr/program/lecture/lecture_20260512115428919_ae2102c0,
창비,"윤성은 (지은이), 보람 (그림)",『너의 작은 친구 이지룡』 윤성은 작가와의 만남,어린이(저학년),대면/미정,"일반 강연 문학, art",https://www.bookseed.kr/program/lecture/lecture_20260512114340364_8b3af0b1,
창비,윤강미 (지은이),『달빛 조각』 윤강미 작가와의 만남 :자연과 인간이 공존하는 세상,어린이(저학년),비대면,"일반 강연 그림책, 문학",https://www.bookseed.kr/program/lecture/lecture_20260512114004891_bd93fbbc,https://search1.kakaocdn.net/thumb/R120x174.q85/?fname=http%3A%2F%2Ft1.daumcdn.net%2Flbook%2Fimage%2F5824312%3Ftimestamp%3D20260410120644
창비,윤강미 (지은이),『나무가 자라는 빌딩』 윤강미 작가와의 만남 :자연과 인간이 공존하는 세상,어린이(저학년),비대면,"일반 강연 그림책, creative",https://www.bookseed.kr/program/lecture/lecture_20260512113739494_357a8edb,https://search1.kakaocdn.net/thumb/R120x174.q85/?fname=http%3A%2F%2Ft1.daumcdn.net%2Flbook%2Fimage%2F4857465%3Ftimestamp%3D20250605131243
창비,"김유 (지은이), 오정택 (그림)",『내 이름은 구구 스니커즈』 김유 작가와의 만남 :동화랑 놀자! (어린이 저학년 대상),어린이(저학년),비대면,"일반 강연 creative, 문학",https://www.bookseed.kr/program/lecture/lecture_20260512110804990_80c0b020,
창비,"고재현 (지은이), 조경규 (그림)",『귀신 잡는 방구 탐정』 고재현 작가와의 만남,어린이(저학년),대면/미정,"일반 강연 문학, creative",https://www.bookseed.kr/program/lecture/lecture_20260512104043696_9af1e281,https://search1.kakaocdn.net/thumb/R120x174.q85/?fname=http%3A%2F%2Ft1.daumcdn.net%2Flbook%2Fimage%2F533813%3Ftimestamp%3D20231124152702
창비,"고재현 (지은이), 조경규 (그림)",『괴물 쫓는 방구 탐정』 고재현 작가와의 만남,어린이(저학년),대면/미정,"일반 강연 문학, art",https://www.bookseed.kr/program/lecture/lecture_20260512103814279_9fd6a8d7,https://search1.kakaocdn.net/thumb/R120x174.q85/?fname=http%3A%2F%2Ft1.daumcdn.net%2Flbook%2Fimage%2F533062%3Ftimestamp%3D20231124172356
바우솔,"이승민 (지은이), 온수 (그림)",<고양이 제제의 학교생활 1~2 세트 - 전2권> 이승민 작가와의 만남,어린이(저학년),비대면,"일반 강연 문학, creative",https://www.bookseed.kr/program/lecture/lecture_20260512092603618_20ba27b9,
샘터사,"정혜원 (지은이), 손미현 (옮긴이)",돈으로 살 수 없는 가치: <뭐든지 바꿔 줍니다> 정혜원 작가와의 만남,어린이(저학년),비대면,"일반 강연 인문, 문학",https://www.bookseed.kr/program/lecture/lecture_20260511132547767_cc930ce5,
특서주니어(특별한서재),"박현숙 (지은이), 김진아 (그림)","<그러니까 비밀이야> 박현숙 작가와의 만남 : 말과 소문, 관계와 우정에 대한 다정한 외침!",어린이(저학년),비대면,일반 강연 문학,https://www.bookseed.kr/program/lecture/lecture_20260508120722501_b1e61f43,
국민서관,박아림 (지은이),<하루 종일 네 생각> 박아림 작가와의 만남,어린이(저학년),비대면,"활동/워크숍 독서활동, creative",https://www.bookseed.kr/program/lecture/lecture_20260506141300305_d42ca920,
반달서재,"금수정 (지은이), 이수현 (그림)",<특명! 젓가락 챌린지> 금수정 작가와의 만남,어린이(저학년),비대면,"일반 강연 문학, creative",https://www.bookseed.kr/program/lecture/lecture_20260506102804790_8300865c,
보리,"고정욱 (지은이), 김주경 (그림)",<역사의 한 장면 속으로> 고정욱 작가와의 만남 : 역사 이야기 강연,어린이(저학년),비대면,"일반 강연 사회, 교과",https://www.bookseed.kr/program/lecture/lecture_20260504141825515_8b29d376,
다림,"김지영 (지은이), 이수영 (그림)",<거짓말 도사> 김지영 작가와의 만남 : 창작 후기와 진짜 거짓말 도사 되기,어린이(저학년),비대면,"활동/워크숍 독서활동, 문학",https://www.bookseed.kr/program/lecture/lecture_20260504122012081_209cf112,
밝은미래,"류미정 (지은이), 손수정 (그림)",<생일엔 마라탕 8> 류미정 작가와의 만남,어린이(저학년),비대면,"활동/워크숍 writing, 문학",https://www.bookseed.kr/program/lecture/lecture_20260430101211562_32784f45,
꼬마이실,"상자 (지은이), 이수연 (그림)",<늑대보다 무서운> 상자 작가와의 만남 : 서로의 이기심을 평화와 화합의 용기로 극복해 보아요,어린이(저학년),비대면,"일반 강연 문학, 그림책",https://www.bookseed.kr/program/lecture/lecture_20260429110526851_30f8866e,
다정한시민,"소준철 (지은이), 조원희 (그림)",<함께 행복한 세상이 너무 멀어> 소준철 작가와의 만남 : 함께 행복한 세상을 만들어 가요!,어린이(저학년),비대면,"일반 강연 사회, 교양/문화",https://www.bookseed.kr/program/lecture/lecture_20260427160552519_504eea2b,
기린미디어,박주현 (지은이),"<공기놀이할 사람, 여기 여기 모여라!> 박주현 작가와의 만남",어린이(저학년),비대면,활동/워크숍 그림책,https://www.bookseed.kr/program/lecture/lecture_20260427104216771_a8753843,
제제의숲,"즐하 (지은이), 박우희 (그림)",<만두 만두 그럴 만두> 즐하 작가와의 만남 : 상대방 감정에 공감하는 따끈한 말 (사회정서학습),어린이(저학년),비대면,"창작 문학, creative",https://www.bookseed.kr/program/lecture/lecture_20260427093907904_8e2a2862,
창비,곽수진 (지은이),<유령은 이사 중!> 곽수진 작가와의 만남 :볼로냐 국제아동도서전 수상 작가와의 만남,어린이(저학년),비대면,"일반 강연 art, 문학",https://www.bookseed.kr/program/lecture/lecture_20260427093804991_0f4a34d0,https://search1.kakaocdn.net/thumb/R120x174.q85/?fname=http%3A%2F%2Ft1.daumcdn.net%2Flbook%2Fimage%2F6736997%3Ftimestamp%3D20260719144334
창비,곽수진 (지은이),<고양이는 이사 중!> 곽수진 작가와의 만남,어린이(저학년),비대면,"일반 강연 그림책, career",https://www.bookseed.kr/program/lecture/lecture_20260427093608580_66b1a754,https://search1.kakaocdn.net/thumb/R120x174.q85/?fname=http%3A%2F%2Ft1.daumcdn.net%2Flbook%2Fimage%2F6505396%3Ftimestamp%3D20251111153442
기린미디어,민아원 (지은이),<보통> 민아원 작가와의 만남,어린이(저학년),비대면,독서 그림책,https://www.bookseed.kr/program/lecture/lecture_20260424094916311_21a25be7,
가나출판사,"이은화 (지은이), 정진희 (그림)",<그림이 말을 거는 세계 미술관 사전 - 정말 이렇게 그려졌다고요?> 이은화 작가와의 만남,어린이(저학년),대면/미정,일반 강연 art,https://www.bookseed.kr/program/lecture/lecture_20260422172325449_6a24d9d5,
보랏빛소어린이,"이명희 (지은이), 정은선 (그림)",<빙글빙글 무인 문구점> 이명희 작가와의 만남,어린이(저학년),비대면,"활동/워크숍 문학, 사회",https://www.bookseed.kr/program/lecture/lecture_20260422164804341_da3dc6d6,
발견(키즈엠),"유청 (지은이), 최산호 (그림)",<고래 낙하> 유청 작가와의 만남 : 고래 숲 키링 or 심해 별 만들기,어린이(저학년),대면/미정,"활동/워크숍 그림책, 과학",https://www.bookseed.kr/program/lecture/lecture_20260421152316011_6465e511,
다산어린이,"김지훤 (지은이), 윈미 (그림)",<퐁퐁팡팡 어린이 카페> 김지훤 작가와의 만남,어린이(저학년),대면/미정,일반 강연 그림책,https://www.bookseed.kr/program/lecture/lecture_20260420141215482_c2ae70db,https://search1.kakaocdn.net/thumb/R120x174.q85/?fname=http%3A%2F%2Ft1.daumcdn.net%2Flbook%2Fimage%2F7172021%3Ftimestamp%3D20260412120834
다산어린이,"최도영 (지은이), 윤담요 (그림)",<방귀 요정 뿡뿌> 최도영 작가와의 만남,어린이(저학년),비대면,일반 강연 문학,https://www.bookseed.kr/program/lecture/lecture_20260420135012660_62b5dbf3,
키즈엠,"천미진 (지은이), 정빛나 (그림)",<추석 전날 달밤에> 천미진 작가와의 만남 : 추석 그림책 읽고 '소원 송편' 만들기 (클레이 놀이),어린이(저학년),비대면,"독서 그림책, 독서활동",https://www.bookseed.kr/program/lecture/lecture_20260420091939004_f044baee,
책빛,"셰르스티 안네스다테르 스콤스볼 (지은이), 마리 칸스타 욘센 (그림), 손화수 (옮긴이)",<수영새> 나다울 낭독자와의 만남,어린이(저학년),대면/미정,"활동/워크숍 독서활동, 그림책",https://www.bookseed.kr/program/lecture/lecture_20260420085127157_cd97dc27,
내일도맑음,"신은영 (지은이), 김정진 (그림)",<신용꽝의 신용 통장> 신은영 작가와의 만남 : 용 있는 어린이가 되는 법,어린이(저학년),비대면,일반 강연 문학,https://www.bookseed.kr/program/lecture/lecture_20260417125722371_d3f2cab1,
창비,유태은 (지은이),<사랑이 반짝이는 정원> 유태은 작가와의 만남,어린이(저학년),비대면,"일반 강연 문학, art",https://www.bookseed.kr/program/lecture/lecture_20260416163537034_747665a7,
창비,"온선영 (지은이), 홍주연 (그림)",『양배추를 응원해 주세요』 온선영 작가와의 만남,어린이(저학년),비대면,"일반 강연 문학, art",https://www.bookseed.kr/program/lecture/lecture_20260416095626528_faf22f70,
창비교육,"황지영 (지은이), 조영글 (그림)",<큰눈이 사무소 : 반짝 마을의 비밀> 황지영 작가와의 만남,어린이(저학년),비대면,"일반 강연 문학, 교과",https://www.bookseed.kr/program/lecture/lecture_20260415144638301_397a8cbe,
봄마중,"김보경 (지은이), 천현정 (그림)",<고스트 퀴즈왕> 김보경 작가와의 만남,어린이(저학년),대면/미정,"일반 강연 문학, creative",https://www.bookseed.kr/program/lecture/lecture_20260415124858630_5ee22076,
소원나무,"금수정 (지은이), 해랑 (그림)","<우정 머니를 충전합니다> 금수정 작가와의 만남 : 친구와의 갈등 해결, 관계 회복을 위한 특급 비밀!",어린이(저학년),비대면,일반 강연 문학,https://www.bookseed.kr/program/lecture/lecture_20260414111144450_2cf326a9,
책읽는곰,"함지슬 (지은이), 허아성 (그림)",<맛 탐정 림보와 사라진 요리책> 함지슬 작가와의 만남,어린이(저학년),대면/미정,"일반 강연 문학, creative",https://www.bookseed.kr/program/lecture/lecture_20260411230054009_64b62287,
책읽는곰,"함지슬 (지은이), 김진희 (그림)","<떨어져라, 떨어져, 찰딱폰!> 함지슬 작가와의 만남",어린이(저학년),비대면,"활동/워크숍 문학, creative",https://www.bookseed.kr/program/lecture/lecture_20260411221329055_811f13eb,
잇츠북어린이,"정유리 (지은이), 추현수 (그림)",<마스크> 정유리 작가와의 만남: ‘진짜’와 ‘가짜’,어린이(저학년),비대면,"일반 강연 creative, 문학",https://www.bookseed.kr/program/lecture/lecture_20260410100412247_b149c446,
서사원주니어,"권귀헌 (지은이), 박소현 (그림)",<하루 한 장 가치 필사> 권귀헌 작가와의 만남,어린이(저학년),비대면,일반 강연 writing,https://www.bookseed.kr/program/lecture/lecture_20260409174714045_a255a122,
서사원주니어,김보라 (지은이),<완주 긍정 확언 따라 쓰기> 김보라 작가와의 만남,어린이(저학년),대면/미정,일반 강연 writing,https://www.bookseed.kr/program/lecture/lecture_20260409174437229_fda1b574,
서사원주니어,"이다희 (지은이), 조성호 (그림)",<똑똑하게 소리 내어 읽는 문해력 1 : 생활문 - 똑똑지미쌤의 저학년 읽기 유창성 프로그램> 이다희 작가와의 만남,어린이(저학년),대면/미정,일반 강연 독서활동,https://www.bookseed.kr/program/lecture/lecture_20260409173800393_d0291a81,
빨간콩,나나 (지은이),<길이 생겼어> 나나 작가와의 만남,어린이(저학년),비대면,"활동/워크숍 그림책, 과학",https://www.bookseed.kr/program/lecture/lecture_20260403154029971_c1ae74db,
풀과바람(영교출판),민키 (지은이),<우리 마을에는 100마리가 살아요> 민키 작가와의 만남,어린이(저학년),비대면,일반 강연 그림책,https://www.bookseed.kr/program/lecture/lecture_20260402154018273_95b2cf8a,
바우솔,홀링 (지은이),<수영장과 목욕탕> 홀링 작가와의 만남 :워터시퀴시 만들기,어린이(저학년),비대면,독서 그림책,https://www.bookseed.kr/program/lecture/lecture_20260402153354933_35068913,https://search1.kakaocdn.net/thumb/R120x174.q85/?fname=http%3A%2F%2Ft1.daumcdn.net%2Flbook%2Fimage%2F7175389%3Ftimestamp%3D20260318124543
"미래아이(미래M&B,미래엠앤비)","윤정 (지은이), 최원선 (그림)",<천재 햄스터 또랑이> 윤정 작가와의 만남 :서로 배우고 도우며 자라나는 우리,어린이(저학년),비대면,일반 강연 문학,https://www.bookseed.kr/program/lecture/lecture_20260331163120775_eaa8709d,
봄소풍,"즐하 (지은이), 유영근 (그림)",<도넛 쏘고 슈퍼 히어로> 즐하 작가와의 만남,어린이(저학년),비대면,창작 문학,https://www.bookseed.kr/program/lecture/lecture_20260331125752415_170dc811,
주니어RHK(주니어랜덤),"송미경 (지은이), 엘리 (그림)",<지니의 숫자 노래> 송미경 작가와의 만남,어린이(저학년),대면/미정,"일반 강연 문학, 교과",https://www.bookseed.kr/program/lecture/lecture_20260330080156807_6c4ee362,
책읽는곰,"이현아 (지은이), 차야다 (그림)","<나 안 할래> 이현아 저자와의 만남 :두려움을 극복하기, 인정하기, 용기내기",어린이(저학년),비대면,"일반 강연 교과, 독서활동",https://www.bookseed.kr/program/lecture/lecture_20260325211151073_65293b96,
잇츠북어린이,"소연 (지은이), 김주경 (그림)",<구리구리 해결사> 소연작가와의 만남 : 내 안의 용기 찾기,어린이(저학년),대면/미정,"일반 강연 문학, 교과",https://www.bookseed.kr/program/lecture/lecture_20260325170538814_b6401f92,
잇츠북,강민경,<아드님 진지드세요> 강민경 작가와의 만남 :말은 힘이 세다,어린이(저학년),비대면,일반 강연 문학,https://www.bookseed.kr/program/lecture/lecture_20260325135544226_2a3dfc27,
북극곰,"이루리 (지은이), 송은실 (그림)","<달님, 왜 따라와요? : 방콕> 이루리 작가와의 만남",어린이(저학년),비대면,"일반 강연 문학, 교양/문화",https://www.bookseed.kr/program/lecture/lecture_20260324093836225_d4162853,
슈크림북,"김경미 (지은이), 이창우 (그림)","<헌 자전거 줄게, 새 자전거 다오> 김경미 작가와의 만남 : 물건 소중히 여기기",어린이(저학년),대면/미정,"일반 강연 문학, creative",https://www.bookseed.kr/program/lecture/lecture_20260320013550490_88d41c33,
슈크림북,"김경미 (지은이), 심보영 (그림)",<하루 보관소> 김경미 저자와의 만남 : 책임지는 마음 갖기,어린이(저학년),대면/미정,"일반 강연 문학, creative",https://www.bookseed.kr/program/lecture/lecture_20260320013221048_2d3b2e8d,
위즈덤하우스,장아영 (지은이),<맨날맨날 착하기 싫어> 장아영 작가와의 만남,어린이(저학년),대면/미정,others 그림책,https://www.bookseed.kr/program/lecture/lecture_20260319184627383_bde6c94b,
나는별,"김성은 (지은이), 김진희 (그림)","<떡볶이,맛나다> 김진희 작가와의 만남 :상상 속 떡볶이 워터파크 지도 만들기",어린이(저학년),비대면,"창작 그림책, 문학",https://www.bookseed.kr/program/lecture/lecture_20260319150822604_a500f995,
고래뱃속,박광명 (지은이),<대단한 밥> 박광명 작가와의 만남,어린이(저학년),대면/미정,"활동/워크숍 그림책, creative",https://www.bookseed.kr/program/lecture/lecture_20260319134816473_7e30be8c,
한림출판사,이주희 (지은이),<고민 식당> 이주희 저자와의 만남 :고민이 있나요? 고민 식당으로 오세요,어린이(저학년),대면/미정,활동/워크숍 그림책,https://www.bookseed.kr/program/lecture/lecture_20260318175215557_ad82ae6b,
다림,"정보람 (지은이), 서수인 (그림)",<천만 유튜버 뿌직쿠 1> 정보람 작가와의 만남,어린이(저학년),비대면,일반 강연 교과,https://www.bookseed.kr/program/lecture/lecture_20260318152852855_917a66e6,
노란돼지,김나다랑,<비밀 실내화> 김나다랑 작가와의 만남: 나만의 용기 실내화 만들기,어린이(저학년),비대면,"독서 문학, 독서활동",https://www.bookseed.kr/program/lecture/lecture_20260318101715989_fb4fc721,
다산어린이,"황선애 (지은이), 이주희 (그림)",<우리 사이 한 뼘 반> 황선애 작가와의 만남 :우리 우정은 몇 뼘일까요?,어린이(저학년),비대면,일반 강연 문학,https://www.bookseed.kr/program/lecture/lecture_20260316142857032_74c0ea09,
바람의아이들,"김미애 (지은이), 다나 (그림)",<구덩이에 빠졌어! - 2024년 문학나눔 선정> 김미애 작가와의 만남,어린이(저학년),비대면,독서 독서활동,https://www.bookseed.kr/program/lecture/lecture_20260316094100881_3894550b,
보랏빛소어린이,"한라경 (지은이), 민승지 (그림)",<전설의 가래떡> 함께 읽고 쫄깃한 활동하기 : 한라경 저자와의 만남,어린이(저학년),비대면,"활동/워크숍 그림책, creative",https://www.bookseed.kr/program/lecture/lecture_20260314211327204_24b58450,
토닥스토리,"유병록 (지은이), 벼레 (그림)",『멜론 몬스터 통통』 유병록 작가와의 만남,어린이(저학년),비대면,"일반 강연 문학, art",https://www.bookseed.kr/program/lecture/lecture_20260313124026837_75588b32,
창비,"나은 (지은이), 보람 (그림)",『팥빙수 눈사람 펑펑』 나은 작가와의 만남,어린이(저학년),대면/미정,"일반 강연 문학, art",https://www.bookseed.kr/program/lecture/lecture_20260313120607034_8fc7a237,https://search1.kakaocdn.net/thumb/R120x174.q85/?fname=http%3A%2F%2Ft1.daumcdn.net%2Flbook%2Fimage%2F6846557%3Ftimestamp%3D20260319124538
다봄,"연유진, 석혜원 (지은이), 이나무 (그림)",《똑똑하고 야무진 경제 습관 1》 연유진 저자와의 만남 :용돈으로 배우는 경제,어린이(저학년),비대면,"활동/워크숍 사회, 교과",https://www.bookseed.kr/program/lecture/lecture_20260313091629642_6ca60fdc,
곰곰,달수영 (지은이),<동당동> 달수영 작가와의 만남 : 나만의 소리로 세상을 물들이고 싶어,어린이(저학년),비대면,활동/워크숍 그림책,https://www.bookseed.kr/program/lecture/lecture_20260312160129811_e882c607,
특서주니어(특별한서재),"오미경 (지은이), 김다정 (그림)",<떠요떠요 할머니> 오미경 작가와의 만남 : 마법보다 강력한 아이들의 용기와 우정에 대하여!,어린이(저학년),비대면,일반 강연 문학,https://www.bookseed.kr/program/lecture/lecture_20260312120115825_b881c305,
북극곰,별여울 (지은이),<호호빵빵 달콤한 인생> 별여울 작가와의 만남,어린이(저학년),비대면,"일반 강연 문학, 그림책",https://www.bookseed.kr/program/lecture/lecture_20260310234734293_ac679df9,
북극곰,별여울 (지은이),<호호빵빵 달콤한 인생> 별여울 작가와의 만남 : 별여울의 골판지 매직 판타지 1인극,어린이(저학년),대면/미정,"독서 그림책, art",https://www.bookseed.kr/program/lecture/lecture_20260310232037689_b442db6c,
키큰도토리(어진교육),박초아 (지은이),<세상에서 가장 작은 집> 박초아 작가와의 만남 :그림책 몸짓 1인 인형극_스퀴시 만들기 or 집모양 저금통 만들기,어린이(저학년),대면/미정,창작 그림책,https://www.bookseed.kr/program/lecture/lecture_20260310152707771_a0dd9b45,
밝은미래,임다와 (지은이),"<찹찹> 임다와 작가와의 만남 :발이 큰 펭귄, 나의 다름은 특별한 거야!",어린이(저학년),비대면,"창작 그림책, art",https://www.bookseed.kr/program/lecture/lecture_20260310132915217_94a129cd,
천개의바람,진수경 (지은이),<귀신 세탁소> 진수경 작가와의 만남,어린이(저학년),대면/미정,"활동/워크숍 그림책, 문학",https://www.bookseed.kr/program/lecture/lecture_20260310084900719_99881f97,
라이카,이민희 (지은이),<하늘섬 코랄섬> : 산호 요정이야기,어린이(저학년),비대면,활동/워크숍 그림책,https://www.bookseed.kr/program/lecture/lecture_20260309154435329_6e610bb7,
라플란타,이선영 (지은이),<베베네 가족 여행은 이렇게> 이선영 작가와의 만남 : 2025년 경기도 우수출판물 제작지원 사업 선정작,어린이(저학년),비대면,"창작 문학, writing",https://www.bookseed.kr/program/lecture/lecture_20260306162023640_7abeb850,
다그림책(키다리),김성은 (지은이),<둘이 함께라면> 김성은 작가와의 만남,어린이(저학년),비대면,활동/워크숍 그림책,https://www.bookseed.kr/program/lecture/lecture_20260306161731216_ec052652,
라플란타,"메모 플라스틸리나 (지은이), 이아람 (옮긴이)",<에바사우루스> 이아람 번역가와의 만남,어린이(저학년),비대면,"활동/워크숍 교양/문화, 사회",https://www.bookseed.kr/program/lecture/lecture_20260306161008288_b2b59b5d,
한겨레아이들,"신지영 (지은이), 권용득 (그림)","<조영래, 사람을 사랑한 변호사> 신지영 작가와의 만남 :조영래 변호사와 함께하는 '마음 법정'",어린이(저학년),비대면,일반 강연 기타,https://www.bookseed.kr/program/lecture/lecture_20260306112035958_02bc1116,
한겨레아이들,"신지영 (지은이), 정문주 (그림)",<짜구 할매 손녀가 왔다> 신지영 작가와의 만남 :우리 동네 전설 탐험대 짜구 할매 손녀와 함께 쓰는 마을 이야기,어린이(저학년),비대면,일반 강연 기타,https://www.bookseed.kr/program/lecture/lecture_20260306111543141_dbb2668c,https://search1.kakaocdn.net/thumb/R120x174.q85/?fname=http%3A%2F%2Ft1.daumcdn.net%2Flbook%2Fimage%2F1182926%3Ftimestamp%3D20230519175814
옐로스톤,다린 (지은이),<나는 쇠똥구리다> 다린 작가와의 만남 :쇠똥구리가 들려주는 작지만 커다란 이야기,어린이(저학년),비대면,"활동/워크숍 교과, 그림책",https://www.bookseed.kr/program/lecture/lecture_20260304155722341_73d91fb9,
북멘토(도서출판),"신지영 (지은이), 강화경 (그림)","<아홉 살 리더십 멘토> 신지영 작가와의 만남 :아홉 살, 내 마음의 진짜가 나타났다",어린이(저학년),비대면,"활동/워크숍 교양/문화, 기타",https://www.bookseed.kr/program/lecture/lecture_20260303175107855_f08d21c4,
파란자전거,"김은주 (지은이), 이수현 (그림)","<박물관 탐정 삼토끼> 김은주 작가와의 만남 :다 같이 돌자, 박물관 한 바퀴!",어린이(저학년),비대면,"일반 강연 문학, 교양/문화",https://www.bookseed.kr/program/lecture/lecture_20260303102148163_b8efec75,
파란자전거,김기린 (지은이),<수리수리 마음 더듬이> 김기린 작가와의 만남 :마음 더듬이가 깨어났다! (보이지 않는 마음을 느끼는 시간),어린이(저학년),비대면,"활동/워크숍 그림책, 사회",https://www.bookseed.kr/program/lecture/lecture_20260303101209100_46f08fab,
계수나무,금민아 (지은이),<개나소나> 금민아 작가와의 만남 :그림책몸짓 1인 인형극,어린이(저학년),비대면,"활동/워크숍 그림책, 독서활동",https://www.bookseed.kr/program/lecture/lecture_20260227210057875_1ba3c08b,
지학사아르볼,"신지영 (지은이), 이경석 (그림)",<멍멍! 재판을 시작합니다!> 신지영 작가와의 만남,어린이(저학년),비대면,"활동/워크숍 교양/문화, 사회",https://www.bookseed.kr/program/lecture/lecture_20260227094539351_b78729cb,
창비,"오주영 (지은이), 김슬기 (그림)",『제비꽃 마을의 사계절』 오주영 작가와의 만남 :사계절 변화 속에 우정이 익어가요!,어린이(저학년),비대면,"일반 강연 문학, 교과",https://www.bookseed.kr/program/lecture/lecture_20260226222323528_4517b616,
계수나무,"박윤규 (지은이), 김종도 (그림)",<마구아구> 박윤규 작가와의 만남 :함께하는 선한 영향력에 대한 이야기,어린이(저학년),비대면,"일반 강연 그림책, writing",https://www.bookseed.kr/program/lecture/lecture_20260226190258152_aa506681,
마음이음,"오주영 (지은이), 조에스더 (그림)",『콩콩 밥 쿨쿨 카레 별 튀김』 오주영 작가와의 만남 :채소가 친근해지는 맛난 동화!,어린이(저학년),비대면,일반 강연 문학,https://www.bookseed.kr/program/lecture/lecture_20260226163446450_456f0adb,
북극곰,김미소진 (지은이),<똥 탈출기> 김미소진 작가의 몸짓 공연 (그림책 1인극),어린이(저학년),대면/미정,"활동/워크숍 문학, 그림책",https://www.bookseed.kr/program/lecture/lecture_20260226115652041_f517c22c,
사계절,"오주영 (지은이), 심보영 (그림)",『빨간 여우의 북극 바캉스』 오주영 작가와의 만남 :멸종위기동물과 환경에 대해 생각해요!,어린이(저학년),비대면,일반 강연 문학,https://www.bookseed.kr/program/lecture/lecture_20260226110421224_b89aa8ca,
주니어김영사,"신지영 (지은이), 정진희 (그림)",<퍼펙트 아이돌 클럽> 신지영 작가와의 만남 :교과서에서 튀어나온 랩스타! - 나를 찾는 랩 메이킹 클래스,어린이(저학년),비대면,활동/워크숍 문학,https://www.bookseed.kr/program/lecture/lecture_20260226100755039_89fedc71,
크레용하우스,"김민정 (지은이), 홍연시 (그림)",<초능력 소년 깡두> 김민정 작가와의 만남,어린이(저학년),비대면,"일반 강연 문학, 사회",https://www.bookseed.kr/program/lecture/lecture_20260225215805532_f57744ff,
서유재,"신지영 (지은이), 최현묵 (그림)",<바람을 달리는 아이들>신지영 작가와의 만남:내 마음의 바람을 찾아라!-미래항해지도 만들기,어린이(저학년),비대면,"활동/워크숍 문학, 사회",https://www.bookseed.kr/program/lecture/lecture_20260225165305974_a22ed75c,
소동,이승연 (지은이),바다의 상상을 그려보고 수평선을 이어보아요. <수평선 속으로> 이승연 작가와의 만남,어린이(저학년),비대면,활동/워크숍 그림책,https://www.bookseed.kr/program/lecture/lecture_20260224161657081_65fc3fff,
거북이북스,"김민정 (지은이), 이갑규 (그림)",<쓸모없는 나라의 프린스> 김민정 작가와의 만남,어린이(저학년),비대면,"일반 강연 문학, 사회",https://www.bookseed.kr/program/lecture/lecture_20260223230331686_514cfb28,
보리,"송아주 (지은이), 이서영 (그림)",<우리 반 걱정 탐정 차원희> 송아주 작가와의 만남,어린이(저학년),비대면,"일반 강연 문학, art",https://www.bookseed.kr/program/lecture/lecture_20260223165932530_f9ab6710,
소원나무,김지영 (지은이),<나무야 나무야> 김지영 작가와의 만남 :숲이 될 너에게,어린이(저학년),비대면,독서 문학,https://www.bookseed.kr/program/lecture/lecture_20260223164112289_1c6a919f,https://search1.kakaocdn.net/thumb/R120x174.q85/?fname=http%3A%2F%2Ft1.daumcdn.net%2Flbook%2Fimage%2F6600360%3Ftimestamp%3D20260425122627
책빛,"박티팔 (지은이), 그료 (그림)",정신과 임상심리사와 함께 하는 꿈과 성장에 관한 이야기_우리들의 시간은 빛나고 있어,어린이(저학년),비대면,"활동/워크숍 문학, 그림책",https://www.bookseed.kr/program/lecture/lecture_20260223122455944_c17aa92c,
책읽는곰,"김민정 (지은이), 김잔디 (그림)",<따라쟁이 아니거든!> 김민정 작가와의 만남,어린이(저학년),비대면,일반 강연 문학,https://www.bookseed.kr/program/lecture/lecture_20260219222743652_fd8021e7,
노는날,"김미희 (지은이), 박미나 (그림)","<똥 싼 바지, 사자성어 초능력이 생기다!> 작가와의 만남",어린이(저학년),비대면,일반 강연 문학,https://www.bookseed.kr/program/lecture/lecture_20260219084816909_97fa0ba8,
노는날,"김수미 (지은이), 유루시아 (그림)",<1학년이 된 너에게> 작가와의 만남,어린이(저학년),비대면,일반 강연 그림책,https://www.bookseed.kr/program/lecture/lecture_20260219084201434_be4f57fe,
노는날,"그랜트 스나이더 (지은이), 제님 (옮긴이)","<봄 여름 가을 겨울, 시와 함께> 작가와의 만남",어린이(저학년),비대면,창작 그림책,https://www.bookseed.kr/program/lecture/lecture_20260219083822110_5f20e031,
노는날,송태고 (지은이),<용궁 공주와 수박 빙수> 송태고 작가와의 만남,어린이(저학년),비대면,일반 강연 그림책,https://www.bookseed.kr/program/lecture/lecture_20260219081508021_311166cc,
노는날,"안오일 (지은이), 신진호 (그림)",<기억 공장> 작가와의 만남,어린이(저학년),비대면,일반 강연 그림책,https://www.bookseed.kr/program/lecture/lecture_20260219081139395_e9ddb6cb,
노는날,"송미정 (지은이), 이강인 (그림)",<고사리 봄봄> 작가와의 만남,어린이(저학년),비대면,일반 강연 그림책,https://www.bookseed.kr/program/lecture/lecture_20260219080747578_eb4f4459,
노는날,"동화쌤 (지은이), 박소영 (그림)",<책벌레의 비밀 응급실> 작가와의 만남,어린이(저학년),비대면,활동/워크숍 그림책,https://www.bookseed.kr/program/lecture/lecture_20260219080207766_f3ac4513,
노는날,"상자 (지은이), 박소영 (그림)",<고양만두> 상자 작가와의 만남,어린이(저학년),비대면,일반 강연 그림책,https://www.bookseed.kr/program/lecture/lecture_20260219075728108_74eec34c,
노는날,송태고 (지은이),<용궁 공주와 붕어빵> 송태고 작가와의 만남,어린이(저학년),비대면,일반 강연 그림책,https://www.bookseed.kr/program/lecture/lecture_20260219073538816_ffca343f,
내일도맑음,"윤정 (지은이), 유영근 (그림)",<박뽕남 할머니의 달콤한 생존 수영> 윤정 작가와의 만남,어린이(저학년),비대면,일반 강연 문학,https://www.bookseed.kr/program/lecture/lecture_20260214173726511_c1c2ac40,
내일도맑음,"류미정 (지은이), 명수경 (그림)",<신통방통 마법의 머리끈> 류미정 작가와의 만남,어린이(저학년),비대면,활동/워크숍 문학,https://www.bookseed.kr/program/lecture/lecture_20260214173041082_44f59a26,
노란돼지,백승임,"<넌 토끼가 아니야> 백승임 작가와의 만남: 달라서 더 재미있고 소중한, 우리는 모두 토끼야!",어린이(저학년),비대면,"활동/워크숍 그림책, 문학",https://www.bookseed.kr/program/lecture/lecture_20260212141730009_1edf4a0b,
노란돼지,금수정,"<심장이 고장 난 게 틀림없어> 금수정 작가와의 만남 :두근거리는 내 감정, 존중하고 표현하는 법",어린이(저학년),비대면,"활동/워크숍 문학, 인문",https://www.bookseed.kr/program/lecture/lecture_20260212132814559_5c040c0f,
한림출판사,"류미정 (지은이), 이은주 (그림)",<내 손에 행운 카드> 류미정 작가와의 만남,어린이(저학년),비대면,"일반 강연 문학, creative",https://www.bookseed.kr/program/lecture/lecture_20260211150811933_2e6b4f30,
마루비,"노수미 (지은이), 서영경 (그림)",<구해줘! 홍쓰 1> 노수미 작가와의 만남,어린이(저학년),비대면,일반 강연 문학,https://www.bookseed.kr/program/lecture/lecture_20260211110200636_709fc426,
봄마중,"김온 (지은이), 최경식 (그림)",<모기는 어떻게 똥꼬를 물었을까?> 김온 작가와의 만남,어린이(저학년),비대면,"일반 강연 문학, creative",https://www.bookseed.kr/program/lecture/lecture_20260209174540063_983253e4,
다봄,"허은미 (지은이), 소복이 (그림)",『친구를 만드는 커다란 귀』 허은미 작가와의 만남 :우정은 잘 듣는 데서 시작해요. (어린이 대상),어린이(저학년),비대면,"창작 그림책, 문학",https://www.bookseed.kr/program/lecture/lecture_20260209160305994_23841240,
반달서재,"홍민정 (지은이), 김도아 (그림)",<걱정 세탁소> 홍민정 작가와의 만남 :걱정을 세탁하면 행복할까요?,어린이(저학년),비대면,"일반 강연 문학, creative",https://www.bookseed.kr/program/lecture/lecture_20260209154329540_ac5a6014,
사회평론주니어,선호 (지은이),<털북숭이가 찾아왔다!> 선호 작가와의 만남,어린이(저학년),비대면,"독서 그림책, 독서활동",https://www.bookseed.kr/program/lecture/lecture_20260209134606119_63ee12de,
뜨인돌어린이,"서지원 (지은이), 김규택 (그림), 알토미 (기획)","<황룡의 속담 권법 4> 서지원 작가와의 만남 :K-무협 판타지로 어휘력과 문해력, 두 마리 토끼를 한 번에!",어린이(저학년),비대면,"독서 독서활동, writing",https://www.bookseed.kr/program/lecture/lecture_20260206192959979_bd1998f0,
반달서재,"장희주 (지은이), 유지우 (그림)",<똥냥이의 말발 처방전> 장희주 작가와의 만남,어린이(저학년),비대면,일반 강연 문학,https://www.bookseed.kr/program/lecture/lecture_20260206170132994_14ea6b2d,
주니어김영사,"한소곤 (지은이), 모차 (그림)",<고추장 심부름> 한소곤 작가와의 만남 :매콤달콤 고추장 심부름 이야기,어린이(저학년),비대면,"일반 강연 문학, 인문",https://www.bookseed.kr/program/lecture/lecture_20260203164232181_9f9fb70e,
수줍은삐삐,강수현 (지은이),<할 수 있어> 강수현 작가와의 만남 :손으로 전하는 응원,어린이(저학년),비대면,"활동/워크숍 그림책, 독서활동",https://www.bookseed.kr/program/lecture/lecture_20260202151423129_162a5d1f,
토끼섬,"별민영 (지은이), 다나 (그림)",<여우의 혼례 잔치를 부탁해!> 별민영 작가와의 만남,어린이(저학년),비대면,"활동/워크숍 독서활동, 문학",https://www.bookseed.kr/program/lecture/lecture_20260131120416306_dcd271b1,
반달(킨더랜드),이순옥 (지은이),<무서운 ㄱㅁㄷ> 이순옥 작가와의 만남,어린이(저학년),비대면,활동/워크숍 그림책,https://www.bookseed.kr/program/lecture/lecture_20260130185812619_4c7cfb05,
뜨인돌어린이,구삼영 (지은이),<이상하다> 구삼영 작가와의 만남 :이상한 마음도 괜찮아,어린이(저학년),비대면,"창작 문학, philosophy",https://www.bookseed.kr/program/lecture/lecture_20260129151754492_71f90213,
살림어린이,"한영미 (지은이), 김다정 (그림)",<가족을 주문해 드립니다!> 한영미 작가와의 만남 :역할을 바꿔 드립니다,어린이(저학년),비대면,"일반 강연 문학, 기타",https://www.bookseed.kr/program/lecture/lecture_20260121102915125_96e6d917,
봄볕,윤순정 (지은이),"<특별한 가을> 나의 유기견, 특별한 친구와의 만남",어린이(저학년),비대면,창작 그림책,https://www.bookseed.kr/program/lecture/lecture_20260120144612273_f73e0005,https://search1.kakaocdn.net/thumb/R120x174.q85/?fname=http%3A%2F%2Ft1.daumcdn.net%2Flbook%2Fimage%2F5877368%3Ftimestamp%3D20260826142249
웅진주니어,김지현 (지은이),<오들오들 여우산> 김지현 작가와의 만남,어린이(저학년),대면/미정,"활동/워크숍 독서활동, 교과",https://www.bookseed.kr/program/lecture/lecture_20260119114916568_e2ff7640,
특서주니어,"박현숙 (지은이), 이영림 (그림)",<꼭꼭 씹어 먹는 국어 5. 다양한 글 맛있게 먹기> 박현숙 작가와의 만남 :글쓰기로 내 마음을 표현해요!,어린이(저학년),비대면,일반 강연 문학,https://www.bookseed.kr/program/lecture/lecture_20260116151531692_88b68464,
머스트비,"신전향 (지은이), 이재호 (그림)",『유튜버가 된 햄스터 얌마』 이재호 그림책 작가와의 만남,어린이(저학년),비대면,"활동/워크숍 그림책, 독서활동",https://www.bookseed.kr/program/lecture/lecture_20260116143318922_9985a3c6,
책읽는곰,"공수경 (지은이), 신민재 (그림)",<함께하시‘개’ 짬뽕 도장> :짬뽕 도장에서 함께 행복 찾기,어린이(저학년),비대면,"일반 강연 문학, 교과",https://www.bookseed.kr/program/lecture/lecture_20260116092511095_59f70256,
"미래아이(미래M&B,미래엠앤비)","신소희 (지은이), 김잔디 (그림)",《쉿! 암호를 받아라》 신소희 작가와의 만남 :너와 나를 이해하는 우정 수호!,어린이(저학년),비대면,일반 강연 문학,https://www.bookseed.kr/program/lecture/lecture_20260115180200615_cbdfd397,
고래뱃속,박광명 (지은이),"<안녕, 중력> 박광명 작가와의 만남",어린이(저학년),대면/미정,"독서 독서활동, 그림책",https://www.bookseed.kr/program/lecture/lecture_20260115122737094_f121e7b7,
나무의말,함혜연 (지은이),<나도 용이 되고 싶어!> 함혜연 작가와의 만남 :훨훨 날아라! 나를 응원하는 모빌 만들기,어린이(저학년),비대면,"활동/워크숍 그림책, 문학",https://www.bookseed.kr/program/lecture/lecture_20260115105052778_db48f9ab,
소원나무,"정율리 (지은이), 해마 (그림)","<상담 교사 추락 사건> 정율리 작가와의 만남 :다양한 사람, 다양한 비밀 – 나로서 나를 말하기",어린이(저학년),비대면,활동/워크숍 문학,https://www.bookseed.kr/program/lecture/lecture_20260106175623825_04a4bf05,
천둥프레스,이덕화 (지은이),<일곱 마리 토끼전> 이덕화 작가와의 만남,어린이(저학년),비대면,창작 그림책,https://www.bookseed.kr/program/lecture/lecture_20260106131758330_642b9fea,
특서주니어,"손현주 (지은이), 함주해 (그림)",<유리창을 넘은 새> 손현주 작가와의 만남 :도시화 속에서 우리는 어떻게 살아가야 할까요?,어린이(저학년),비대면,일반 강연 문학,https://www.bookseed.kr/program/lecture/lecture_20260105123536129_2eefdd09,
해와나무,"한유진 (지은이), 김민우 (그림)","◈데굴 판다 푸딩◈ 한유진 작가와의 만남 : 푸딩과 떠나는 마음 씨앗 여행! (환경, 생태 강연)",어린이(저학년),비대면,"일반 강연 문학, 교과",https://www.bookseed.kr/program/lecture/lecture_20260102184314145_1d60f719,
특서주니어,"박현숙 (지은이), 박기종 (그림)",<꼭꼭 씹어 먹는 국어 4. 설명하는 글 맛있게 먹기> 박현숙 작가와의 만남 :세상을 넓고 깊게 보려면 설명하는 글과 친해져야 해요!,어린이(저학년),비대면,일반 강연 문학,https://www.bookseed.kr/program/lecture/lecture_20260102182029367_83f89829,
책고래,무아 (지은이),"<아빠, 언제 와요?> 무아 작가와의 만남",어린이(저학년),비대면,"창작 그림책, 사회",https://www.bookseed.kr/program/lecture/lecture_20251230142707353_6fef6a97,
책과콩나무,혜다 (지은이),<슈퍼 꽈배기맨!> 혜다 작가와의 만남,어린이(저학년),비대면,활동/워크숍 그림책,https://www.bookseed.kr/program/lecture/lecture_20251230142256196_cee5f551,
길벗어린이,이소영 (지은이),<갈매기전> 이소영 작가와의 만남,어린이(저학년),대면/미정,독서 그림책,https://www.bookseed.kr/program/lecture/lecture_20251222112859406_4da78cc7,
파란자전거,"최미나 (지은이), 송수혜 (그림)",<여덟 살 리니의 팡팡 경제랜드> 최미나 작가와의 만남 :놀면서 배우는 어린이 경제 습관,어린이(저학년),비대면,"활동/워크숍 문학, 교양/문화",https://www.bookseed.kr/program/lecture/lecture_20251222112449585_c52a9ef1,
뜨인돌어린이,"김미숙 (지은이), 간장 (그림)",<고지식 박사의 무럭무럭쑥쑥 알약> 김미숙 작가와의 만남,어린이(저학년),대면/미정,"일반 강연 문학, writing",https://www.bookseed.kr/program/lecture/lecture_20251217225647714_ee398d69,
길벗어린이,민병권 (지은이),<들어와> 민병권 작가와의 만남,어린이(저학년),대면/미정,일반 강연 그림책,https://www.bookseed.kr/program/lecture/lecture_20251215134009968_7c7df538,https://search1.kakaocdn.net/thumb/R120x174.q85/?fname=http%3A%2F%2Ft1.daumcdn.net%2Flbook%2Fimage%2F6732933%3Ftimestamp%3D20260415121613
크레용하우스,김해우,<골라 골라 눈코입> 김해우 작가와의 만남 :생긴 대로 살자! 개성과 자존감,어린이(저학년),비대면,"일반 강연 문학, 독서활동",https://www.bookseed.kr/program/lecture/lecture_20251215132448877_9f39a691,
사파리,"김희남 (지은이), 이유진 (그림)",<24분 편의점 1호> 김희남 작가와의 만남,어린이(저학년),대면/미정,독서 과학,https://www.bookseed.kr/program/lecture/lecture_20251212112730450_f3b256da,
바우솔,"이승민 (지은이), 온수 (그림)",<고양이 제제의 학교생활 1> 이승민 작가와의 만남,어린이(저학년),대면/미정,일반 강연 문학,https://www.bookseed.kr/program/lecture/lecture_20251212105447756_3ec11ac1,
이오앤북스,"김경옥 (지은이), 김서진 (그림)",『복뚱냥이 꽈배기 가게』 김경옥 작가와의 만남,어린이(저학년),대면/미정,"활동/워크숍 문학, 그림책",https://www.bookseed.kr/program/lecture/lecture_20251205153909432_30152c1e,
길벗스쿨,"박현정 (지은이), 이수현 (그림)",<조마조마 기차 여행> 박현정 작가와의 만남,어린이(저학년),비대면,"일반 강연 문학, 인문",https://www.bookseed.kr/program/lecture/lecture_20251128170023052_6a0be040,
웅진주니어,"임화선 (지은이), 이예숙 (그림)","<위풍당당 마요, 울리불리를 잡아라!> 임화선 작가와의 만남",어린이(저학년),대면/미정,"일반 강연 creative, 교과",https://www.bookseed.kr/program/lecture/lecture_20251128095537690_a04e380f,
소원나무,"한라경 (지은이), 무운 (그림)",<달언덕에 가면 보일까?> 한라경 작가와의 만남 :손 잡고 함께 떠나요!,어린이(저학년),비대면,"활동/워크숍 그림책, 문학",https://www.bookseed.kr/program/lecture/lecture_20251127144859099_b4c529f5,
내일도맑음,"소하연 (지은이), 박영 (그림)",<나는야 날씨 요정> 소하연 작가와의 만남,어린이(저학년),비대면,활동/워크숍 문학,https://www.bookseed.kr/program/lecture/lecture_20251127102007652_ced5aa21,
한울림스페셜,표지율 (지은이),《어느 날 문어가 되어 버린 내 친구》 _ 가장 친한 친구가 아플 때 나는...? (좋은 친구란 뭘까?),어린이(저학년),비대면,"일반 강연 그림책, 문학",https://www.bookseed.kr/program/lecture/lecture_20251125192608990_e9dc1849,
옐로스톤,"이상미 (지은이), 조경희 (그림)",<지적질 늑대> 이상미 작가와의 만남 :공감하는 말 한마디의 힘,어린이(저학년),비대면,활동/워크숍 그림책,https://www.bookseed.kr/program/lecture/lecture_20251125074328304_49a149b8,
책읽는곰,"조영서 (지은이), 우거진 (그림)",<귓속말 친구> 조영서 작가와의 만남,어린이(저학년),비대면,"일반 강연 문학, 교과",https://www.bookseed.kr/program/lecture/lecture_20251124164739076_c392d08f,
꿈꾸는섬,"하리라 (지은이), 홍기한 (그림)","<피노키오에게도 미디어 리터러시가 필요해> 디지털 시민, 어린이 인권을 지켜라! :디지털 시대로 변한 옛날 옛적 나라에 무슨 일이?",어린이(저학년),비대면,"일반 강연 사회, 교양/문화",https://www.bookseed.kr/program/lecture/lecture_20251121125332331_f173cf8f,
도서출판 풀빛,"윤상석 (지은이), 박정섭 (그림), 정인경 (감수)",<한 컷 쏙 과학사> 윤상석 작가와의 만남 :‘한 컷’으로 보는 과학사의 결정적 순간,어린이(저학년),비대면,"일반 강연 과학, 인문",https://www.bookseed.kr/program/lecture/lecture_20251121112134179_fb6a39ca,
이루리북스,"이루리 (지은이), 홀링(홍유경) (그림)",<이불> 마음까지 덮어주는 포근포근 이불 만들기,어린이(저학년),비대면,"독서 그림책, creative",https://www.bookseed.kr/program/lecture/lecture_20251121104506430_6e4987f5,
창비,"이민주 (지은이), 안승하 (그림)",『페브 농장』 이민주 작가와의 만남 :나의 작은 악보 만들기,어린이(저학년),대면/미정,"활동/워크숍 그림책, 문학",https://www.bookseed.kr/program/lecture/lecture_20251120142920374_89dd18b2,
마음이음,"조영서 (지은이), 애슝 (그림)",<오소리 쿠키> 조영서 작가와의 만남,어린이(저학년),비대면,"일반 강연 문학, career",https://www.bookseed.kr/program/lecture/lecture_20251117112104255_326117d8,
책읽는곰,"소연 (지은이), 최민지 (그림)","<앞니 빠진 강경우> 소연 작가와의 만남 :앞니 빠지고, 용기 쑥!",어린이(저학년),대면/미정,"일반 강연 문학, 교과",https://www.bookseed.kr/program/lecture/lecture_20251116173007386_e1f0791e,
도서출판 풀빛,"강승임 (지은이), 김고둥 (그림)",<태어나서 처음 보는 낱말 사전> 강승임 작가와의 만남 :‘태어나서 처음 보는 낱말’로 나만의 어휘력을 기르는 특별한 시간,어린이(저학년),비대면,"일반 강연 writing, 교양/문화",https://www.bookseed.kr/program/lecture/lecture_20251114201332904_41de7f94,
노란돼지,"백혜영 (지은이), 이갑규 (그림)",<남몰래 거울> 백혜영 작가와의 만남 :이별에 대처하는 방법,어린이(저학년),비대면,"일반 강연 교과, 문학",https://www.bookseed.kr/program/lecture/lecture_20251114152034050_491cd8e7,
고래가숨쉬는도서관,"차율이 (지은이), 차상미 (그림)","<거북이 버스> 차율이 작가와의 만남 :느려도 괜찮아, 따뜻한 마음 꽃피우기",어린이(저학년),비대면,"독서 문학, 인문",https://www.bookseed.kr/program/lecture/lecture_20251114022952981_6c491433,
달리,백혜영 (지은이),<웃음 요정 길들이기> 백혜영 작가와의 만남 :웃음 거울을 만들자!,어린이(저학년),비대면,"활동/워크숍 그림책, 문학",https://www.bookseed.kr/program/lecture/lecture_20251113184055327_26c7475c,https://search1.kakaocdn.net/thumb/R120x174.q85/?fname=http%3A%2F%2Ft1.daumcdn.net%2Flbook%2Fimage%2F7060810%3Ftimestamp%3D20260613121225
옐로스톤,"김성범 (지은이), 연제 (그림)",<참들이의 비밀 일기 1> 김성범 작가와의 만남,어린이(저학년),비대면,"독서 문학, 독서활동",https://www.bookseed.kr/program/lecture/lecture_20251112163321998_536266a1,
문학과지성사,"주미경 (지은이), 정진희 (그림)",<오탉의 비밀 기지> 주미경 작가와의 만남,어린이(저학년),비대면,"일반 강연 문학, creative",https://www.bookseed.kr/program/lecture/lecture_20251112102401283_eccdfd7a,
한솔수북,"김지원 (지은이), 김도아 (그림)",<너의 베프가 되고 싶어> 김지원 작가와의 만남,어린이(저학년),비대면,"일반 강연 문학, 교과",https://www.bookseed.kr/program/lecture/lecture_20251111172804501_790f0319,
길벗어린이,김도경 (지은이),"<달토끼의 후계자를 찾습니다>김도경 작가와의 만남: 패러디와 상상, 이야기 짓기의 마법",어린이(저학년),대면/미정,"활동/워크숍 그림책, 문학",https://www.bookseed.kr/program/lecture/lecture_20251110171943143_4c116652,
소원나무,"성주희 (지은이), 박현주 (그림)",<돈방석 목욕탕> 성주희 작가와의 만남 :내 마음속 고민이 시원해지는 시간,어린이(저학년),비대면,일반 강연 문학,https://www.bookseed.kr/program/lecture/lecture_20251106164733074_a2236b53,
산지니,"김이삭 (지은이), 박인 (그림)",<사자성어 탐험대> 김이삭 작가와의 만남 :동시로 배우는 사자성어,어린이(저학년),대면/미정,"일반 강연 문학, writing",https://www.bookseed.kr/program/lecture/lecture_20251104171525500_e1575067,
특서주니어,"박현숙 (지은이), 홍찬주 (그림)",<꼭꼭 씹어 먹는 국어 3. 이야기 글 맛있게 먹기> 박현숙 작가와의 만남 :이야기 글과 친해지기!,어린이(저학년),비대면,일반 강연 문학,https://www.bookseed.kr/program/lecture/lecture_20251104135829013_9273c68a,
내일도맑음,"윤정 (지은이), 유영근 (그림)",<박뽕남 할머니의 기막힌 학교생활 - 박뽕남 할머니의 두 번째 이야기> 윤정 작가와의 만남,어린이(저학년),비대면,일반 강연 문학,https://www.bookseed.kr/program/lecture/lecture_20251103141343586_9747fbf9,
책딱지,"주머니 (지은이), 정경아 (그림)",<꼬리에 꼬리를 무는 절교장> 주머니 작가와의 만남 :좋은 친구 관계 훈련하기,어린이(저학년),대면/미정,"일반 강연 문학, 교과",https://www.bookseed.kr/program/lecture/lecture_20251103111701919_9517044e,
창비,안승하 (지은이),『반달 씨의 첫 손님』 안승하 작가와의 만남,어린이(저학년),대면/미정,"활동/워크숍 그림책, 문학",https://www.bookseed.kr/program/lecture/lecture_20251030154106009_c85cbec3,https://search1.kakaocdn.net/thumb/R120x174.q85/?fname=http%3A%2F%2Ft1.daumcdn.net%2Flbook%2Fimage%2F6973221%3Ftimestamp%3D20250910144128
나무의말,"자현 (지은이), 차영경 (그림)",<도서관의 악몽> 차영경 그림작가와의 만남 :주인공에게 권하는 책표지와 도서관 지킴이 만들기,어린이(저학년),비대면,"활동/워크숍 그림책, 문학",https://www.bookseed.kr/program/lecture/lecture_20251028095524526_94cf4ec5,
책고래,아우야요 (지은이),<점점점> 아우야요 작가와의 만남,어린이(저학년),대면/미정,"독서 그림책, art",https://www.bookseed.kr/program/lecture/lecture_20251027134644174_f07f2faf,
노란돼지,지예 (지은이),<두근두근 봄식씨> 지예 작가와의 만남 :응원 플랜카드 만들기,어린이(저학년),대면/미정,독서 그림책,https://www.bookseed.kr/program/lecture/lecture_20251027111127185_28f7299d,
아르볼,"김미애 (글), 지우 (그림), (사)한국생활안전연합 (감수)",<폭력은 안 돼!> 김미애 작가와의 만남,어린이(저학년),비대면,"독서 그림책, 교과",https://www.bookseed.kr/program/lecture/lecture_20251023222329519_96ff45ac,
해와나무,"김미애 (지은이), 박우희 (그림)",<악당 우주 돼지가 수상해> 김미애 작가와의 만남,어린이(저학년),비대면,"독서 문학, 교과",https://www.bookseed.kr/program/lecture/lecture_20251023220444310_2d5e3978,
바람의아이들,"김미애 (지은이), 이미진 (그림)",<여덟 살에서 살아남기> 김미애 작가와의 만남,어린이(저학년),비대면,"활동/워크숍 문학, writing",https://www.bookseed.kr/program/lecture/lecture_20251023215318491_0f9ff6b9,
아르볼,"김미애 (지은이), 조윤주 (그림), (사)한국생활안전연합 (감수)",<내 몸은 소중해!> 김미애 작가와의 만남,어린이(저학년),비대면,"독서 그림책, 독서활동",https://www.bookseed.kr/program/lecture/lecture_20251023212315833_d88dbd69,
창비,"김미애 (지은이), 정문주 (그림)",『무지막지 공주의 모험』 김미애 작가와의 만남,어린이(저학년),비대면,"독서 문학, 독서활동",https://www.bookseed.kr/program/lecture/lecture_20251023172133439_dfff4f91,
도서출판 풀빛,"윤예림 (지은이), 정문주 (그림)",<고등어 크림 우동 가게 도난 사건> 윤예림 작가와의 만남 : 고양이 사장의 돈봉투를 가져간 범인을 찾아라! (그림책으로 우리 안의 편견 되돌아보기),어린이(저학년),비대면,"활동/워크숍 사회, 교양/문화",https://www.bookseed.kr/program/lecture/lecture_20251023135343290_f495ec3e,
도서출판 풀빛,"정윤선 (지은이), 시미씨 (그림)",<과자 사면 과학 드립니다> 정윤선 작가와의 만남 :편의점 음식에 숨은 맛있는 과학!,어린이(저학년),비대면,"일반 강연 과학, 교양/문화",https://www.bookseed.kr/program/lecture/lecture_20251022183925583_f063a566,
곰세마리,정희린 (지은이),"<머나먼 길> 정희린 작가와의 만남 :희망의 길, 함께 걷는 카펫",어린이(저학년),대면/미정,활동/워크숍 art,https://www.bookseed.kr/program/lecture/lecture_20251022145555776_c6be8d1d,
곰세마리,안혜경 (지은이),<해바라기> 안혜경 작가와의 만남 :놀라운 해바라기 생태계,어린이(저학년),비대면,"활동/워크숍 그림책, 기타",https://www.bookseed.kr/program/lecture/lecture_20251022143619848_838ca8b7,
곰세마리,"최형미 (지은이), 김정진 (그림)","<너랑 정말 안 맞아> 최형미 작가와의 만남 :너랑 나, 달라도 괜찮아!",어린이(저학년),비대면,활동/워크숍 문학,https://www.bookseed.kr/program/lecture/lecture_20251022142832397_d8a789c3,
유노랩,"신정식 (지은이), 지현경 (그림)","2025 세종도서 선정 <움직여 봐, 기분이 좋아!> 신정식 작가와의 만남",어린이(저학년),비대면,"활동/워크숍 교양/문화, 그림책",https://www.bookseed.kr/program/lecture/lecture_20251021133241459_1d5411ef,
웅진주니어,윤지혜 (지은이),2025 KBBY 선정도서<바라바라박박> 윤지혜 작가와의 만남 :조롱박에 담은 나의 바람,어린이(저학년),비대면,활동/워크숍 그림책,https://www.bookseed.kr/program/lecture/lecture_20251017123220952_2798e699,
봄마중,"즐하 (지은이), 김예슬 (그림)",<맘고쳐 한의원> 즐하 작가와의 만남 : 나에게 주는 마음약 처방,어린이(저학년),비대면,"활동/워크숍 문학, 독서활동",https://www.bookseed.kr/program/lecture/lecture_20251016111204945_0a3ba138,
책읽는곰,안승하 (지은이),《일하는 개들》 안승하 작가와의 만남,어린이(저학년),대면/미정,"활동/워크숍 사회, creative",https://www.bookseed.kr/program/lecture/lecture_20251014141828307_216e22a9,
특서주니어,"박현숙 (지은이), 최정인 (그림)",<꼭꼭 씹어 먹는 국어 2. 발표하는 글 맛있게 먹기> 박현숙 작가와의 만남,어린이(저학년),비대면,"일반 강연 문학, creative",https://www.bookseed.kr/program/lecture/lecture_20251013173013434_d6247807,
모알보알,종종 (지은이),<모두 다 씨앗> 종종 작가와 함께 마법 씨앗 만들기,어린이(저학년),비대면,"창작 그림책, art",https://www.bookseed.kr/program/lecture/lecture_20251013131937888_5b8679e6,
창비교육,정네모 (지은이),<나무 이발사> 정네모 작가와의 만남,어린이(저학년),비대면,"일반 강연 그림책, 교과",https://www.bookseed.kr/program/lecture/lecture_20251010160156531_79f5313f,
찰리북,권민지 (지은이),<내 방에서 당장 나가> 권민지 작가와의 만남,어린이(저학년),비대면,"활동/워크숍 그림책, 문학",https://www.bookseed.kr/program/lecture/lecture_20251001151614403_dcdeba9c,
노란상상,김윤이 (지은이),"<발레가 좋으면> 김윤이 작가와의 만남 :발레가 좋으면, 나는 무엇이 될까?",어린이(저학년),비대면,"활동/워크숍 그림책, career",https://www.bookseed.kr/program/lecture/lecture_20250930160558211_0f193894,
다봄,"서혜정, 정윤경 (지은이), 어수현 (그림)",<낭독하는 아이> 서혜정 작가와의 만남 :초등 때 놓치면 답 없는 국어 기초 학력! 소리 내어 읽는 ‘낭독’이 답이다!,어린이(저학년),비대면,"일반 강연 교과, 독서활동",https://www.bookseed.kr/program/lecture/lecture_20250926154534645_8b26fd6a,
비룡소,"차율이 (지은이), 샤토 (그림)",<미지의 파랑 4> 차율이 작가와의 만남,어린이(저학년),비대면,"독서 독서활동, 문학",https://www.bookseed.kr/program/lecture/lecture_20250926031952165_56717919,
북극곰,김미소진 (지은이),『똥 탈출기』 그림책 작가와의 만남 :유쾌하게 넘어지고 통쾌하게 다시 일어서기,어린이(저학년),비대면,활동/워크숍 그림책,https://www.bookseed.kr/program/lecture/lecture_20250924152146823_2a5b0fcb,
북극곰,"김두경 (지은이), 이승아 (그림)",『밀웜 특공대』 김두경 환경 동화 작가와의 만남,어린이(저학년),비대면,일반 강연 문학,https://www.bookseed.kr/program/lecture/lecture_20250924151023064_df0c61cf,
국민서관,언주 (지은이),<우주복 디자이너 삐로> 나만의 우주복을 만들고 우주로 떠나자!,어린이(저학년),비대면,"창작 그림책, creative",https://www.bookseed.kr/program/lecture/lecture_20250922222334448_eb3d841e,
보리,한나빵 (지은이),<빵빵! 행복 빵집> 한나빵 작가와의 만남 :[어린이 저학년],어린이(저학년),비대면,"일반 강연 creative, 그림책",https://www.bookseed.kr/program/lecture/lecture_20250922164633862_c294108f,
다림,"윤미경 (지은이), 김동성 (그림)",<할머니의 가계부> 윤미경 작가와의 만남,어린이(저학년),비대면,"활동/워크숍 art, 기타",https://www.bookseed.kr/program/lecture/lecture_20250919144434370_53ec7839,
다림,"이혜린 (지은이), 불곰 (그림)",<등교가 소원> 이혜린 작가와의 만남,어린이(저학년),비대면,일반 강연 독서활동,https://www.bookseed.kr/program/lecture/lecture_20250919140353296_d654aff0,
다림,"천미진 (지은이), 민승지 (그림)",<절기 마법> 과 함께하는 절기 달력 그리기 / 클레이 절기 요정 만들기(택1),어린이(저학년),비대면,독서 그림책,https://www.bookseed.kr/program/lecture/lecture_20250919140016221_368f50fa,
책딱지,"김윤아 (지은이), 지문, 조윤정 (그림)",<진짜 이빨 요정 링링> 김윤아 작가와의 만남,어린이(저학년),대면/미정,"일반 강연 문학, creative",https://www.bookseed.kr/program/lecture/lecture_20250919125801389_a8c7d05d,
향출판사,양소이 (지은이),<꽃이 온다> 양소이 그림책 작가와의 만남 :나만의 봄꽃 그리기,어린이(저학년),비대면,"활동/워크숍 art, 문학",https://www.bookseed.kr/program/lecture/lecture_20250918095656026_5d2e25ae,
책읽는곰,고수진 (지은이),<지하수 열차>를 타고 떠나는 그림책 여행,어린이(저학년),비대면,"활동/워크숍 그림책, 과학",https://www.bookseed.kr/program/lecture/lecture_20250917203849801_3a0fe169,
책읽는곰,고수진 (지은이),<먹구름 열차>를 타고 떠나는 그림책 여행,어린이(저학년),비대면,"창작 그림책, creative",https://www.bookseed.kr/program/lecture/lecture_20250917202417020_bb307f70,https://search1.kakaocdn.net/thumb/R120x174.q85/?fname=http%3A%2F%2Ft1.daumcdn.net%2Flbook%2Fimage%2F5616315%3Ftimestamp%3D20260522120714
특서주니어,"박현숙 (지은이), 박기종 (그림)","<꼭꼭 씹어 먹는 국어 1 - 주장하는 글 맛있게 먹기> :문해력의 중요성, 알고 있나요?",어린이(저학년),비대면,"일반 강연 문학, 교양/문화",https://www.bookseed.kr/program/lecture/lecture_20250917122246967_fff1a9e5,
한림출판사,"박그루 (지은이), 이지오 (그림)",<까만 사탕의 비밀>로 완성하는 딩동댕!,어린이(저학년),비대면,"활동/워크숍 인문, 문학",https://www.bookseed.kr/program/lecture/lecture_20250917104322975_67547265,
소원나무,양선 (지은이),내가 사는 '나의 특별한 섬' 만들기! <나의 특별한 섬> 양선 작가와의 만남,어린이(저학년),비대면,"독서 문학, art",https://www.bookseed.kr/program/lecture/lecture_20250911154443223_2eb8d41b,
소원나무,"신은영 (지은이), 히쩌미 (그림)",똑똑하게 SNS 생활하는 방법! <단톡방을 나갔습니다 2> 신은영 작가와의 만남,어린이(저학년),비대면,"일반 강연 문학, 사회",https://www.bookseed.kr/program/lecture/lecture_20250911154218023_bb87f347,
소원나무,"김민정 (지은이), 김다정 (그림)","아픈 마음 들여다보기 <나, 꾀병 아니라고요> 김민정 작가와의 만남",어린이(저학년),비대면,활동/워크숍 문학,https://www.bookseed.kr/program/lecture/lecture_20250911153255233_81faa127,
천개의바람,하정산 (지은이),<우리 집 할머니 닭> 하정산 작가와의 만남,어린이(저학년),비대면,"독서 그림책, creative",https://www.bookseed.kr/program/lecture/lecture_20250911103530220_eb03e1f5,
내일도맑음,"이여주 (지은이), 달상 (그림)",<마라톤 코치 빽마녀> 이여주 작가와의 만남,어린이(저학년),비대면,"일반 강연 문학, creative",https://www.bookseed.kr/program/lecture/lecture_20250911101512163_33bbbf05,
천개의바람,김고운 (지은이),<동구와 친구들> 김고운 작가와의 만남,어린이(저학년),비대면,"독서 그림책, creative",https://www.bookseed.kr/program/lecture/lecture_20250911101007634_8257c861,
위즈덤하우스,"윤슬빛 (지은이), 차야다 (그림)",<우리는 매일 안녕 안녕> 윤슬빛 작가와의 만남,어린이(저학년),비대면,일반 강연 문학,https://www.bookseed.kr/program/lecture/lecture_20250910122459721_7b09dbf5,
주니어김영사,"이현아 (지은이), 현숙희 (그림)",<방금 한 말 취소> 이현아 작가와의 만남,어린이(저학년),비대면,"일반 강연 교과, writing",https://www.bookseed.kr/program/lecture/lecture_20250909231346718_ebdde177,
노란상상,"강인송 (지은이), 소복이 (그림)",『기리네 집에 다리가 왔다』 강인송 작가와의 만남,어린이(저학년),비대면,"일반 강연 문학, 그림책",https://www.bookseed.kr/program/lecture/lecture_20250909220637984_85578765,
비룡소,"강인송 (지은이), 윤태규 (그림)",『소곤소곤 회장』 강인송 작가와의 만남,어린이(저학년),비대면,일반 강연 문학,https://www.bookseed.kr/program/lecture/lecture_20250909220142717_ab2b87ce,
한울림어린이(한울림),백혜영 (지은이),《다시는 너랑 말 안 해!》 _ 무심한 말 한마디로 만들어지는 마음의 벽 그리고 화해 (사회정서교육),어린이(저학년),비대면,"일반 강연 그림책, 교과",https://www.bookseed.kr/program/lecture/lecture_20250909170045931_af86adc7,
한울림어린이(한울림),백혜영 (지은이),《이 선을 넘지 말아 줄래?》 _ 사람 사이의 보이지 않는 선 지키기(경계교육),어린이(저학년),비대면,"일반 강연 그림책, 교과",https://www.bookseed.kr/program/lecture/lecture_20250909163607486_52b72bc8,
주니어RHK(주니어랜덤),"강정연 (지은이), 간장 (그림)","<그래도, 다정> 작가와의 만남",어린이(저학년),비대면,"일반 강연 creative, 문학",https://www.bookseed.kr/program/lecture/lecture_20250908122710614_48b2c264,
FIKAJUNIOR(피카주니어),"이성강 (지은이), 배누 (그림)",<달력으로 배우는 초등 필수 경제 교실> 이성강 작가와의 만남,어린이(저학년),비대면,활동/워크숍 독서활동,https://www.bookseed.kr/program/lecture/lecture_20250908110939773_b26bf366,
한빛에듀,"최인정 (지은이), 최미란 (그림)",내기 해도 되나요? - 진정한 내기 대왕이 되는 비법,어린이(저학년),비대면,"일반 강연 문학, 교과",https://www.bookseed.kr/program/lecture/lecture_20250907155142881_1daaaca0,
자음과모음,"이명희 (지은이), 김민우 (그림)","<동물과 함께 지내려면 어떻게 해요?> 반려 동물, 생명 존중, 동물권 이야기",어린이(저학년),비대면,"활동/워크숍 문학, 교과",https://www.bookseed.kr/program/lecture/lecture_20250905171938473_aaee3747,
꼬마이실,"이명희 (지은이), 정은선 (그림)",<탄소 중립 환경 버스킹> 기후 위기를 구하는 환경 지킴이 모여라!,어린이(저학년),비대면,"활동/워크숍 문학, 교과",https://www.bookseed.kr/program/lecture/lecture_20250905171937992_b933bcbe,
한울림스페셜,전해숙 (지은이),《코코는 고구마고구마해》 _ 서로 달라도 우리는 친구,어린이(저학년),비대면,"일반 강연 그림책, 사회",https://www.bookseed.kr/program/lecture/lecture_20250905155136492_338c038f,
사계절,"김민경 (지은이), 모루토리 (그림)",<날마다 놀아도> 김민경 작가와의 만남,어린이(저학년),비대면,"활동/워크숍 문학, 독서활동",https://www.bookseed.kr/program/lecture/lecture_20250905110450750_d12f388b,https://search1.kakaocdn.net/thumb/R120x174.q85/?fname=http%3A%2F%2Ft1.daumcdn.net%2Flbook%2Fimage%2F6972352%3Ftimestamp%3D20251017143519
반달서재,"박은경 (지은이), 모차 (그림)","<가볍게 폴짝 달사탕> 박은경 작가와의 만남 :나를 온전히 사랑하는 이야기(줄넘기, 자신감, 노력, 성취감, 도움, 자아, 자존감)",어린이(저학년),비대면,"일반 강연 문학, art",https://www.bookseed.kr/program/lecture/lecture_20250905105148525_3c035187,
봄마중,"주미 (지은이), 신희정 (그림)",<수리수리 엉덩수리 할배> 동화작가 주미와의 만남 :어린이의 놀 권리에 대해 알아보는 수업,어린이(저학년),비대면,"활동/워크숍 문학, creative",https://www.bookseed.kr/program/lecture/lecture_20250904173145066_fc49125a,
달그림,오세나 (지은이),<검정 토끼> :그림책 속 은유의힘(다르게 바라보기),어린이(저학년),대면/미정,일반 강연 그림책,https://www.bookseed.kr/program/lecture/lecture_20250904162606768_b817a649,
천개의바람,"김유 (지은이), 소복이 (그림)",<사자마트> 소복이 작가와의 만남,어린이(저학년),비대면,"활동/워크숍 그림책, creative",https://www.bookseed.kr/program/lecture/lecture_20250904105518424_14dbb0f5,
천개의바람,"김유 (지은이), 소복이 (그림)",<개욕탕> 김유 작가와의 만남,어린이(저학년),비대면,"독서 그림책, creative",https://www.bookseed.kr/program/lecture/lecture_20250904105018028_7d596552,
베스트하우스,"정광덕 (지은이), 김우정 (그림)",<여름대표선수> 정광덕 작가와의 만남,어린이(저학년),대면/미정,"일반 강연 그림책, 문학",https://www.bookseed.kr/program/lecture/lecture_20250904010014584_a2f1c13f,
노란돼지,오미선 (지은이),<세상에서 가장 맛있는 바나나>와 함께하는 가장 맛있는 음식 여행,어린이(저학년),비대면,"활동/워크숍 그림책, 독서활동",https://www.bookseed.kr/program/lecture/lecture_20250903172337542_02c11165,
천개의바람,진수경 (지은이),<귀신 님! 날 보러 와요!> 진수경 작가와의 만남,어린이(저학년),비대면,"활동/워크숍 그림책, creative",https://www.bookseed.kr/program/lecture/lecture_20250903122313411_7b8ff2ac,
천개의바람,"김진 (지은이), 정지윤 (그림)",<이순신을 찾아라> 정지윤 작가와의 만남,어린이(저학년),비대면,활동/워크숍 그림책,https://www.bookseed.kr/program/lecture/lecture_20250903120143697_614116c7,
다산어린이,"강정연 (지은이), 차야다 (그림)",<씽씽 어린이> 시리즈 :깔깔 웃으며 씽씽 자라자!,어린이(저학년),비대면,일반 강연 문학,https://www.bookseed.kr/program/lecture/lecture_20250901111151542_cca74716,
풀빛,박초아 (지은이),<비가 많이 오던 날> 작가와의 만남_내 손안의 바다 워터볼 만들기,어린이(저학년),대면/미정,"창작 art, creative",https://www.bookseed.kr/program/lecture/e2c41d47-7f3f-11f0-a027-1cce51281be1,
풀빛,박초아 (지은이),"<수영장 가는 길> 작가와의 만남 ""너의 모든 처음을 응원해!"" 응원 고래 등 만들기",어린이(저학년),대면/미정,"창작 art, creative",https://www.bookseed.kr/program/lecture/e2c41554-7f3f-11f0-a027-1cce51281be1,
노란돼지,류미정,<마법을 부르는 코인 노래방> 책을 통해 얻게 된 마음 처방전,어린이(저학년),비대면,"활동/워크숍 문학, 기타",https://www.bookseed.kr/program/lecture/e2c3bfa8-7f3f-11f0-a027-1cce51281be1,
자음과모음,임수현,<고슴도치 선크림 바르기> : 임수현 시인과 함께 이상하고 아름다운 나만의 ‘상상 사전’ 써 보기,어린이(저학년),대면/미정,"일반 강연 문학, writing",https://www.bookseed.kr/program/lecture/e2c389a4-7f3f-11f0-a027-1cce51281be1,
자음과모음,고정욱,<친구를 만들어 주는 고운 말> :고정욱 작가와 함께 배우는 고운 첫마디의 힘,어린이(저학년),대면/미정,"일반 강연 문학, writing",https://www.bookseed.kr/program/lecture/e2c38647-7f3f-11f0-a027-1cce51281be1,
자음과모음,이상미,"<휴대폰만 보고 싶으면 어떻게 해요?> :하루종일 휴대폰만 들여다보게 되는 나, 휴대폰 중독에서 벗어날 수 있을까?",어린이(저학년),대면/미정,"일반 강연 문학, writing",https://www.bookseed.kr/program/lecture/e2c37ce3-7f3f-11f0-a027-1cce51281be1,
이지북,신은영,<3학년 5반 우리의 친구 정약용> :정약용이 알려주는 진짜 리더 이야기,어린이(저학년),대면/미정,"일반 강연 문학, writing",https://www.bookseed.kr/program/lecture/e2c3778c-7f3f-11f0-a027-1cce51281be1,
논장,조이 콩스탕,<목탄> :조이 콩스탕 작가의 '목탄-사각사각 자연의 마법',어린이(저학년),대면/미정,"창작 art, 문학",https://www.bookseed.kr/program/lecture/e2c3717a-7f3f-11f0-a027-1cce51281be1,
다봄,키박(박은정) (지은이),오늘도 초록해,어린이(저학년),비대면,활동/워크숍 creative,https://www.bookseed.kr/program/lecture/e2c364cf-7f3f-11f0-a027-1cce51281be1,https://search1.kakaocdn.net/thumb/R120x174.q85/?fname=http%3A%2F%2Ft1.daumcdn.net%2Flbook%2Fimage%2F6900443%3Ftimestamp%3D20260424150823
한울림어린이(한울림),"문은아 (지은이), 이명희 (그림)",《이상한 나라의 숨바꼭질》 _ 사회적 참사를 기억하는 법,어린이(저학년),비대면,"일반 강연 문학, 사회",https://www.bookseed.kr/program/lecture/e2c3290c-7f3f-11f0-a027-1cce51281be1,
한울림어린이(한울림),"임수정 (지은이), 김슬기 (그림)","《아빠, 잠이 도망갔어》 _ 신나는 상상 탐험(초등1학년 국어교과서 수록도서)",어린이(저학년),비대면,"일반 강연 문학, creative",https://www.bookseed.kr/program/lecture/e2c301b5-7f3f-11f0-a027-1cce51281be1,
한울림어린이(한울림),"임수정 (지은이), 전미화 (그림)",《대단한 참외씨》 _ 꿈을 응원하는 마법의 주문(초등1학년 국어교과서 수록도서),어린이(저학년),비대면,"일반 강연 그림책, 문학",https://www.bookseed.kr/program/lecture/e2c2f577-7f3f-11f0-a027-1cce51281be1,
주니어RHK,송미경,〈생쥐 소소 선생 2〉송미경 작가와의 만남,어린이(저학년),대면/미정,"일반 강연 creative, 문학",https://www.bookseed.kr/program/lecture/e2c29c61-7f3f-11f0-a027-1cce51281be1,
뜨인돌어린이,윤아해,"<문 밖에 여전히 사자가 있다> :두려움과 절망을 넘어서, 나만의 길을 찾아가는 여정 (용기에 대한 그림책)",어린이(저학년),대면/미정,"활동/워크숍 문학, 인문",https://www.bookseed.kr/program/lecture/e2c26155-7f3f-11f0-a027-1cce51281be1,
내일도맑음,강산,<침대 밑 황금 도깨비> 강산 작가와의 만남,어린이(저학년),비대면,"일반 강연 문학, creative",https://www.bookseed.kr/program/lecture/e2c1e626-7f3f-11f0-a027-1cce51281be1,
내일도맑음,강산,<나의 작은 방> 강산 작가와의 만남,어린이(저학년),비대면,"일반 강연 문학, 사회",https://www.bookseed.kr/program/lecture/e2c1b3c6-7f3f-11f0-a027-1cce51281be1,
고래책빵,정혜원,<모두의 반장선거> :글로벌 시대의 인권과 우정,어린이(저학년),비대면,"일반 강연 인문, 문학",https://www.bookseed.kr/program/lecture/e2c1190d-7f3f-11f0-a027-1cce51281be1,
계수나무,김유미,<배고픈 고양이> 김유미 작가와의 만남 :생쥐의 팝업 집 만들기 (어린이 및 성인 대상),어린이(저학년),비대면,활동/워크숍 그림책,https://www.bookseed.kr/program/lecture/e2c088a5-7f3f-11f0-a027-1cce51281be1,
책과콩나무,김해우,<우리 가족이 수상해> 김해우 작가와의 만남 :가족의 소중함/나도 작가!,어린이(저학년),비대면,"일반 강연 문학, creative",https://www.bookseed.kr/program/lecture/e2c02ff2-7f3f-11f0-a027-1cce51281be1,
청어람미디어,김재희,『마음을 여는 어린이 시 수업』 김재희 작가와의 만남 :“시가 내 맘에 쿵!”,어린이(저학년),대면/미정,"활동/워크숍 문학, 기타",https://www.bookseed.kr/program/lecture/e2bffa1b-7f3f-11f0-a027-1cce51281be1,
봄마중,최은영,<예뻐져라 거울> :진짜 예뻐지는 비결,어린이(저학년),대면/미정,"일반 강연 문학, 기타",https://www.bookseed.kr/program/lecture/e2bfaf31-7f3f-11f0-a027-1cce51281be1,
해와나무,이귤희,"<다락방 외계인> :작은 다락방에서 펼쳐지는 갈등과 화해, 공존에 대한 메시지",어린이(저학년),비대면,"일반 강연 문학, 기타",https://www.bookseed.kr/program/lecture/e2bf131c-7f3f-11f0-a027-1cce51281be1,
알발리,재희(김재희) (지은이),<엄청난 가을> :나만의 가을 보물 찾기,어린이(저학년),비대면,"활동/워크숍 creative, art",https://www.bookseed.kr/program/lecture/e2bea27b-7f3f-11f0-a027-1cce51281be1,
자음과모음,이수경,"<보르르 봄볕 우르르 꽃잎> :이수경 시인과 노래하는 다시 여기, 순우리말",어린이(저학년),대면/미정,"일반 강연 creative, writing",https://www.bookseed.kr/program/lecture/e2be4f07-7f3f-11f0-a027-1cce51281be1,
다림,공수경,"<어쩌다 독서 배틀> : 즐거운 책 읽기, 신나는 책 놀이",어린이(저학년),비대면,"일반 강연 문학, 기타",https://www.bookseed.kr/program/lecture/e2be19fc-7f3f-11f0-a027-1cce51281be1,
크레용하우스,박세랑,<두근두근 폭탄 케이크> 작가님과 즐거운 독후활동!,어린이(저학년),대면/미정,"활동/워크숍 교양/문화, 문학",https://www.bookseed.kr/program/lecture/e2be13d4-7f3f-11f0-a027-1cce51281be1,
아이음북스,김은중,<옆집 바이러스> :나다움은 내가 지킨다!,어린이(저학년),비대면,활동/워크숍 문학,https://www.bookseed.kr/program/lecture/e2be0f95-7f3f-11f0-a027-1cce51281be1,
창비,이민희,<별이 되고 싶어> 이민희 작가와의 만남,어린이(저학년),비대면,"활동/워크숍 사회, art",https://www.bookseed.kr/program/lecture/e2bdaa0a-7f3f-11f0-a027-1cce51281be1,
주니어김영사,김선,"<그만해요, 고만해 선생님!> :다정한 태도가 좋은 관계를 만들어요",어린이(저학년),비대면,"일반 강연 문학, 기타",https://www.bookseed.kr/program/lecture/e2bd34b5-7f3f-11f0-a027-1cce51281be1,
다림,천미진,<각시손 미용실 1> 천미진 작가와의 만남 :오싹오싹 귀신 이야기,어린이(저학년),비대면,"독서 creative, writing",https://www.bookseed.kr/program/lecture/e2bc655d-7f3f-11f0-a027-1cce51281be1,
북멘토(도서출판),이정은,<한글 몬스터>와 함께 나만의 한글 그림책을 만들어요!,어린이(저학년),비대면,"창작 creative, 기타",https://www.bookseed.kr/program/lecture/e2bc6068-7f3f-11f0-a027-1cce51281be1,
잇츠북어린이,소하연,<아는 사람만 아는 서당개 선생님> : 완벽하지 않아도 괜찮아,어린이(저학년),비대면,"활동/워크숍 기타, 교양/문화",https://www.bookseed.kr/program/lecture/e2bc4e16-7f3f-11f0-a027-1cce51281be1,
개암나무,권인순,<엄마 규칙에 반대한다고?> 권인순 작가와의 만남,어린이(저학년),대면/미정,"일반 강연 교양/문화, 기타",https://www.bookseed.kr/program/lecture/e2bc3fa1-7f3f-11f0-a027-1cce51281be1,
달리,지영우,"<빼미야, 일어나> 그림책 함께 읽고 나다움 찾기",어린이(저학년),비대면,"활동/워크숍 독서활동, creative",https://www.bookseed.kr/program/lecture/e2bc2004-7f3f-11f0-a027-1cce51281be1,https://search1.kakaocdn.net/thumb/R120x174.q85/?fname=http%3A%2F%2Ft1.daumcdn.net%2Flbook%2Fimage%2F6901805%3Ftimestamp%3D20250814143723
달리,지영우,<콩콩콩콩> :완두콩 사남매와 여행을 떠나요,어린이(저학년),비대면,"독서 creative, 기타",https://www.bookseed.kr/program/lecture/e2bbfbe6-7f3f-11f0-a027-1cce51281be1,https://search1.kakaocdn.net/thumb/R120x174.q85/?fname=http%3A%2F%2Ft1.daumcdn.net%2Flbook%2Fimage%2F6342199%3Ftimestamp%3D20250211151939
걸음동무,"한유진 (지은이), 젤리이모 (그림)","<여름에 눈이 온다면> 한유진 작가와의 만남 :그림책으로 펼치는 영뚱한 상상 놀이터 (책놀이 / 말놀이, 유치원, 저학년 온책읽기/ 상상력, 여름, 겨울 그림책)",어린이(저학년),비대면,"활동/워크숍 그림책, 독서활동",https://www.bookseed.kr/program/lecture/e2bbb13c-7f3f-11f0-a027-1cce51281be1,
달그림,신유미,"<괜찮아요, 알바트로스> 신유미 작가의 연주와 함께하는 낭독콘서트",어린이(저학년),비대면,"활동/워크숍 문학, 기타",https://www.bookseed.kr/program/lecture/e2bb7d6f-7f3f-11f0-a027-1cce51281be1,
책빛,김혜원,<열정> :온 정성을 다하는 마음,어린이(저학년),대면/미정,"일반 강연 문학, 인문",https://www.bookseed.kr/program/lecture/e2ba3b76-7f3f-11f0-a027-1cce51281be1,
책빛,김유림,<난 잘 도착했어> 김유림 작가와의 만남,어린이(저학년),대면/미정,"일반 강연 문학, 인문",https://www.bookseed.kr/program/lecture/e2ba35fb-7f3f-11f0-a027-1cce51281be1,
책빛,한수연,<도시 해킹> 한수연 작가와의 만남,어린이(저학년),대면/미정,"일반 강연 문학, 인문",https://www.bookseed.kr/program/lecture/e2ba2ffe-7f3f-11f0-a027-1cce51281be1,
서사원주니어,송승주,<오늘의 급식은 개짜증짜장밥> 송승주 작가와의 만남,어린이(저학년),대면/미정,"일반 강연 문학, 교양/문화",https://www.bookseed.kr/program/lecture/e2b9fc21-7f3f-11f0-a027-1cce51281be1,
노란상상,김민우,나만의 《황금 고라니》를 만들어 보자!,어린이(저학년),대면/미정,"창작 문학, 기타",https://www.bookseed.kr/program/lecture/e2b9ab79-7f3f-11f0-a027-1cce51281be1,
주니어RHK(주니어랜덤),정다빈,<오늘부터 매일매일 환경 실천> 정다빈 작가와의 만남,어린이(저학년),대면/미정,일반 강연 기타,https://www.bookseed.kr/program/lecture/e2b98922-7f3f-11f0-a027-1cce51281be1,
그린애플,김시아,<신발 도깨비의 소원 마트> :나만의 소원 신발을 신어 봐요,어린이(저학년),비대면,"일반 강연 문학, 기타",https://www.bookseed.kr/program/lecture/e2b962a3-7f3f-11f0-a027-1cce51281be1,
주니어RHK(주니어랜덤),이은선,<내 맘대로 방구석 모험> 이은선 작가와의 만남,어린이(저학년),대면/미정,"일반 강연 creative, 문학",https://www.bookseed.kr/program/lecture/e2b95bd8-7f3f-11f0-a027-1cce51281be1,
달그림,황성혜,<파랗고 빨갛고 투명한 나> 와 함께하는 개성과 자아 탐색,어린이(저학년),비대면,"활동/워크숍 문학, 기타",https://www.bookseed.kr/program/lecture/e2b938ce-7f3f-11f0-a027-1cce51281be1,
미래엔아이세움,문채빈,<청소 특공대 다람단 1> 문채빈 작가와의 만남 :오늘은 내가 청소 특공대!,어린이(저학년),비대면,"활동/워크숍 교양/문화, creative",https://www.bookseed.kr/program/lecture/e2b8fd8f-7f3f-11f0-a027-1cce51281be1,
상상미디어(=로즈앤북스),정화영,<수학 마법쇼> :명화로 보는 수학 인문학,어린이(저학년),비대면,"일반 강연 인문, 교양/문화",https://www.bookseed.kr/program/lecture/e2b85ef0-7f3f-11f0-a027-1cce51281be1,
책읽는곰,김진희,<토끼 구름 토끼> :나를 응원하는 책,어린이(저학년),비대면,"창작 문학, creative",https://www.bookseed.kr/program/lecture/e2b7fdb3-7f3f-11f0-a027-1cce51281be1,
노란돼지,조경희,<친구 자판기> :상상의 친구카드 만들기,어린이(저학년),비대면,"활동/워크숍 문학, 기타",https://www.bookseed.kr/program/lecture/e2b7f830-7f3f-11f0-a027-1cce51281be1,
위즈덤하우스,정화영,"<누리호의 도전> : 우주 로켓, 기적의 비밀 시간",어린이(저학년),비대면,"일반 강연 기타, 교양/문화",https://www.bookseed.kr/program/lecture/e2b7e34c-7f3f-11f0-a027-1cce51281be1,
비엠케이(BMK),현지영,<엄마의 고물상> 현지영 작가와의 만남,어린이(저학년),비대면,"일반 강연 문학, creative",https://www.bookseed.kr/program/lecture/e2b7b9de-7f3f-11f0-a027-1cce51281be1,
국민서관,권지영,<올랑올랑한 내 마음> :권지영 작가와 함께 하는 올랑올랑 동시 여행,어린이(저학년),비대면,"창작 문학, writing",https://www.bookseed.kr/program/lecture/e2b79ffd-7f3f-11f0-a027-1cce51281be1,
우리학교,박규연,"<놀 사람 없음, 놀 곳 없음, 놀 시간 없음> 박규연 작가와 '놀 권리 찾기 프로젝트'",어린이(저학년),대면/미정,"일반 강연 교양/문화, 문학",https://www.bookseed.kr/program/lecture/e2b74f29-7f3f-11f0-a027-1cce51281be1,
밥북,유백순,<딸기야 미안해> :실수를 인정하고 바로잡는 용기를 통한 성장,어린이(저학년),대면/미정,"독서 기타, 인문",https://www.bookseed.kr/program/lecture/e2b630ca-7f3f-11f0-a027-1cce51281be1,
한림,이현아,<용기대결! 용기태 vs 나도정> :용기와 객기는 달라!,어린이(저학년),비대면,"일반 강연 writing, 기타",https://www.bookseed.kr/program/lecture/e2b5df95-7f3f-11f0-a027-1cce51281be1,
걸음동무,박상희,<신비의 바닷길> 박상희 작가와의 만남,어린이(저학년),대면/미정,"일반 강연 인문, philosophy",https://www.bookseed.kr/program/lecture/e2b59133-7f3f-11f0-a027-1cce51281be1,
가문비(어린이가문비),박상희,<버럭 왕자님> 박상희 작가와의 만남,어린이(저학년),대면/미정,창작 인문,https://www.bookseed.kr/program/lecture/e2b5855e-7f3f-11f0-a027-1cce51281be1,
가문비(어린이가문비),박상희,<증도에는 깜깜 도깨비가 산다> 박상희 작가와의 만남,어린이(저학년),대면/미정,"독서 인문, 사회",https://www.bookseed.kr/program/lecture/e2b58207-7f3f-11f0-a027-1cce51281be1,
가문비(어린이가문비),박상희,<근질근질 도깨비> 박상희 작가와의 만남,어린이(저학년),대면/미정,"독서 사회, philosophy",https://www.bookseed.kr/program/lecture/e2b57e49-7f3f-11f0-a027-1cce51281be1,
가문비(어린이가문비),박상희,<갯벌 댄스 경연대회> 박상희 작가와의 만남,어린이(저학년),대면/미정,"독서 creative, writing",https://www.bookseed.kr/program/lecture/e2b54a58-7f3f-11f0-a027-1cce51281be1,
가문비(어린이가문비),박상희,<기웃기웃 보름달> 박상희 작가와의 만남,어린이(저학년),대면/미정,"독서 creative, writing",https://www.bookseed.kr/program/lecture/e2b5464f-7f3f-11f0-a027-1cce51281be1,
가문비(어린이가문비),박상희,<무궁화 할아버지> 박상희 작가와의 만남,어린이(저학년),대면/미정,"독서 creative, 문학",https://www.bookseed.kr/program/lecture/e2b53af3-7f3f-11f0-a027-1cce51281be1,
천개의바람,이혜령,<냥냥 도넛 배달부> :나만의 이야기 도넛을 만들어요!,어린이(저학년),비대면,"일반 강연 문학, 기타",https://www.bookseed.kr/program/lecture/e2b5369e-7f3f-11f0-a027-1cce51281be1,
계수나무,김진경,<나가 볼까?> :곰치 이고르의 여행,어린이(저학년),대면/미정,활동/워크숍 교양/문화,https://www.bookseed.kr/program/lecture/e2b5279e-7f3f-11f0-a027-1cce51281be1,https://search1.kakaocdn.net/thumb/R120x174.q85/?fname=http%3A%2F%2Ft1.daumcdn.net%2Flbook%2Fimage%2F6719786%3Ftimestamp%3D20250712142528
청개구리,박상희,<이모티콘 할머니> 박상희 작가와의 만남,어린이(저학년),비대면,"일반 강연 사회, creative",https://www.bookseed.kr/program/lecture/e2b51997-7f3f-11f0-a027-1cce51281be1,
청개구리,박상희,<아빠와 함께 떠나는 나주여행> 박상희 작가와의 만남,어린이(저학년),대면/미정,"일반 강연 creative, 문학",https://www.bookseed.kr/program/lecture/e2b5147d-7f3f-11f0-a027-1cce51281be1,
별숲,이수용,《회장도 월급이 필요해》이수용 작가 : 돈으로 환산할 수 없는 일의 가치와 소중함,어린이(저학년),대면/미정,"활동/워크숍 문학, 기타",https://www.bookseed.kr/program/lecture/e2b4e9dc-7f3f-11f0-a027-1cce51281be1,
내일도맑음,윤정,<박뽕남 할머니의 엉뚱한 일기> 작가와의 만남,어린이(저학년),비대면,"일반 강연 문학, creative",https://www.bookseed.kr/program/lecture/e2b43661-7f3f-11f0-a027-1cce51281be1,
스푼북,박효연,<세상에 이런 법이 있다고?> 법으로 배우는 세계 문화,어린이(저학년),비대면,"독서 교양/문화, 사회",https://www.bookseed.kr/program/lecture/e2b4235c-7f3f-11f0-a027-1cce51281be1,
그린북,고수산나,<두근두근 행운 사용법> 고수산나 작가와의 만남,어린이(저학년),대면/미정,"일반 강연 문학, creative",https://www.bookseed.kr/program/lecture/e2b409fc-7f3f-11f0-a027-1cce51281be1,
이지북,최빛나,<감정 스티커> :오늘 네 기분은 어때? 진짜 내 감정을 찾아봐!,어린이(저학년),대면/미정,"일반 강연 creative, writing",https://www.bookseed.kr/program/lecture/e2b385cc-7f3f-11f0-a027-1cce51281be1,
열림원어린이,소중애,『시간을 모으는 생쥐』소중애 작가와의 소증한 만남,어린이(저학년),대면/미정,"일반 강연 writing, 기타",https://www.bookseed.kr/program/lecture/e2b356bc-7f3f-11f0-a027-1cce51281be1,
창비교육,조영글,『곰신할미전: 곰배령의 전설』조영글 그림책 작가와의 만남,어린이(저학년),대면/미정,"일반 강연 art, 문학",https://www.bookseed.kr/program/lecture/e2b351e8-7f3f-11f0-a027-1cce51281be1,https://search1.kakaocdn.net/thumb/R120x174.q85/?fname=http%3A%2F%2Ft1.daumcdn.net%2Flbook%2Fimage%2F6890446%3Ftimestamp%3D20250702190932
노란돼지,민병권,<민씨댁 불가마전> 이야기 여행 :불가마 속으로,어린이(저학년),비대면,"일반 강연 문학, 기타",https://www.bookseed.kr/program/lecture/e2b30e85-7f3f-11f0-a027-1cce51281be1,https://search1.kakaocdn.net/thumb/R120x174.q85/?fname=http%3A%2F%2Ft1.daumcdn.net%2Flbook%2Fimage%2F6893630%3Ftimestamp%3D20260508151417
노란돼지,차영경,<마음 쉬기> :나만의 마음 운동 찾고 마음이 키링 만들기,어린이(저학년),비대면,"활동/워크숍 문학, 기타",https://www.bookseed.kr/program/lecture/e2b2dcc9-7f3f-11f0-a027-1cce51281be1,
노란돼지,신은영,<거울 속 도플갱어> :현명하게 SNS 사용하기,어린이(저학년),비대면,"일반 강연 문학, 기타",https://www.bookseed.kr/program/lecture/e2b27b6b-7f3f-11f0-a027-1cce51281be1,
노란돼지,박현지,<다람쥐 팝콘>과 함께하는 배려의 팝콘 컵 만들기,어린이(저학년),비대면,"활동/워크숍 문학, 기타",https://www.bookseed.kr/program/lecture/e2b24bf7-7f3f-11f0-a027-1cce51281be1,
북멘토,박규빈,<이세계 급식실> :재밌고 맛있는 급식 이야기!,어린이(저학년),비대면,"활동/워크숍 인문, 사회",https://www.bookseed.kr/program/lecture/e2b23d97-7f3f-11f0-a027-1cce51281be1,
창조와 지식,임승희,<뚜껑정원> 임승희 작가와의 만남 : 뚜껑정원으로 오세요,어린이(저학년),대면/미정,"창작 art, 기타",https://www.bookseed.kr/program/lecture/e2b1d890-7f3f-11f0-a027-1cce51281be1,
스푼북,신현수,<내 이름은 이강산> 신현수 작가와의 만남 :역사동화로 배우는 일제강점기 이야기,어린이(저학년),대면/미정,"일반 강연 문학, 기타",https://www.bookseed.kr/program/lecture/e2b1ac6b-7f3f-11f0-a027-1cce51281be1,
와이즈만북스,이억주,이억주 작가와 함께하는『뻔뻔한 과학책』,어린이(저학년),대면/미정,"일반 강연 기타, 교양/문화",https://www.bookseed.kr/program/lecture/e2b170d9-7f3f-11f0-a027-1cce51281be1,
우리학교,문부일,<글쓰기 싫어증> 문부일 작가와의 만남 :글이 술술 써지는 치료법 대공개!,어린이(저학년),대면/미정,"일반 강연 writing, 기타",https://www.bookseed.kr/program/lecture/e2b167d0-7f3f-11f0-a027-1cce51281be1,
우리학교,류재향,"<우리 집 식탁이 사라졌어요!> :동화 작가이자 번역가, 류재향 작가와의 만남",어린이(저학년),대면/미정,"일반 강연 문학, writing",https://www.bookseed.kr/program/lecture/e2b15a81-7f3f-11f0-a027-1cce51281be1,
우리학교,김성호,＜어린이 산책 수업＞ :시인 같은 생물학자 김성호 선생님이 들려주는 이야기,어린이(저학년),대면/미정,"일반 강연 기타, 교양/문화",https://www.bookseed.kr/program/lecture/e2b14f46-7f3f-11f0-a027-1cce51281be1,
보랏빛소,신은영,<금지 구역에 가고 싶어> :나의 꿈을 찾아요!,어린이(저학년),대면/미정,"일반 강연 career, 문학",https://www.bookseed.kr/program/lecture/e2b140a7-7f3f-11f0-a027-1cce51281be1,
서사원,윤선아,<ㄴ이 사라졌다!> 윤선아 작가와의 만남,어린이(저학년),대면/미정,"일반 강연 문학, writing",https://www.bookseed.kr/program/lecture/e2b0e209-7f3f-11f0-a027-1cce51281be1,
다산어린이,이정란,<볼록 풍선껌> 이정란 작가와의 만남,어린이(저학년),비대면,"일반 강연 문학, creative",https://www.bookseed.kr/program/lecture/e2b086bf-7f3f-11f0-a027-1cce51281be1,
파랑새,송언,『나의 황금 연못』송언 작가의 이야기 보따리를 풀자!,어린이(저학년),대면/미정,"일반 강연 문학, writing",https://www.bookseed.kr/program/lecture/e2b071db-7f3f-11f0-a027-1cce51281be1,
우리학교,임지형,<푸하하 달리기 클럽> 임지형 작가와의 만남,어린이(저학년),대면/미정,"일반 강연 문학, writing",https://www.bookseed.kr/program/lecture/e2b00ac8-7f3f-11f0-a027-1cce51281be1,
다산어린이,김태호,<자모자모 변신 감자> 김태호 작가와의 만남,어린이(저학년),대면/미정,"일반 강연 문학, creative",https://www.bookseed.kr/program/lecture/e2afe55a-7f3f-11f0-a027-1cce51281be1,
달그림,표지율,<봄의 왕국> 책을 읽고 나만의 왕국 꾸미기,어린이(저학년),비대면,"활동/워크숍 문학, 기타",https://www.bookseed.kr/program/lecture/e2afe047-7f3f-11f0-a027-1cce51281be1,
그린애플,김시아,"말하지 못한 마음, 포장해서 전해요 – 《큐피드의 초콜릿》 감정 워크숍",어린이(저학년),비대면,활동/워크숍 사회,https://www.bookseed.kr/program/lecture/e2afd15a-7f3f-11f0-a027-1cce51281be1,
길벗스쿨,이송현,<숙제 외계인 곽배기> 이송현 작가와 숙제 고민 해결,어린이(저학년),대면/미정,"일반 강연 문학, creative",https://www.bookseed.kr/program/lecture/e2afa2f9-7f3f-11f0-a027-1cce51281be1,
파랑새,오진희,"『짱뚱이의 시골생활』원조 짱뚱이, 오진희 작가를 만나다",어린이(저학년),대면/미정,"일반 강연 문학, 기타",https://www.bookseed.kr/program/lecture/e2af9a83-7f3f-11f0-a027-1cce51281be1,
책읽는곰,공수경,<어서 오시'개' 짬뽕 도장> : 함께 하는 즐거움,어린이(저학년),비대면,"일반 강연 문학, 기타",https://www.bookseed.kr/program/lecture/e2af7751-7f3f-11f0-a027-1cce51281be1,
풀과바람(바우솔),김현례,<나는 나니까> 김현례 작가와의 만남,어린이(저학년),대면/미정,"일반 강연 creative, 문학",https://www.bookseed.kr/program/lecture/e2af71b1-7f3f-11f0-a027-1cce51281be1,
풀과바람(바우솔),김현례,<어디 가세요?> 김현례 작가와의 만남,어린이(저학년),대면/미정,"일반 강연 문학, creative",https://www.bookseed.kr/program/lecture/e2af6cf4-7f3f-11f0-a027-1cce51281be1,
봄개울,임서경,<멀쩡하네> 임서경 작가와의 만남,어린이(저학년),비대면,"일반 강연 교양/문화, writing",https://www.bookseed.kr/program/lecture/e2ae6915-7f3f-11f0-a027-1cce51281be1,
뜨인돌어린이,윤지은,<똑딱! 첫째가 되고 싶니?> :세상에 단 하나뿐인 나!(이름핀 만들기),어린이(저학년),비대면,"bookplay creative, 기타",https://www.bookseed.kr/program/lecture/e2ae1e04-7f3f-11f0-a027-1cce51281be1,
이지북,고수진,<오리 우체부> :'오리 우체부'에게 배우는 마음을 전하는 용기,어린이(저학년),대면/미정,"일반 강연 문학, creative",https://www.bookseed.kr/program/lecture/e2ae0384-7f3f-11f0-a027-1cce51281be1,
마루비,김보경,<너라면 가게> :나의 '너라면' 찾기,어린이(저학년),대면/미정,"일반 강연 문학, creative",https://www.bookseed.kr/program/lecture/e2add4c6-7f3f-11f0-a027-1cce51281be1,
우리학교,은정,"<마음이 사르르, 달빛 그림자> 은정 작가와 떠나는 한밤중 모험",어린이(저학년),대면/미정,"일반 강연 문학, 기타",https://www.bookseed.kr/program/lecture/e2adb197-7f3f-11f0-a027-1cce51281be1,
바우솔,서석영,걱정을 지우고 싶어! : <걱정 지우개>,어린이(저학년),대면/미정,"일반 강연 문학, creative",https://www.bookseed.kr/program/lecture/e2ad876e-7f3f-11f0-a027-1cce51281be1,
사계절,조혜란,<노랑이들> 조혜란 작가와의 만남,어린이(저학년),대면/미정,"bookplay 문학, 기타",https://www.bookseed.kr/program/lecture/e2ad56d6-7f3f-11f0-a027-1cce51281be1,https://search1.kakaocdn.net/thumb/R120x174.q85/?fname=http%3A%2F%2Ft1.daumcdn.net%2Flbook%2Fimage%2F1606424%3Ftimestamp%3D20231031153503
책읽는곰,조혜란,<밤바다로 해루질 가요!> :엄마 선물 찾으러 밤바다로 해루질 가자,어린이(저학년),대면/미정,일반 강연 기타,https://www.bookseed.kr/program/lecture/e2ad4d8d-7f3f-11f0-a027-1cce51281be1,
사계절,조혜란,<상추씨> :상추밭에 가자,어린이(저학년),대면/미정,활동/워크숍 기타,https://www.bookseed.kr/program/lecture/e2ad492d-7f3f-11f0-a027-1cce51281be1,https://search1.kakaocdn.net/thumb/R120x174.q85/?fname=http%3A%2F%2Ft1.daumcdn.net%2Flbook%2Fimage%2F1601470%3Ftimestamp%3D20260719110216
북극곰,최영아 (지은이),『여우비』 그림책 작가와의 만남_전통 혼례 장신구 만들기,어린이(저학년),비대면,"bookplay 문학, art",https://www.bookseed.kr/program/lecture/e2ad2ebe-7f3f-11f0-a027-1cce51281be1,
주니어마리(마리북스),진정,<국어나라 체언도시 1> :초등 국어에서 수능 국어까지!,어린이(저학년),대면/미정,"일반 강연 기타, 교양/문화",https://www.bookseed.kr/program/lecture/e2ad2498-7f3f-11f0-a027-1cce51281be1,
북극곰,정주희 (지은이),"『영원한 미자 씨』_추억, 영원히 기억될 순간",어린이(저학년),비대면,bookplay 그림책,https://www.bookseed.kr/program/lecture/e2acccd4-7f3f-11f0-a027-1cce51281be1,
머스트비,이현아,<또 비밀이야?> :진실한 마음과 태도,어린이(저학년),비대면,"일반 강연 기타, writing",https://www.bookseed.kr/program/lecture/e2ac94d7-7f3f-11f0-a027-1cce51281be1,
썬더키즈,한태경,<고래를 마주하는 순간> :고래와 함께하는 마음 키우기,어린이(저학년),대면/미정,"일반 강연 문학, 교양/문화",https://www.bookseed.kr/program/lecture/e2ac79f3-7f3f-11f0-a027-1cce51281be1,
썬더키즈,윤해연,<슈퍼맨의 비밀> :슈퍼맨과 함께 마음 키우기,어린이(저학년),대면/미정,"창작 문학, creative",https://www.bookseed.kr/program/lecture/e2ac6711-7f3f-11f0-a027-1cce51281be1,
마루비,박선화,<로봇 택시 기사 무디> :로봇 택시 기사 무디와 친구가 될 수 있을까요?,어린이(저학년),대면/미정,"일반 강연 문학, writing",https://www.bookseed.kr/program/lecture/e2ac5c24-7f3f-11f0-a027-1cce51281be1,
북극곰,이현영,<대단한 날개> :그림책 작가와 자존감 찾기,어린이(저학년),비대면,"bookplay art, 문학",https://www.bookseed.kr/program/lecture/e2ac46f0-7f3f-11f0-a027-1cce51281be1,
우주나무,한수언,<상큼 달콤 차차차> :우리 아이 감정 교육,어린이(저학년),대면/미정,"일반 강연 creative, 인문",https://www.bookseed.kr/program/lecture/e2abe648-7f3f-11f0-a027-1cce51281be1,
도서출판 풀빛,권영이,<소곤소곤 이어폰 도깨비> 권영이 작가와의 만남,어린이(저학년),비대면,"일반 강연 creative, 기타",https://www.bookseed.kr/program/lecture/e2aba49c-7f3f-11f0-a027-1cce51281be1,
주니어김영사,김선,<천 번 마법> 수많은 실패를 통해 성장하는 우리,어린이(저학년),비대면,"일반 강연 문학, career",https://www.bookseed.kr/program/lecture/e2aa9d57-7f3f-11f0-a027-1cce51281be1,
바람의 아이들,오시은,<용용의 학교 점령기> :여러분의 학교는 안녕하신가용?,어린이(저학년),대면/미정,"일반 강연 문학, writing",https://www.bookseed.kr/program/lecture/e2aa876d-7f3f-11f0-a027-1cce51281be1,
킨더랜드,김상규,『도요휴게소』:도요새와 탐조 이야기,어린이(저학년),비대면,"일반 강연 기타, art",https://www.bookseed.kr/program/lecture/e2aa8288-7f3f-11f0-a027-1cce51281be1,
봄마중,정진,<붕어빵 파는 삼신할미> :삼신할미는 왜 말썽꾸러기가 되었나?,어린이(저학년),대면/미정,"일반 강연 creative, 문학",https://www.bookseed.kr/program/lecture/e2aa2335-7f3f-11f0-a027-1cce51281be1,
잇츠북어린이,"이수용 (지은이), 정경아 (그림)",레오의 폼 나는 초등 생활,어린이(저학년),비대면,"일반 강연 독서활동, career",https://www.bookseed.kr/program/lecture/e2aa0645-7f3f-11f0-a027-1cce51281be1,
책과콩나무,공수경,<코인 숙제방> : 생각이 쑥쑥! 상상이 펑펑!,어린이(저학년),비대면,"일반 강연 문학, 교과",https://www.bookseed.kr/program/lecture/e2aa0233-7f3f-11f0-a027-1cce51281be1,
책읽는곰,공수경,<해피 메리 루빛뚱> : 행복하고 즐거운 나의 꿈 찾기,어린이(저학년),비대면,"일반 강연 문학, 교과",https://www.bookseed.kr/program/lecture/e2a9fedc-7f3f-11f0-a027-1cce51281be1,
한울림어린이,김병하,《미안해》:우리 주변의 작지만 소중한 생명을 돌아보아요(자연을 소중히 여기는 마음 키우기),어린이(저학년),대면/미정,"일반 강연 문학, 기타",https://www.bookseed.kr/program/lecture/e2a9f59d-7f3f-11f0-a027-1cce51281be1,
스푼북,고수산나,<수상한 선글라스> :교과서 수록도서 작가와의 만남,어린이(저학년),대면/미정,일반 강연 기타,https://www.bookseed.kr/program/lecture/e2a9dff9-7f3f-11f0-a027-1cce51281be1,
자음과모음,박혜선,<시끌벌적 글자 놀이터> :동시로 표현한 학교의 모습,어린이(저학년),대면/미정,"일반 강연 문학, 교양/문화",https://www.bookseed.kr/program/lecture/e2a8f744-7f3f-11f0-a027-1cce51281be1,
자음과모음,장석주,<또르르 똑똑 빗방울 삼 형제> 장석주 작가와 함께 동시로 문해력 키우기,어린이(저학년),대면/미정,"일반 강연 문학, 교양/문화",https://www.bookseed.kr/program/lecture/e2a8e2c9-7f3f-11f0-a027-1cce51281be1,
소동출판사,홍당무,소원 카드 만들기 _ 소원을 말해봐 <회전목마> /강연 및 체험,어린이(저학년),비대면,"활동/워크숍 기타, art",https://www.bookseed.kr/program/lecture/e2a8bc96-7f3f-11f0-a027-1cce51281be1,https://search1.kakaocdn.net/thumb/R120x174.q85/?fname=http%3A%2F%2Ft1.daumcdn.net%2Flbook%2Fimage%2F6783365%3Ftimestamp%3D20250923141437
한권의책,이성희,<지금부터 하면 돼> 이성희 작가와의 만남,어린이(저학년),대면/미정,"일반 강연 사회, 기타",https://www.bookseed.kr/program/lecture/e2a8a218-7f3f-11f0-a027-1cce51281be1,
보림,장영복,『가시연잎이 말했네』:가시연잎과 함께 상상여행 떠나요,어린이(저학년),비대면,"bookplay 문학, creative",https://www.bookseed.kr/program/lecture/e2a88e82-7f3f-11f0-a027-1cce51281be1,
바우솔,서석영,<택배로 온 AI 아빠> 서석영 작가와의 만남,어린이(저학년),비대면,"일반 강연 문학, 인문",https://www.bookseed.kr/program/lecture/e2a83100-7f3f-11f0-a027-1cce51281be1,
파란자전거,김지영,<우리 학교 ㄱㄴㄷ> :우리 학교는? 어떤 ㄱㄴㄷ?,어린이(저학년),대면/미정,"활동/워크숍 문학, 기타",https://www.bookseed.kr/program/lecture/e2a7f207-7f3f-11f0-a027-1cce51281be1,
한울림어린이,이은기,《십사덕이 오리네 아슬아슬 이소 대작전》:우리집 베란다에 오리가 둥지를 튼다면?(도시에서 동물과 공존하기),어린이(저학년),대면/미정,"일반 강연 문학, 기타",https://www.bookseed.kr/program/lecture/e2a7b110-7f3f-11f0-a027-1cce51281be1,
봄날의곰,최현주,『맙소사! 오늘부터?』 최현주 작가와의 만남: 종이 콜라주 트로피 만들기,어린이(저학년),대면/미정,"일반 강연 문학, art",https://www.bookseed.kr/program/lecture/e2a7067d-7f3f-11f0-a027-1cce51281be1,
크레용하우스,김해우,<마녀 교장과 아주 특별한 시계> 김해우 작가와의 만남 :우정과 용기,어린이(저학년),비대면,"일반 강연 문학, 인문",https://www.bookseed.kr/program/lecture/e2a6bae8-7f3f-11f0-a027-1cce51281be1,
길벗스쿨,홍지연,《팜》시리즈 홍지연 작가와의 만남,어린이(저학년),대면/미정,활동/워크숍 기타,https://www.bookseed.kr/program/lecture/e2a67329-7f3f-11f0-a027-1cce51281be1,
지학사아르볼,이혜원,<정령 치유 레스토랑 타르타 1> :치유 레스토랑에 초대합니다! 정령 소녀 한나의 성장 이야기,어린이(저학년),대면/미정,"활동/워크숍 art, creative",https://www.bookseed.kr/program/lecture/e2a66b47-7f3f-11f0-a027-1cce51281be1,
키즈프렌즈,"이향지 (지은이), 한나빵 (그림)",학교의 요정 - 나를 믿는 마음,어린이(저학년),비대면,"독서 문학, writing",https://www.bookseed.kr/program/lecture/e2a642c1-7f3f-11f0-a027-1cce51281be1,
노란돼지,하은경,<구미호 탐정 사무소> 하은경 작가와의 만남,어린이(저학년),비대면,"일반 강연 문학, 인문",https://www.bookseed.kr/program/lecture/e2a6352b-7f3f-11f0-a027-1cce51281be1,
미래앤아이세움,하은경,<마지막 책을 가진 아이> 하은경 작가와의 만남,어린이(저학년),비대면,"일반 강연 문학, 인문",https://www.bookseed.kr/program/lecture/e2a62d6d-7f3f-11f0-a027-1cce51281be1,
잇츠북어린이,"정희용 (지은이), 정은선 (그림)",자체 발광 오샛별,어린이(저학년),비대면,"일반 강연 문학, 인문",https://www.bookseed.kr/program/lecture/e2a57f93-7f3f-11f0-a027-1cce51281be1,
잇츠북어린이,정희용(글),<가짜 생일 파티> :우리는 우정 파티 플래너(거짓말 파헤치기),어린이(저학년),비대면,"일반 강연 문학, 인문",https://www.bookseed.kr/program/lecture/e2a5624f-7f3f-11f0-a027-1cce51281be1,
뜨인돌어린이,현단,<하여튼 이상해> :친구를 바라보는 새로운 시선(관계 성장 그림책),어린이(저학년),대면/미정,"활동/워크숍 문학, 교양/문화",https://www.bookseed.kr/program/lecture/e2a53270-7f3f-11f0-a027-1cce51281be1,https://search1.kakaocdn.net/thumb/R120x174.q85/?fname=http%3A%2F%2Ft1.daumcdn.net%2Flbook%2Fimage%2F6825194%3Ftimestamp%3D20260607121713
슈크림북,즐하,<슈퍼 똥 파워> :친구의 장점을 찾아 응원하자!,어린이(저학년),대면/미정,"일반 강연 문학, creative",https://www.bookseed.kr/program/lecture/e2a50f72-7f3f-11f0-a027-1cce51281be1,
크레용하우스,장은혜,<재규어의 푸른 꿈> :그림책을 통해 알아보는 동물 자유권,어린이(저학년),비대면,"활동/워크숍 교양/문화, art",https://www.bookseed.kr/program/lecture/e2a4f779-7f3f-11f0-a027-1cce51281be1,
크레용하우스,장은혜,"<안녕, 나의 고래> :생명의 바다 그리고 고래 이야기",어린이(저학년),비대면,"활동/워크숍 교양/문화, art",https://www.bookseed.kr/program/lecture/e2a4f542-7f3f-11f0-a027-1cce51281be1,
크레용하우스,민이오,<팝콘 치킨> :동물 자유권이란 무엇일까요?,어린이(저학년),비대면,"활동/워크숍 교양/문화, art",https://www.bookseed.kr/program/lecture/e2a4f1bd-7f3f-11f0-a027-1cce51281be1,
크레용하우스,류미정,<돌려 돌려 행운의 돌림판> :류미정 작가와 함께 나만의 행복 찾기,어린이(저학년),비대면,"활동/워크숍 문학, 교양/문화",https://www.bookseed.kr/program/lecture/e2a4efc0-7f3f-11f0-a027-1cce51281be1,
크레용하우스,제성은,<악필왕 김지령> :제성은 작가님과 함께 알아보는 바른 글씨 쓰기,어린이(저학년),비대면,"일반 강연 writing, 문학",https://www.bookseed.kr/program/lecture/e2a4e082-7f3f-11f0-a027-1cce51281be1,
도서출판 꿈터,류미정,<쓰레기가 삼킨 100층 아파트> :독서를 통한 환경 보호,어린이(저학년),대면/미정,"일반 강연 문학, 교양/문화",https://www.bookseed.kr/program/lecture/e2a4885d-7f3f-11f0-a027-1cce51281be1,
주니어RHK,송미경,〈생쥐 소소 선생〉송미경 작가와의 만남,어린이(저학년),대면/미정,"일반 강연 creative, 문학",https://www.bookseed.kr/program/lecture/e2a47773-7f3f-11f0-a027-1cce51281be1,
잇츠북,홍민정,<행운 없는 럭키 박스> 홍민정 작가와의 만남 :행운도 행복도 내가 만드는 것!,어린이(저학년),비대면,일반 강연 기타,https://www.bookseed.kr/program/lecture/e2a416d5-7f3f-11f0-a027-1cce51281be1,
보리출판사,이현아,<똥깨비 도니> :자람과 성장,어린이(저학년),비대면,"일반 강연 writing, 기타",https://www.bookseed.kr/program/lecture/e2a3f2c5-7f3f-11f0-a027-1cce51281be1,
숨쉬는책공장,곽민수,<도도는 정말 사라졌을까?> :도도새와 멸종동물 이야기,어린이(저학년),비대면,"활동/워크숍 인문, 교양/문화",https://www.bookseed.kr/program/lecture/e2a28d8f-7f3f-11f0-a027-1cce51281be1,
북극곰,이미성,<왁투> :나의 장점 찾기,어린이(저학년),대면/미정,"활동/워크숍 문학, 인문",https://www.bookseed.kr/program/lecture/e2a2376b-7f3f-11f0-a027-1cce51281be1,https://search1.kakaocdn.net/thumb/R120x174.q85/?fname=http%3A%2F%2Ft1.daumcdn.net%2Flbook%2Fimage%2F1655085%3Ftimestamp%3D20241218114015
반달서재,홍민정,"<눈물 쏙 스펀지> :마음의 신호등, 눈물",어린이(저학년),비대면,"일반 강연 문학, 기타",https://www.bookseed.kr/program/lecture/e2a22cd6-7f3f-11f0-a027-1cce51281be1,
월천상회,장혜련,<꿀 따러 간다> 장혜련 작가와의 만남,어린이(저학년),대면/미정,"일반 강연 art, creative",https://www.bookseed.kr/program/lecture/e2a1f3c9-7f3f-11f0-a027-1cce51281be1,
서사원,권귀헌,<완주 감정 표현 따라 쓰기> 권귀헌 작가와의 만남,어린이(저학년),대면/미정,"일반 강연 writing, creative",https://www.bookseed.kr/program/lecture/e2a11aec-7f3f-11f0-a027-1cce51281be1,
잇츠북,임민영,<천하태평 바꾸기 작전> :다양함이 모여 빛나는 우리,어린이(저학년),비대면,일반 강연 기타,https://www.bookseed.kr/program/lecture/e2a0e35a-7f3f-11f0-a027-1cce51281be1,
한울림어린이(한울림),홍성례 (지은이),《이어진 끈을 잘랐더니》 _ '관계'는 뭘까요? 함께 알아보아요,어린이(저학년),대면/미정,"일반 강연 기타, 문학",https://www.bookseed.kr/program/lecture/e2a002bd-7f3f-11f0-a027-1cce51281be1,
자음과모음,노수미,<자신이 없을 땐 어떻게 해요?> : 자신을 믿는 힘,어린이(저학년),대면/미정,일반 강연 문학,https://www.bookseed.kr/program/lecture/e29fdfe4-7f3f-11f0-a027-1cce51281be1,
한울림어린이(한울림),"최지혜 (지은이), 김고둥 (그림)",《도서관 고양이 두 번째 이야기》 _ 동물의 마음을 읽어요,어린이(저학년),비대면,"일반 강연 문학, 기타",https://www.bookseed.kr/program/lecture/e29f604c-7f3f-11f0-a027-1cce51281be1,
한울림어린이(한울림),"최지혜 (지은이), 김고둥 (그림)",《도서관 고양이》 _ 그림책 속으로 떠나는 여행(초등1학년 국어교과서 수록도서),어린이(저학년),비대면,"일반 강연 기타, 문학",https://www.bookseed.kr/program/lecture/e29f5915-7f3f-11f0-a027-1cce51281be1,
자음과모음,이명랑,<친구를 사귀고 싶을 때는 어떻게 해요?> :친구에게 먼저 다가갈 작은 용기,어린이(저학년),대면/미정,일반 강연 문학,https://www.bookseed.kr/program/lecture/e29f2a01-7f3f-11f0-a027-1cce51281be1,
한울림어린이(한울림),유진 (지은이),《유기견 영남이》 _ 반려동물과 함께하는 법,어린이(저학년),비대면,"일반 강연 기타, 사회",https://www.bookseed.kr/program/lecture/e29f0685-7f3f-11f0-a027-1cce51281be1,
이지북,이수용,<행복한 걱정 가게2> :무엇보다 소중한 나만의 걱정,어린이(저학년),대면/미정,일반 강연 문학,https://www.bookseed.kr/program/lecture/e29eced9-7f3f-11f0-a027-1cce51281be1,
이지북,최빛나,<사랑의 뽑기봇> :이어폰으로 마주하는 내 마음,어린이(저학년),대면/미정,일반 강연 문학,https://www.bookseed.kr/program/lecture/e29e2e42-7f3f-11f0-a027-1cce51281be1,
서사원,이혜정,<완주 초등 대회 글쓰기> 이혜정 작가와의 만남,어린이(저학년),대면/미정,"일반 강연 writing, 기타",https://www.bookseed.kr/program/lecture/e29caaf9-7f3f-11f0-a027-1cce51281be1,
문학동네,보린,<초도리와 말썽 많은 숲> :숲에서 만나는 이야기,어린이(저학년),대면/미정,"활동/워크숍 art, 문학",https://www.bookseed.kr/program/lecture/e29c55de-7f3f-11f0-a027-1cce51281be1,
창비,보린,『쿵! 안개초등학교』 :아프고 슬픈 한국 전쟁 이야기,어린이(저학년),대면/미정,"일반 강연 사회, 인문",https://www.bookseed.kr/program/lecture/e29c52d3-7f3f-11f0-a027-1cce51281be1,
킨더랜드,샤샤미우,<스킹의 발명노트> :나만의 발명품 만들기,어린이(저학년),대면/미정,"창작 creative, 문학",https://www.bookseed.kr/program/lecture/e29bc749-7f3f-11f0-a027-1cce51281be1,
재미마주,박이슬,"<혼자 있을 때, 나는> :꼭꼭 숨어라!",어린이(저학년),대면/미정,"활동/워크숍 art, creative",https://www.bookseed.kr/program/lecture/e29b5262-7f3f-11f0-a027-1cce51281be1,
사계절,지영우,<달꽃 밥상>을 함께 읽고 꽃밥을 만들어 가족에게 선물해요,어린이(저학년),비대면,"활동/워크숍 creative, 기타",https://www.bookseed.kr/program/lecture/e29b41dd-7f3f-11f0-a027-1cce51281be1,
옐로스톤,최혜수,<마스와 미스의 특별한 침대> 팝업북 만들기,어린이(저학년),대면/미정,"활동/워크숍 creative, art",https://www.bookseed.kr/program/lecture/e29b39c9-7f3f-11f0-a027-1cce51281be1,
토끼섬,한라경,<초코초코 초코해!> :우리 모두 축하해요!,어린이(저학년),비대면,"활동/워크숍 문학, creative",https://www.bookseed.kr/program/lecture/e29b2cc9-7f3f-11f0-a027-1cce51281be1,
도서출판 다림,서수인,<긁적긁적>과 함께 내 마음속 말하지 못한 이야기,어린이(저학년),대면/미정,"활동/워크숍 art, creative",https://www.bookseed.kr/program/lecture/e29a5113-7f3f-11f0-a027-1cce51281be1,
나무의말,"자현 (지은이), 차영경 (그림)",이야기 가게,어린이(저학년),비대면,"활동/워크숍 문학, creative",https://www.bookseed.kr/program/lecture/e29a4ec5-7f3f-11f0-a027-1cce51281be1,
단비어린이,권지영,<행복>: 나의 행복 이야기,어린이(저학년),대면/미정,"일반 강연 creative, 기타",https://www.bookseed.kr/program/lecture/e29a095f-7f3f-11f0-a027-1cce51281be1,
단비어린이,김해우,<민주주의를 지켜 나가야 하는 12가지 이유> 김해우 작가와의 만남,어린이(저학년),비대면,"일반 강연 인문, 기타",https://www.bookseed.kr/program/lecture/e299b077-7f3f-11f0-a027-1cce51281be1,
씨드북,신소영,『길모퉁이 구름김밥집』신소영 작가와 종이김밥 싸기,어린이(저학년),대면/미정,"일반 강연 문학, creative",https://www.bookseed.kr/program/lecture/e299a120-7f3f-11f0-a027-1cce51281be1,
단비어린이,권지영,계절그림책 <봄> <여름> <가을 > <겨울>,어린이(저학년),대면/미정,"일반 강연 기타, 문학",https://www.bookseed.kr/program/lecture/e2997919-7f3f-11f0-a027-1cce51281be1,
옐로스톤,강밀아,고아 소녀 버티,어린이(저학년),대면/미정,"활동/워크숍 문학, 교양/문화",https://www.bookseed.kr/program/lecture/e2993868-7f3f-11f0-a027-1cce51281be1,
잇츠북,홍민정,잘 지는 것도 중요해요!(지고는 못 살아),어린이(저학년),비대면,일반 강연 기타,https://www.bookseed.kr/program/lecture/e2992af0-7f3f-11f0-a027-1cce51281be1,
주니어RHK/모든요일그림책,소연정,"<조금만, 조금만 더> 종이인형극 + 아코디언북 만들기",어린이(저학년),비대면,"창작 문학, creative",https://www.bookseed.kr/program/lecture/e298c8b8-7f3f-11f0-a027-1cce51281be1,
리틀씨앤톡,백나영,<에너지도 아껴 써야 한다고?> 더워지는 지구에서 지혜롭게 에너지 사용하기,어린이(저학년),비대면,일반 강연 기타,https://www.bookseed.kr/program/lecture/e298a9a4-7f3f-11f0-a027-1cce51281be1,
길벗스쿨,임은정,『마음 두꺼비 약국』의 임은정 작가와 내 마음 들여다보기,어린이(저학년),대면/미정,"활동/워크숍 문학, writing",https://www.bookseed.kr/program/lecture/e298183f-7f3f-11f0-a027-1cce51281be1,
봄마중,장희주,《고양이 타로와 신비한 귀걸이》 장희주 작가와의 만남,어린이(저학년),대면/미정,"일반 강연 문학, writing",https://www.bookseed.kr/program/lecture/e297efa4-7f3f-11f0-a027-1cce51281be1,
개암나무,김은중,<좋은 말로 할 수 있잖아!> : 좋은 말은 힘이 세다,어린이(저학년),비대면,"일반 강연 문학, 기타",https://www.bookseed.kr/program/lecture/e297ea45-7f3f-11f0-a027-1cce51281be1,
반달서재,장희주,관찰과 질문으로 캐릭터 만들기 : 장희주 작가와의 만남,어린이(저학년),대면/미정,"일반 강연 writing, creative",https://www.bookseed.kr/program/lecture/e297cb78-7f3f-11f0-a027-1cce51281be1,
그린북,장희주,<이야기 귀신의 복수> 장희주 작가와의 만남,어린이(저학년),대면/미정,"일반 강연 인문, writing",https://www.bookseed.kr/program/lecture/e297c87b-7f3f-11f0-a027-1cce51281be1,
마루비,김혜영,<숲속에서>: 우리 함께 숲속에서 이야기해요,어린이(저학년),대면/미정,"일반 강연 문학, writing",https://www.bookseed.kr/program/lecture/e297ae6b-7f3f-11f0-a027-1cce51281be1,
봄날의곰,임윤정,『구두 디자이너 뱀 씨』 임윤정 작가와의 만남_ 클레이 구두 만들기,어린이(저학년),대면/미정,"창작 art, career",https://www.bookseed.kr/program/lecture/e296c23b-7f3f-11f0-a027-1cce51281be1,
이지북,부연정,개성 강한 초능력을 가진 세 명의 어벤져스! <초능력 어벤져스2>,어린이(저학년),대면/미정,"일반 강연 문학, 기타",https://www.bookseed.kr/program/lecture/e296b829-7f3f-11f0-a027-1cce51281be1,
리틀씨앤톡,장지혜,<껌딱지 코딱지> 그림책 놀이,어린이(저학년),비대면,"bookplay creative, 기타",https://www.bookseed.kr/program/lecture/e296b43c-7f3f-11f0-a027-1cce51281be1,
다산어린이,김영주,언제나 우리 곁의 <이불 귀신 동동이>,어린이(저학년),대면/미정,"일반 강연 문학, creative",https://www.bookseed.kr/program/lecture/e296ae69-7f3f-11f0-a027-1cce51281be1,
도서출판 다림,"천미진, 곽수진",그림책 <밤의 노래>와 함께하는 어린이 직업 탐구,어린이(저학년),비대면,"독서 art, 인문",https://www.bookseed.kr/program/lecture/e296ab31-7f3f-11f0-a027-1cce51281be1,
고래책빵,유영주,길고양이 원정대와 함께 하는 생명 존중 이야기,어린이(저학년),비대면,"일반 강연 문학, writing",https://www.bookseed.kr/program/lecture/e2969aa6-7f3f-11f0-a027-1cce51281be1,
도서출판 다림,전은희,우리는 이웃입니다,어린이(저학년),대면/미정,"일반 강연 교양/문화, 인문",https://www.bookseed.kr/program/lecture/e29676ee-7f3f-11f0-a027-1cce51281be1,
곰곰,이혜란,<뜨뜨뜨뜨 뜩구> 작가와의 만남,어린이(저학년),대면/미정,"일반 강연 문학, 기타",https://www.bookseed.kr/program/lecture/e2965814-7f3f-11f0-a027-1cce51281be1,
그린애플,한해숙,반려 동물과 함께 즐겁게 살아가는 법,어린이(저학년),대면/미정,"일반 강연 문학, 기타",https://www.bookseed.kr/program/lecture/e2965554-7f3f-11f0-a027-1cce51281be1,
비룡소,김해우,<정직맨과 고자질맨> 김해우 작가와의 만남,어린이(저학년),비대면,"일반 강연 문학, creative",https://www.bookseed.kr/program/lecture/e295718f-7f3f-11f0-a027-1cce51281be1,
책과콩나무,김해우,<유전자 조작 반려동물 뭉치> 김해우 작가와의 만남 :유전자 조작과 생명존중,어린이(저학년),비대면,"일반 강연 문학, creative",https://www.bookseed.kr/program/lecture/e2954685-7f3f-11f0-a027-1cce51281be1,
단비어린이,김해우,<인권이 소중할 수밖에 없는 12가지 이유> 김해우 작가와의 만남,어린이(저학년),비대면,일반 강연 인문,https://www.bookseed.kr/program/lecture/e2951b0a-7f3f-11f0-a027-1cce51281be1,
웅진 주니어,김진희,구름 온천 가는 길,어린이(저학년),비대면,"활동/워크숍 문학, creative",https://www.bookseed.kr/program/lecture/e294f25e-7f3f-11f0-a027-1cce51281be1,
나무의말,한유진,◈ 혼자 학교 가는 날◈ 한유진 작가와의 만남: 책놀이 오감으로 만나는 그림책 / 가족 특강 / 유치원 / 1학년 작가와의 만남 /도전 내 마음 탐험,어린이(저학년),대면/미정,"일반 강연 문학, art",https://www.bookseed.kr/program/lecture/e294df8d-7f3f-11f0-a027-1cce51281be1,
걸음동무,"한유진 (지은이), 젤리이모 (그림)","< 산타 할아버지 우리 집에 오지 마세요> 한유진 작가와의 만남 :이해와 공감의 힘, 내 감정은 소중해! / 크리스마스 그림책 / 연말 강연 / 그림책 강연",어린이(저학년),대면/미정,"활동/워크숍 인문, 문학",https://www.bookseed.kr/program/lecture/e294a348-7f3f-11f0-a027-1cce51281be1,
도서출판 다림,전은희,벨루가와 함께하는 생명의 바다,어린이(저학년),대면/미정,"일반 강연 교양/문화, 인문",https://www.bookseed.kr/program/lecture/e2946714-7f3f-11f0-a027-1cce51281be1,
잇츠북어린이,임근희,<솔직병 : 하얀 거짓말>,어린이(저학년),비대면,"일반 강연 문학, creative",https://www.bookseed.kr/program/lecture/e293fe55-7f3f-11f0-a027-1cce51281be1,
개암나무,김근혜,친구로 고민이라면 <베프 떼어 내기 프로젝트>가 필요한 때,어린이(저학년),비대면,"일반 강연 문학, 인문",https://www.bookseed.kr/program/lecture/e2935cba-7f3f-11f0-a027-1cce51281be1,
위즈덤하우스,"김미애 (지은이), 유설화 (그림)",<척척 탐정은 지도를 못 본대> 김미애 작가와의 만남,어린이(저학년),비대면,"독서 그림책, 교과",https://www.bookseed.kr/program/lecture/e29309ce-7f3f-11f0-a027-1cce51281be1,
위즈덤하우스,"김미애 (글), 이경석 (그림)",<내 마음대로 규칙> 김미애 작가와의 만남,어린이(저학년),비대면,"독서 그림책, 교과",https://www.bookseed.kr/program/lecture/e29213ce-7f3f-11f0-a027-1cce51281be1,
베틀북,김하연,상상력과 관찰력을 키우는 추리 동화!,어린이(저학년),대면/미정,"일반 강연 문학, writing",https://www.bookseed.kr/program/lecture/e291e7a7-7f3f-11f0-a027-1cce51281be1,
계림북스,"김미애 (지은이), 우지현 (그림), 황은희 (감수)",<그림으로 보는 세종 대왕> 김미애 작가와의 만남,어린이(저학년),비대면,"독서 독서활동, 교과",https://www.bookseed.kr/program/lecture/e291a76f-7f3f-11f0-a027-1cce51281be1,
북극곰,하이진,<쿠키 크림의 비밀> 그림책 하이진 작가와 캐릭터 만들기,어린이(저학년),비대면,"bookplay 문학, 교양/문화",https://www.bookseed.kr/program/lecture/e2917520-7f3f-11f0-a027-1cce51281be1,
잇츠북어린이,전은숙,이기는 것보다 더 소중한 것!,어린이(저학년),대면/미정,"일반 강연 문학, 기타",https://www.bookseed.kr/program/lecture/e2911145-7f3f-11f0-a027-1cce51281be1,
문학과지성사,오늘,<나 혼자 사춘기> 오늘 작가와의 만남,어린이(저학년),비대면,"일반 강연 문학, creative",https://www.bookseed.kr/program/lecture/e2910743-7f3f-11f0-a027-1cce51281be1,
노란돼지,김지현,"걱정 돌봄 키트 만들기,『비가 오면 어쩌지?』",어린이(저학년),대면/미정,"활동/워크숍 creative, 독서활동",https://www.bookseed.kr/program/lecture/e290fdd4-7f3f-11f0-a027-1cce51281be1,
고래책빵,"정혜원 (지은이), 김민경 (그림)",<이상한 동물 카페 띵동> :유혹을 물리칠 수 있는 힘,어린이(저학년),비대면,"일반 강연 문학, 인문",https://www.bookseed.kr/program/lecture/e290dea4-7f3f-11f0-a027-1cce51281be1,
크레용하우스,전은숙,느리고 서툰 어린이를 위한 힘찬 응원!,어린이(저학년),대면/미정,"일반 강연 문학, 기타",https://www.bookseed.kr/program/lecture/e2906802-7f3f-11f0-a027-1cce51281be1,
소원나무,김진형,<반반 솜사탕> 김진형 작가,어린이(저학년),대면/미정,"일반 강연 문학, 기타",https://www.bookseed.kr/program/lecture/e28fbbd2-7f3f-11f0-a027-1cce51281be1,
꿈터,김바다 글,잘먹고 잘살자 건강을 위한 먹거리 채소와 과일,어린이(저학년),대면/미정,"일반 강연 교양/문화, 기타",https://www.bookseed.kr/program/lecture/e28f90af-7f3f-11f0-a027-1cce51281be1,
크레용하우스,범무늬소녀,내가 만약 먹 셰프를 만난다면?' 어떤 메뉴를 먹을까?,어린이(저학년),비대면,"일반 강연 문학, writing",https://www.bookseed.kr/program/lecture/e28f3fa7-7f3f-11f0-a027-1cce51281be1,
문학과지성사,신현이,<나는 언니가 좋아요> 신현이 작가와의 만남,어린이(저학년),비대면,"일반 강연 문학, creative",https://www.bookseed.kr/program/lecture/e28ee789-7f3f-11f0-a027-1cce51281be1,https://search1.kakaocdn.net/thumb/R120x174.q85/?fname=http%3A%2F%2Ft1.daumcdn.net%2Flbook%2Fimage%2F6754112%3Ftimestamp%3D20250926141215
모든요일,이지미,연결과 연대의 중요성 <모두의 어깨> 작가와의 만남,어린이(저학년),비대면,"일반 강연 사회, 기타",https://www.bookseed.kr/program/lecture/e28ee105-7f3f-11f0-a027-1cce51281be1,
올리,이지미,나만의 '우산 대신 OO'아코디언 북 만들기(초2-2 교과서 권장도서),어린이(저학년),비대면,"활동/워크숍 creative, writing",https://www.bookseed.kr/program/lecture/e28ed6d2-7f3f-11f0-a027-1cce51281be1,
봄마중,류미정,꿈을 향한 인생 그래프,어린이(저학년),대면/미정,"일반 강연 문학, creative",https://www.bookseed.kr/program/lecture/e28e98be-7f3f-11f0-a027-1cce51281be1,
내일도맑음,박현은,<희망 구슬> 작가와의 만남,어린이(저학년),비대면,"일반 강연 문학, creative",https://www.bookseed.kr/program/lecture/e28e1de9-7f3f-11f0-a027-1cce51281be1,
내일도맑음,박현아,"<굿바이, 튼튼> :나의 첫 반려동물, 만남에서 이별까지",어린이(저학년),비대면,"일반 강연 문학, creative",https://www.bookseed.kr/program/lecture/e28e11ab-7f3f-11f0-a027-1cce51281be1,
서사원,남택진,처음 시계 보기,어린이(저학년),대면/미정,"일반 강연 교양/문화, 기타",https://www.bookseed.kr/program/lecture/e28d8f79-7f3f-11f0-a027-1cce51281be1,
우리학교,조영서,<오홍홍홍 홍콩 할매> 조영서 작가와의 만남 : 귀신과 친구 되는 법!,어린이(저학년),비대면,"일반 강연 문학, 인문",https://www.bookseed.kr/program/lecture/e28d13f8-7f3f-11f0-a027-1cce51281be1,
토끼섬,안오일,<외계에서 온 전기수> :사람의 마음을 움직이게 만드는 이야기의 힘과 꿈,어린이(저학년),비대면,"일반 강연 문학, 인문",https://www.bookseed.kr/program/lecture/e28cdef7-7f3f-11f0-a027-1cce51281be1,
꼬마이실,상자,뭐든지마트를 읽고 자존감 갖기,어린이(저학년),비대면,"일반 강연 문학, creative",https://www.bookseed.kr/program/lecture/e28cd32e-7f3f-11f0-a027-1cce51281be1,
꼬마이실,상자,수박 행성,어린이(저학년),비대면,"일반 강연 문학, creative",https://www.bookseed.kr/program/lecture/e28cbbe1-7f3f-11f0-a027-1cce51281be1,
이지북,정원주,"작지만 용감한 주인공, 당차고 씩씩한 친구들_<콩알이의 위험한 여행>",어린이(저학년),대면/미정,일반 강연 문학,https://www.bookseed.kr/program/lecture/e28c8dd1-7f3f-11f0-a027-1cce51281be1,
잇츠북어린이,"임근희 (지은이), 지우 (그림)",<내 짝꿍으로 말할 것 같으면> 임근희 작가와의 만남,어린이(저학년),비대면,"일반 강연 문학, creative",https://www.bookseed.kr/program/lecture/e28c6a9d-7f3f-11f0-a027-1cce51281be1,
좋은책어린이,임근희,<듣기 싫은 금지어& 듣고 싶은 칭찬어>,어린이(저학년),비대면,"일반 강연 문학, creative",https://www.bookseed.kr/program/lecture/e28c4d1e-7f3f-11f0-a027-1cce51281be1,
단비어린이,임근희,<팽수지가 전하는 '관심'에 관한 이야기>,어린이(저학년),대면/미정,"일반 강연 문학, creative",https://www.bookseed.kr/program/lecture/e28bf68c-7f3f-11f0-a027-1cce51281be1,
책읽는곰,임근희,<이기심보단 이타심!>,어린이(저학년),비대면,"일반 강연 문학, creative",https://www.bookseed.kr/program/lecture/e28ac0cc-7f3f-11f0-a027-1cce51281be1,
마루비,신원미,[거미줄 줄넘기 2 – 모든 날씨가 특별했어!],어린이(저학년),대면/미정,"일반 강연 writing, 교양/문화",https://www.bookseed.kr/program/lecture/e28a459d-7f3f-11f0-a027-1cce51281be1,
슈크림북,백혜진,말에서 시작되는 긍정의 기운,어린이(저학년),대면/미정,"일반 강연 문학, creative",https://www.bookseed.kr/program/lecture/e28a1d11-7f3f-11f0-a027-1cce51281be1,
안녕로빈,전정임,너와 내가 우리가 되는 이야기,어린이(저학년),대면/미정,"일반 강연 문학, 교양/문화",https://www.bookseed.kr/program/lecture/e28a0ef9-7f3f-11f0-a027-1cce51281be1,
서사원,강미선,고양이 수학 A,어린이(저학년),대면/미정,일반 강연 기타,https://www.bookseed.kr/program/lecture/e289c239-7f3f-11f0-a027-1cce51281be1,
북멘토(도서출판),전은숙,리모컨으로 시간을 조종한다고?,어린이(저학년),대면/미정,"일반 강연 문학, creative",https://www.bookseed.kr/program/lecture/e2895ab1-7f3f-11f0-a027-1cce51281be1,
한림출판사,정영재,"<곤충마을로 간 윤오> 상상나라로 떠나는 여행, 그리고 생명존중",어린이(저학년),대면/미정,"활동/워크숍 creative, writing",https://www.bookseed.kr/program/lecture/e2892b52-7f3f-11f0-a027-1cce51281be1,
느림보,이민희,리멤버 : 멸종동물,어린이(저학년),비대면,"활동/워크숍 art, 문학",https://www.bookseed.kr/program/lecture/e289035c-7f3f-11f0-a027-1cce51281be1,
자음과모음,이명랑,‘우리’로 함께 나아가는 법 <양보하기 싫을 때는 어떻게 해요?>,어린이(저학년),대면/미정,일반 강연 문학,https://www.bookseed.kr/program/lecture/e288cf3d-7f3f-11f0-a027-1cce51281be1,
자음과모음,고정욱,"엄마, 아빠가 미워질 때는 대체 어떻게 해야 하지? <엄마, 아빠가 미울 때는 어떻게 해요?>",어린이(저학년),대면/미정,일반 강연 문학,https://www.bookseed.kr/program/lecture/e288ca32-7f3f-11f0-a027-1cce51281be1,
이지북,소하연,<미신이 무서워> :한국의 다양한 미신을 통해 본 아이들의 마음,어린이(저학년),대면/미정,일반 강연 문학,https://www.bookseed.kr/program/lecture/e288c5a4-7f3f-11f0-a027-1cce51281be1,
노란돼지,조숙경 (지은이),내가 살고 싶은 집,어린이(저학년),비대면,"활동/워크숍 문학, art",https://www.bookseed.kr/program/lecture/e288ae08-7f3f-11f0-a027-1cce51281be1,
아이앤북(I&BOOK),조숙경 (지은이),똥 마려워!,어린이(저학년),비대면,"활동/워크숍 문학, art",https://www.bookseed.kr/program/lecture/e2888088-7f3f-11f0-a027-1cce51281be1,
노란돼지,김수빈,<늑대는 1층에만>와 함께하는 작가!가 되어 차별과 편견에 맞서는 이야기 지어보기,어린이(저학년),비대면,"활동/워크숍 문학, 기타",https://www.bookseed.kr/program/lecture/e2883580-7f3f-11f0-a027-1cce51281be1,
이지북,이철환,우리의 등대이자 등불이 되어 주는 엄마 이야기 <등대와 엄마 고양이>,어린이(저학년),대면/미정,일반 강연 문학,https://www.bookseed.kr/program/lecture/e28825e3-7f3f-11f0-a027-1cce51281be1,
바우솔,길지연,지독하게 말 안 듣는 박모범,어린이(저학년),대면/미정,"일반 강연 문학, writing",https://www.bookseed.kr/program/lecture/e2873f1f-7f3f-11f0-a027-1cce51281be1,
이지북,이수용,우리는 왜 매일매일 걱정할까? <행복한 걱정 가게>,어린이(저학년),대면/미정,일반 강연 문학,https://www.bookseed.kr/program/lecture/e28738a1-7f3f-11f0-a027-1cce51281be1,
다정다감,고마운,빨판침대그림책과 함께 빨판시계만들기,어린이(저학년),대면/미정,"창작 creative, art",https://www.bookseed.kr/program/lecture/e286fce9-7f3f-11f0-a027-1cce51281be1,
소원나무,임화선,행복을 부르는 <이야기빵> 임화선 작가,어린이(저학년),대면/미정,"일반 강연 문학, 기타",https://www.bookseed.kr/program/lecture/e286ec23-7f3f-11f0-a027-1cce51281be1,
봄마중,한영미,"우리 가족, 사랑해!",어린이(저학년),대면/미정,"일반 강연 문학, creative",https://www.bookseed.kr/program/lecture/e286dda8-7f3f-11f0-a027-1cce51281be1,
서사원,최세용,초등 고전 읽기 수업 고학년,어린이(저학년),대면/미정,"일반 강연 기타, 교양/문화",https://www.bookseed.kr/program/lecture/e286ca20-7f3f-11f0-a027-1cce51281be1,
서사원,윤선아,<ㄱ이 사라졌다!> 윤선아 작가와의 만남,어린이(저학년),대면/미정,"일반 강연 문학, writing",https://www.bookseed.kr/program/lecture/e286a33f-7f3f-11f0-a027-1cce51281be1,
서사원,양춘미,초등 신문 읽기 IT과학·문화예술,어린이(저학년),대면/미정,"일반 강연 기타, 교양/문화",https://www.bookseed.kr/program/lecture/e286631f-7f3f-11f0-a027-1cce51281be1,
노란돼지,공수경,<거꾸로 상상하면 거꾸로>: 나 자신을 믿어요,어린이(저학년),비대면,일반 강연 문학,https://www.bookseed.kr/program/lecture/e2853724-7f3f-11f0-a027-1cce51281be1,
토끼섬,제성은,<이배속 선생님>과 함께 세대 차이 2배속으로 줄이기,어린이(저학년),비대면,"일반 강연 문학, creative",https://www.bookseed.kr/program/lecture/e284a9b0-7f3f-11f0-a027-1cce51281be1,
그린북,한유진,"<안녕, 작은 별 손님> 한유진 작가외의 만남 :반려동물, 함께라서 더 행복해! (온책읽기 / 환경 / 생태 / 동물)",어린이(저학년),비대면,"일반 강연 문학, 독서활동",https://www.bookseed.kr/program/lecture/e2844e35-7f3f-11f0-a027-1cce51281be1,
산지니,송방순,동화작가와 함께하는 여름 이야기,어린이(저학년),대면/미정,"일반 강연 creative, 기타",https://www.bookseed.kr/program/lecture/e28356c0-7f3f-11f0-a027-1cce51281be1,
산지니,김이삭,순우리말로 만나는 우리나라의 갯벌 친구들,어린이(저학년),대면/미정,"일반 강연 기타, creative",https://www.bookseed.kr/program/lecture/e2833c90-7f3f-11f0-a027-1cce51281be1,
페이퍼독,오다라,맛있게 인생 <불량감자> 오다라 작가와의 만남,어린이(저학년),대면/미정,"창작 문학, creative",https://www.bookseed.kr/program/lecture/e2829bc2-7f3f-11f0-a027-1cce51281be1,
봄볕,소윤경,청동투구를 쓴 소년,어린이(저학년),비대면,일반 강연 사회,https://www.bookseed.kr/program/lecture/e281def8-7f3f-11f0-a027-1cce51281be1,https://search1.kakaocdn.net/thumb/R120x174.q85/?fname=http%3A%2F%2Ft1.daumcdn.net%2Flbook%2Fimage%2F6688469%3Ftimestamp%3D20250201153448
킨더랜드,재희,<감자 감자 뿅> 나를 사랑하는 시간,어린이(저학년),대면/미정,"활동/워크숍 creative, art",https://www.bookseed.kr/program/lecture/e281b30a-7f3f-11f0-a027-1cce51281be1,
우리학교,최은영,좋은 리더가 되기 위한 방법! <이번엔 꼭 이겨야겠어_리더십 파워 충전소>,어린이(저학년),대면/미정,"일반 강연 기타, 문학",https://www.bookseed.kr/program/lecture/e281789a-7f3f-11f0-a027-1cce51281be1,
팜파스,이근애,함께 놀며 익히는 재미 가득한 한자 시간,어린이(저학년),대면/미정,"활동/워크숍 writing, 교양/문화",https://www.bookseed.kr/program/lecture/e28149f7-7f3f-11f0-a027-1cce51281be1,
뜨인돌어린이,조영서,홍지가 들려주는 <진정한 칭찬의 가치와 힘>,어린이(저학년),대면/미정,"일반 강연 creative, writing",https://www.bookseed.kr/program/lecture/e28128d7-7f3f-11f0-a027-1cce51281be1,
주니어RHK,박혜선,『냥이 씨의 유쾌한 미용실』박혜선 작가와의 만남 #자존감 #나다움,어린이(저학년),대면/미정,"일반 강연 creative, writing",https://www.bookseed.kr/program/lecture/e2807ec5-7f3f-11f0-a027-1cce51281be1,
주니어RHK,강정연,『콩닥콩닥 짝 바꾸는 날』강정연 작가와의 만남 #교과서수록도서,어린이(저학년),대면/미정,"일반 강연 writing, creative",https://www.bookseed.kr/program/lecture/e280720e-7f3f-11f0-a027-1cce51281be1,
밥북,유백순,상상력과 공감의 힘 (행복한 벽화),어린이(저학년),대면/미정,"일반 강연 문학, art",https://www.bookseed.kr/program/lecture/e27fe83c-7f3f-11f0-a027-1cce51281be1,
리틀 씨앤톡,유백순,"개발로 인한 환경 문제, 인간과 동물의 공존(두껍아, 두껍아! 새 길 줄게)",어린이(저학년),대면/미정,"일반 강연 기타, 문학",https://www.bookseed.kr/program/lecture/e27fc7df-7f3f-11f0-a027-1cce51281be1,
밥북,유백순,가족의 여러 형태와 소중함(숟가락 가족),어린이(저학년),대면/미정,"일반 강연 기타, 문학",https://www.bookseed.kr/program/lecture/e27fb4ef-7f3f-11f0-a027-1cce51281be1,
밝은미래,최명서,작가와 함께 “동화책 낭독극”,어린이(저학년),대면/미정,"일반 강연 문학, art",https://www.bookseed.kr/program/lecture/e27fae4b-7f3f-11f0-a027-1cce51281be1,
리틀 씨앤톡,유백순,*콩 한 쪽이라도 나누는 마음(배 속의 거지),어린이(저학년),대면/미정,"일반 강연 문학, writing",https://www.bookseed.kr/program/lecture/e27f9ef5-7f3f-11f0-a027-1cce51281be1,
봄마중,심수영,가족 나무 그리기-다양한 가족 형태를 알아보자,어린이(저학년),대면/미정,"일반 강연 creative, 문학",https://www.bookseed.kr/program/lecture/e27f4db6-7f3f-11f0-a027-1cce51281be1,
어린이 나무생각,홍종의,나의 가치를 알아보는 진정한 친구를 만날 수 있을까?,어린이(저학년),대면/미정,"일반 강연 문학, 인문",https://www.bookseed.kr/program/lecture/e27f497d-7f3f-11f0-a027-1cce51281be1,
어린이 나무생각,서지원,[문해력 평정 천하통일 삼국지] 진정한 영웅은 어떤 사람일까?,어린이(저학년),대면/미정,"일반 강연 문학, 인문",https://www.bookseed.kr/program/lecture/e27f467f-7f3f-11f0-a027-1cce51281be1,
문학과지성사,"김미애 (지은이), 소복이 (그림)",<진짜 괴물> 김미애 작가와의 만남,어린이(저학년),비대면,"독서 문학, 독서활동",https://www.bookseed.kr/program/lecture/e27e5fe5-7f3f-11f0-a027-1cce51281be1,
낮은산,보린,<컵고양이 후루룩> :동물과 더불어 살아가기,어린이(저학년),대면/미정,"일반 강연 인문, writing",https://www.bookseed.kr/program/lecture/e27e5051-7f3f-11f0-a027-1cce51281be1,
사계절,"김미애 (지은이), 최향랑 (그림)",<새콤달콤 비밀 약속> 김미애 작가와의 만남,어린이(저학년),비대면,"독서 문학, 독서활동",https://www.bookseed.kr/program/lecture/e27e481c-7f3f-11f0-a027-1cce51281be1,
빨간콩,나나,<다람이네 텃밭의 못난이 축제> 나나 작가와의 만남 :못생겨도 괜찮아,어린이(저학년),비대면,"활동/워크숍 기타, art",https://www.bookseed.kr/program/lecture/e27e1d67-7f3f-11f0-a027-1cce51281be1,
파란자전거,김은주,모험을 떠날 때 챙겨야 할 것은 무엇일까?,어린이(저학년),비대면,"일반 강연 문학, 교양/문화",https://www.bookseed.kr/program/lecture/e27e0a1c-7f3f-11f0-a027-1cce51281be1,
북멘토(도서출판),박규빈 (지은이),"여름 방학을 달려라, 부르릉 소파!",어린이(저학년),비대면,"활동/워크숍 문학, 기타",https://www.bookseed.kr/program/lecture/e27dd791-7f3f-11f0-a027-1cce51281be1,
다림,박규빈 (지은이),다름 - 다르지만 같은 우리,어린이(저학년),비대면,"활동/워크숍 문학, 인문",https://www.bookseed.kr/program/lecture/e27dcf70-7f3f-11f0-a027-1cce51281be1,
길벗어린이,박규빈 (지은이),"띄어쓰기, 맞춤법이 힘든 친구들 여기 모여라! - <왜 띄어 써야 돼?>, <왜 맞춤법에 맞게 써야 돼?>",어린이(저학년),비대면,"활동/워크숍 문학, art",https://www.bookseed.kr/program/lecture/e27dc991-7f3f-11f0-a027-1cce51281be1,
머스트비,이재호 (지은이),『고미의 기가 막힌 콧구멍』 이재호 작가와의 만남,어린이(저학년),대면/미정,"활동/워크숍 art, creative",https://www.bookseed.kr/program/lecture/e27d6ef1-7f3f-11f0-a027-1cce51281be1,
단비어린이,성주희,내 운명의 짝은 누구일까?,어린이(저학년),비대면,"일반 강연 문학, creative",https://www.bookseed.kr/program/lecture/e27d68ea-7f3f-11f0-a027-1cce51281be1,
이지북,이수용,각자의 비밀을 지키기 위한 한판 승부! <똥찐빵 대 똥 일기>,어린이(저학년),대면/미정,일반 강연 문학,https://www.bookseed.kr/program/lecture/e27d20e3-7f3f-11f0-a027-1cce51281be1,
봄날의곰,"김성범 (지은이), 국민지 (그림)",마녀소녀 나채율 3 - 수상한 세 번째 마녀의 비밀,어린이(저학년),대면/미정,"일반 강연 문학, 기타",https://www.bookseed.kr/program/lecture/e27b77ea-7f3f-11f0-a027-1cce51281be1,
페이퍼독,기묘은,너의 손 나의 발,어린이(저학년),비대면,"창작 creative, 기타",https://www.bookseed.kr/program/lecture/e27af9c0-7f3f-11f0-a027-1cce51281be1,https://search1.kakaocdn.net/thumb/R120x174.q85/?fname=http%3A%2F%2Ft1.daumcdn.net%2Flbook%2Fimage%2F6564630%3Ftimestamp%3D20250527160938
북극곰,권민지,그림책 작가와 비밀 양말 만들기,어린이(저학년),비대면,"bookplay art, creative",https://www.bookseed.kr/program/lecture/e27ae714-7f3f-11f0-a027-1cce51281be1,https://search1.kakaocdn.net/thumb/R120x174.q85/?fname=http%3A%2F%2Ft1.daumcdn.net%2Flbook%2Fimage%2F6661356%3Ftimestamp%3D20250121152445
바우솔,"서석영 (지은이), 김이조 (그림)","<말대꾸 끝판왕을 찾아라!> :건강한 대화, 즐거운 소통!",어린이(저학년),대면/미정,"일반 강연 문학, creative",https://www.bookseed.kr/program/lecture/e27aae8f-7f3f-11f0-a027-1cce51281be1,
단비어린이문학,임서경,<충분히 칭찬받을 만해> 임서경 작가와의 만남,어린이(저학년),비대면,"일반 강연 문학, 교양/문화",https://www.bookseed.kr/program/lecture/e27a9020-7f3f-11f0-a027-1cce51281be1,
단비어린이문학,임서경,<인도에서 온 마무티 아저씨> 임서경 작가와의 만남,어린이(저학년),비대면,"일반 강연 문학, 사회",https://www.bookseed.kr/program/lecture/e27a7392-7f3f-11f0-a027-1cce51281be1,
와이즈만북스,정해영,정해영 작가와 함께하는 『미스터 봉의 새 옷』,어린이(저학년),대면/미정,일반 강연 기타,https://www.bookseed.kr/program/lecture/e27a2c61-7f3f-11f0-a027-1cce51281be1,https://search1.kakaocdn.net/thumb/R120x174.q85/?fname=http%3A%2F%2Ft1.daumcdn.net%2Flbook%2Fimage%2F1487620%3Ftimestamp%3D20230622140328
책과콩나무,이진화,<슝> 이진화 작가와의 만남,어린이(저학년),대면/미정,"활동/워크숍 문학, art",https://www.bookseed.kr/program/lecture/e27a0f31-7f3f-11f0-a027-1cce51281be1,
단비어린이,권지영,팔랑팔랑 동시 공작소,어린이(저학년),비대면,"일반 강연 문학, creative",https://www.bookseed.kr/program/lecture/e279f71f-7f3f-11f0-a027-1cce51281be1,
길벗어린이,강효선,짧은 그림책 만들기(나만의 이야기 짖기),어린이(저학년),비대면,"창작 creative, art",https://www.bookseed.kr/program/lecture/e279eceb-7f3f-11f0-a027-1cce51281be1,
호랑이꿈,진수경,<우리 동네는 접경 지역>을 통해 지역 사회 다양성 알아보기 : 진수경 작가 강연,어린이(저학년),대면/미정,"활동/워크숍 기타, 사회",https://www.bookseed.kr/program/lecture/e279713b-7f3f-11f0-a027-1cce51281be1,
서유재,정복현,공감과 소통의 기술,어린이(저학년),대면/미정,"일반 강연 기타, 문학",https://www.bookseed.kr/program/lecture/e2794985-7f3f-11f0-a027-1cce51281be1,
어린이 나무생각,조경희,반장을 뽑을 권리,어린이(저학년),대면/미정,"일반 강연 문학, 사회",https://www.bookseed.kr/program/lecture/e2790411-7f3f-11f0-a027-1cce51281be1,
걸음동무,박찬주,콜라주로 표현하는 나와 너,어린이(저학년),대면/미정,"활동/워크숍 art, creative",https://www.bookseed.kr/program/lecture/e27894c8-7f3f-11f0-a027-1cce51281be1,
서사원,이영주,뚝딱! 보자마자 딱 써지는 창의력 글쓰기,어린이(저학년),대면/미정,"일반 강연 writing, creative",https://www.bookseed.kr/program/lecture/e278368f-7f3f-11f0-a027-1cce51281be1,
토끼섬,나다울,<나는 컵이 아니야!> 나다울쌤과 함께하는 상상 스위치 켜기!,어린이(저학년),비대면,"활동/워크숍 art, creative",https://www.bookseed.kr/program/lecture/e277ef7d-7f3f-11f0-a027-1cce51281be1,
니케주니어,소연,배려 징검다리 만들기 - 『전설의 다람쥐』,어린이(저학년),대면/미정,"일반 강연 기타, creative",https://www.bookseed.kr/program/lecture/e2779bc5-7f3f-11f0-a027-1cce51281be1,
주니어RHK,"강정연, 간장","『그래도, 용기』강정연, 간장 작가와의 만남",어린이(저학년),비대면,"일반 강연 creative, 기타",https://www.bookseed.kr/program/lecture/e277482e-7f3f-11f0-a027-1cce51281be1,
바우솔,유미희,시 그림책 <고양이 체조 교실>,어린이(저학년),대면/미정,일반 강연 문학,https://www.bookseed.kr/program/lecture/e277211d-7f3f-11f0-a027-1cce51281be1,
바우솔,이정록,시 그림책 <오리 왕자>,어린이(저학년),대면/미정,일반 강연 문학,https://www.bookseed.kr/program/lecture/e2771a0b-7f3f-11f0-a027-1cce51281be1,
책딱지,류미정,“글쓰기 고수를 찾아라!” 『어쩌다 알바 인생』,어린이(저학년),대면/미정,"일반 강연 creative, writing",https://www.bookseed.kr/program/lecture/e276f08e-7f3f-11f0-a027-1cce51281be1,
봄마중,선안나,"되고 싶은 나, 가고 싶은 곳",어린이(저학년),대면/미정,"일반 강연 문학, creative",https://www.bookseed.kr/program/lecture/e276c612-7f3f-11f0-a027-1cce51281be1,
우리학교,권오준,<벌새 하나가 작은 날개를 펼칠 때> 권오준 번역가와의 만남,어린이(저학년),대면/미정,"일반 강연 문학, 기타",https://www.bookseed.kr/program/lecture/e275dcc0-7f3f-11f0-a027-1cce51281be1,
천개의바람,전은숙,개도 미술관에 가고 싶어요.,어린이(저학년),대면/미정,"일반 강연 기타, 문학",https://www.bookseed.kr/program/lecture/e275d717-7f3f-11f0-a027-1cce51281be1,
우리학교,고정욱,"<빛나는 말, 힘 나는 말> 고정욱 작가와의 만남",어린이(저학년),대면/미정,"일반 강연 문학, writing",https://www.bookseed.kr/program/lecture/e275b659-7f3f-11f0-a027-1cce51281be1,https://search1.kakaocdn.net/thumb/R120x174.q85/?fname=http%3A%2F%2Ft1.daumcdn.net%2Flbook%2Fimage%2F6622871%3Ftimestamp%3D20251122150635
봄개울,신유미,참여하는 피아노랩 낭독극 <김밥의 탄생> + '안아주세요.' 김밥 만들기,어린이(저학년),대면/미정,"활동/워크숍 사회, 문학",https://www.bookseed.kr/program/lecture/e275ab97-7f3f-11f0-a027-1cce51281be1,https://search1.kakaocdn.net/thumb/R120x174.q85/?fname=http%3A%2F%2Ft1.daumcdn.net%2Flbook%2Fimage%2F6835248%3Ftimestamp%3D20260719144735
바른북스,재재아빠,<내동생 재은이> 작가와의 만남 및 가족 머그컵 만들기,어린이(저학년),대면/미정,"bookplay 문학, art",https://www.bookseed.kr/program/lecture/e275892a-7f3f-11f0-a027-1cce51281be1,
반달서재,장지혜,<변신 문어 원더> 그리고 우정에 대하여,어린이(저학년),대면/미정,"일반 강연 creative, 기타",https://www.bookseed.kr/program/lecture/e274ba0c-7f3f-11f0-a027-1cce51281be1,
뜨인돌어린이,김경구,비무장지대에서 보물 찾기,어린이(저학년),대면/미정,"일반 강연 문학, creative",https://www.bookseed.kr/program/lecture/e274174d-7f3f-11f0-a027-1cce51281be1,
마루비,김미애,<고릴라 들이받기> 김미애 작가와의 만남 :나의 행운을 찾아라!,어린이(저학년),대면/미정,"일반 강연 문학, 기타",https://www.bookseed.kr/program/lecture/e273ebe1-7f3f-11f0-a027-1cce51281be1,
크레용하우스,이예숙,그림책 <번개 토끼>로 알아보는 반려동물의 소중함,어린이(저학년),대면/미정,"활동/워크숍 교양/문화, art",https://www.bookseed.kr/program/lecture/e273a828-7f3f-11f0-a027-1cce51281be1,
나무의말,김윤이,길고양이를 마주친 적 있나요? (평창빌라 반달이 관찰기 ),어린이(저학년),비대면,"활동/워크숍 그림책, 사회",https://www.bookseed.kr/program/lecture/e2732052-7f3f-11f0-a027-1cce51281be1,
향출판사,강효선,나만의 바다 만들기,어린이(저학년),비대면,"창작 creative, 기타",https://www.bookseed.kr/program/lecture/e2729f96-7f3f-11f0-a027-1cce51281be1,
고래뱃속,이진희,벼룻물'로 그리는 나의 소망,어린이(저학년),비대면,"일반 강연 art, 문학",https://www.bookseed.kr/program/lecture/e2729011-7f3f-11f0-a027-1cce51281be1,
반달서재,이하정,배고픈 호랑이를 이기는 방법,어린이(저학년),대면/미정,"일반 강연 creative, 기타",https://www.bookseed.kr/program/lecture/e2725f79-7f3f-11f0-a027-1cce51281be1,
반달서재,금수정,내 보물에 담긴 특별한 기억,어린이(저학년),대면/미정,"일반 강연 creative, 기타",https://www.bookseed.kr/program/lecture/e2724fa6-7f3f-11f0-a027-1cce51281be1,
이지북,김주현,누군가를 자꾸 미워하면 그 마음이 솜사탕처럼 커지게 되는 건가 봐 <뱅글뱅글 말 사탕>,어린이(저학년),대면/미정,"일반 강연 교양/문화, 문학",https://www.bookseed.kr/program/lecture/e271e25f-7f3f-11f0-a027-1cce51281be1,
노란돼지,차영경,<마음마트>와 함께하는 마음소품 스퀴시 만들기,어린이(저학년),대면/미정,"활동/워크숍 문학, 기타",https://www.bookseed.kr/program/lecture/e27173db-7f3f-11f0-a027-1cce51281be1,
머핀북,신은영,단단한 우정을 위해 '뒷담화' 멀리하기! _<뒷담화 주머니> 신은영 작가와의 만남,어린이(저학년),대면/미정,일반 강연 문학,https://www.bookseed.kr/program/lecture/e271356d-7f3f-11f0-a027-1cce51281be1,
주니어김영사,소연,"청설모와 함께 나누는 즐거움 (생태, 환경) : 『초코 케이크 도둑』",어린이(저학년),대면/미정,"일반 강연 문학, 기타",https://www.bookseed.kr/program/lecture/e2711c96-7f3f-11f0-a027-1cce51281be1,
책과콩나무,송언,<선생님은 우리 친구> 송언 작가와의 만남,어린이(저학년),대면/미정,"일반 강연 문학, writing",https://www.bookseed.kr/program/lecture/e270f90d-7f3f-11f0-a027-1cce51281be1,
책과콩나무,송언,<선생님은 내 친구> 송언 작가와의 만남,어린이(저학년),대면/미정,"일반 강연 문학, writing",https://www.bookseed.kr/program/lecture/e270f6f9-7f3f-11f0-a027-1cce51281be1,
비룡소,소연,변신을 통해 입장 바꿔 생각하기 : 『갑자기 악어 아빠』,어린이(저학년),대면/미정,"일반 강연 문학, 기타",https://www.bookseed.kr/program/lecture/e26fbdb6-7f3f-11f0-a027-1cce51281be1,
서사원,오현선,하루 10분 초등 신문,어린이(저학년),대면/미정,"일반 강연 기타, 교양/문화",https://www.bookseed.kr/program/lecture/e26f0ab3-7f3f-11f0-a027-1cce51281be1,
빈빈책방,김양오,나누며 함께 살아요,어린이(저학년),대면/미정,"일반 강연 문학, art",https://www.bookseed.kr/program/lecture/e26d0a64-7f3f-11f0-a027-1cce51281be1,
머핀북,김수현,"김수현 선생님이 들려주는 <단단한 친구관계, 즐거운 학교생활> 이야기",어린이(저학년),대면/미정,"일반 강연 교양/문화, 사회",https://www.bookseed.kr/program/lecture/e26cb005-7f3f-11f0-a027-1cce51281be1,
베틀북,홍선주,《환상 열차 이일호》속 캐릭터를 만나 보자!,어린이(저학년),대면/미정,"활동/워크숍 art, 문학",https://www.bookseed.kr/program/lecture/e26bc0a1-7f3f-11f0-a027-1cce51281be1,
북멘토,김은비,<오늘만 선생님> 김은비 작가와의 만남 : 나만의 소풍 가방을 만들어요,어린이(저학년),대면/미정,"활동/워크숍 문학, 기타",https://www.bookseed.kr/program/lecture/e26b9c61-7f3f-11f0-a027-1cce51281be1,
베틀북,김정민,환상 열차 이일호를 타고 떠나자!,어린이(저학년),대면/미정,"others 문학, 기타",https://www.bookseed.kr/program/lecture/e26b3ee0-7f3f-11f0-a027-1cce51281be1,
올리,남개미,<마음 빨래> 저자 강연,어린이(저학년),대면/미정,"일반 강연 인문, art",https://www.bookseed.kr/program/lecture/e26b27b6-7f3f-11f0-a027-1cce51281be1,
북멘토,전은숙,<우리 언니는 두부> 전은숙 작가와의 만남 : ❝언니가 두부가 되었다고?❞,어린이(저학년),대면/미정,"일반 강연 문학, 기타",https://www.bookseed.kr/program/lecture/e26a8280-7f3f-11f0-a027-1cce51281be1,
웅진주니어,김지현,"함께 떠나는 상상 여행, <출렁출렁 문어섬>",어린이(저학년),대면/미정,"활동/워크숍 creative, 독서활동",https://www.bookseed.kr/program/lecture/e269dac2-7f3f-11f0-a027-1cce51281be1,
별숲,이수용,《고민 해결 호두과자》이수용 작가 : 내 고민을 해결하는 완벽한 방법,어린이(저학년),대면/미정,"일반 강연 문학, 기타",https://www.bookseed.kr/program/lecture/e26989c8-7f3f-11f0-a027-1cce51281be1,
꿈터,김바다,생존을 위한 먹거리 식량,어린이(저학년),대면/미정,"활동/워크숍 기타, 교양/문화",https://www.bookseed.kr/program/lecture/e26916c3-7f3f-11f0-a027-1cce51281be1,
바우솔,서석영,<나한테만 코브라 엄마> :엄마가 코브라로 변신할 때,어린이(저학년),대면/미정,"일반 강연 문학, writing",https://www.bookseed.kr/program/lecture/e267b8d6-7f3f-11f0-a027-1cce51281be1,
북극곰,이승범,그림책 작가와 실팔찌 만들기,어린이(저학년),비대면,"bookplay creative, writing",https://www.bookseed.kr/program/lecture/e26723e0-7f3f-11f0-a027-1cce51281be1,https://search1.kakaocdn.net/thumb/R120x174.q85/?fname=http%3A%2F%2Ft1.daumcdn.net%2Flbook%2Fimage%2F6753832%3Ftimestamp%3D20251119152922
아이음북스,송아주,치치치 삼총사와 별명 전쟁,어린이(저학년),대면/미정,"활동/워크숍 creative, 교양/문화",https://www.bookseed.kr/program/lecture/e266ee90-7f3f-11f0-a027-1cce51281be1,
길벗스쿨,"박현정 (지은이), 이수현 (그림)",『나는야 꼬마 문어 꼬뭉이』 박현정 작가와 낭독하고 버킷리스트 만들기,어린이(저학년),대면/미정,"활동/워크숍 문학, 교과",https://www.bookseed.kr/program/lecture/e266bde0-7f3f-11f0-a027-1cce51281be1,
서사원,최세용,초등 고전 읽기 수업 저학년,어린이(저학년),대면/미정,"일반 강연 기타, 교양/문화",https://www.bookseed.kr/program/lecture/e264d964-7f3f-11f0-a027-1cce51281be1,
리틀씨앤톡,이미례,친구와 함께 이루는 꿈 <앵앵이와 매암이>,어린이(저학년),대면/미정,"일반 강연 문학, writing",https://www.bookseed.kr/program/lecture/e264c615-7f3f-11f0-a027-1cce51281be1,
단비어린이,김바다,우리는 별사람이야!,어린이(저학년),대면/미정,"일반 강연 문학, 기타",https://www.bookseed.kr/program/lecture/e2649e7e-7f3f-11f0-a027-1cce51281be1,
파란 자전거,김도아,선물이 툭 (그림책 이야기),어린이(저학년),비대면,"bookplay creative, art",https://www.bookseed.kr/program/lecture/e2647211-7f3f-11f0-a027-1cce51281be1,
반달서재,신운선,내 삶의 소중하고 중요한 일 <아홉 살의 두발자전거>,어린이(저학년),비대면,"일반 강연 문학, writing",https://www.bookseed.kr/program/lecture/e2643543-7f3f-11f0-a027-1cce51281be1,
노란돼지,한솔,<불안구슬>책을 읽고 마음이 따뜻해지는 나만의 ‘불안캐처’ 만들기,어린이(저학년),대면/미정,"활동/워크숍 문학, 기타",https://www.bookseed.kr/program/lecture/e263e053-7f3f-11f0-a027-1cce51281be1,https://search1.kakaocdn.net/thumb/R120x174.q85/?fname=http%3A%2F%2Ft1.daumcdn.net%2Flbook%2Fimage%2F6520231%3Ftimestamp%3D20260408153015
국민서관(주),장영복,『고양이 걸 씨』 작가와 함께 이야기동시 쓰기,어린이(저학년),대면/미정,"창작 문학, creative",https://www.bookseed.kr/program/lecture/e2633148-7f3f-11f0-a027-1cce51281be1,https://search1.kakaocdn.net/thumb/R120x174.q85/?fname=http%3A%2F%2Ft1.daumcdn.net%2Flbook%2Fimage%2F380885%3Ftimestamp%3D20230608180643
노는날,"스테파니 보이어 (지은이), 엘리사 곤잘레스 (그림), 윤선희 (옮긴이)",친구를 지키는 말,어린이(저학년),비대면,일반 강연 그림책,https://www.bookseed.kr/program/lecture/e2631ebb-7f3f-11f0-a027-1cce51281be1,
노는날,"김이슬 (지은이), 이수현 (그림)",판타스틱 반찬 특공대,어린이(저학년),비대면,일반 강연 그림책,https://www.bookseed.kr/program/lecture/e2631b4d-7f3f-11f0-a027-1cce51281be1,
소동출판사,홍당무,"식물, 성장, 상상 그림 그리기 - 별로 안 자랐네_홍당무",어린이(저학년),비대면,"활동/워크숍 art, 기타",https://www.bookseed.kr/program/lecture/e262c6e3-7f3f-11f0-a027-1cce51281be1,
마루비,장성자,[바라의 금동대향로] 금동대향로에 담긴 백제의 문화,어린이(저학년),대면/미정,"일반 강연 문학, 교양/문화",https://www.bookseed.kr/program/lecture/e262babf-7f3f-11f0-a027-1cce51281be1,
노란돼지,"윤미경 (지은이), 김미연 (그림)",<수면마녀와 꿈꾸는 돌멩이> 꿈꾸는 돌멩이들 모여라!,어린이(저학년),비대면,"독서 문학, career",https://www.bookseed.kr/program/lecture/e261edce-7f3f-11f0-a027-1cce51281be1,
북극곰 출판사,이은혜,임금님 엄지척,어린이(저학년),비대면,"bookplay creative, art",https://www.bookseed.kr/program/lecture/e261df38-7f3f-11f0-a027-1cce51281be1,
북극곰 출판사,이은혜,엄지척,어린이(저학년),대면/미정,"bookplay creative, art",https://www.bookseed.kr/program/lecture/e261d9e8-7f3f-11f0-a027-1cce51281be1,
북극곰 출판사,이은혜,임금님 귀는 토끼 귀,어린이(저학년),비대면,"bookplay creative, art",https://www.bookseed.kr/program/lecture/e261d4ed-7f3f-11f0-a027-1cce51281be1,
밝은미래,류미정,<생일엔 마라탕> 강연 계획,어린이(저학년),대면/미정,"일반 강연 문학, 기타",https://www.bookseed.kr/program/lecture/e2618cd0-7f3f-11f0-a027-1cce51281be1,
봄마중,신미애,"좋은 일기, 좋은 글쓰기란 무엇일까?",어린이(저학년),대면/미정,"일반 강연 문학, creative",https://www.bookseed.kr/program/lecture/e2617f9a-7f3f-11f0-a027-1cce51281be1,
리틀씨앤톡,이미례,세상에서 가장 예쁜 말은 무엇일까? <나팔꽃이 말했어요>,어린이(저학년),대면/미정,"일반 강연 문학, 기타",https://www.bookseed.kr/program/lecture/e260efd0-7f3f-11f0-a027-1cce51281be1,
호랑이꿈,김선배,사육 곰 '빠삐용'은 어디로 갔을까? : <빠삐용> 김선배 작가 강연,어린이(저학년),비대면,"활동/워크숍 기타, 사회",https://www.bookseed.kr/program/lecture/e260b469-7f3f-11f0-a027-1cce51281be1,
테라미아,한영미,어린이 힐링 상품*여유로운 일정의 자유 시간 여행,어린이(저학년),비대면,"일반 강연 문학, 인문",https://www.bookseed.kr/program/lecture/e260a3a2-7f3f-11f0-a027-1cce51281be1,
이오앤북스,김경옥,『복뚱냥이 머리빗 가게』 김경옥 작가와의 만남,어린이(저학년),대면/미정,"일반 강연 문학, creative",https://www.bookseed.kr/program/lecture/e2607c85-7f3f-11f0-a027-1cce51281be1,
달리,변보라,나만의 생활 계획표 만들기,어린이(저학년),대면/미정,"활동/워크숍 creative, 기타",https://www.bookseed.kr/program/lecture/e25f886a-7f3f-11f0-a027-1cce51281be1,
우리학교,최은영,"마음이 단단해 지는 방법- 마음아, 단단해져라",어린이(저학년),대면/미정,"일반 강연 문학, 기타",https://www.bookseed.kr/program/lecture/e25f036c-7f3f-11f0-a027-1cce51281be1,
니케주니어,류미정,귀신보다 무서운 우정,어린이(저학년),대면/미정,"일반 강연 문학, 기타",https://www.bookseed.kr/program/lecture/e25efd51-7f3f-11f0-a027-1cce51281be1,
썬더키즈,신은영,친구들과 끈끈해지는 방법,어린이(저학년),대면/미정,"활동/워크숍 문학, writing",https://www.bookseed.kr/program/lecture/e25eea06-7f3f-11f0-a027-1cce51281be1,
와이즈만북스,최향숙,"최향숙 작가와 함께하는 [탄소제로특공대, 지구 똥구멍을 막아라!]",어린이(저학년),대면/미정,"일반 강연 기타, 교양/문화",https://www.bookseed.kr/program/lecture/e25ec74c-7f3f-11f0-a027-1cce51281be1,https://search1.kakaocdn.net/thumb/R120x174.q85/?fname=http%3A%2F%2Ft1.daumcdn.net%2Flbook%2Fimage%2F1580037%3Ftimestamp%3D20250326114301
우주나무,김진미,<앗!> 김진미 작가와의 만남,어린이(저학년),대면/미정,"일반 강연 creative, art",https://www.bookseed.kr/program/lecture/e25e72bd-7f3f-11f0-a027-1cce51281be1,
노란돼지,차영경,나를 알고 나와 친해지는 <마음일기> 쓰기,어린이(저학년),비대면,"활동/워크숍 문학, creative",https://www.bookseed.kr/program/lecture/e25e518b-7f3f-11f0-a027-1cce51281be1,
사계절,김도아,머리하는 날. 그림책 놀이 강연,어린이(저학년),비대면,"bookplay creative, art",https://www.bookseed.kr/program/lecture/e25dfe83-7f3f-11f0-a027-1cce51281be1,
뜨인돌어린이,임수경,<무영이가 사라졌다> 로 만드는 나만의 동화책,어린이(저학년),비대면,"일반 강연 creative, 문학",https://www.bookseed.kr/program/lecture/e25deab7-7f3f-11f0-a027-1cce51281be1,
노란돼지,차영경,<차갑고 뜨거운 이야기> 책과 함께 하는 디폼블럭으로 남다른 나 만들며 나와 친해지기,어린이(저학년),비대면,"활동/워크숍 문학, 기타",https://www.bookseed.kr/program/lecture/e25d7c11-7f3f-11f0-a027-1cce51281be1,
북이십일,정명섭,정명섭 작가와 함께하는 역사적 상상력 키우기! <히스토리 히어로즈>,어린이(저학년),대면/미정,"활동/워크숍 인문, creative",https://www.bookseed.kr/program/lecture/e25d5606-7f3f-11f0-a027-1cce51281be1,
창비,"최연숙 (글), 정현지 (그림)",<세상을 움직인 동그라미> 최연숙 작가와의 만남 :동그라미는 마법사!(그리고 굴리고 돌리면 역사를 바꿔요.),어린이(저학년),대면/미정,"일반 강연 인문, 기타",https://www.bookseed.kr/program/lecture/e25d4fb0-7f3f-11f0-a027-1cce51281be1,
주니어마리,조현용,초등학생을 위한 우리말 속에 담긴 비밀!,어린이(저학년),비대면,"일반 강연 교양/문화, 문학",https://www.bookseed.kr/program/lecture/e25d35d9-7f3f-11f0-a027-1cce51281be1,
우리학교,한라경,<고양이 2424> 한라경 작가와의 만남,어린이(저학년),대면/미정,일반 강연 creative,https://www.bookseed.kr/program/lecture/e25cf13a-7f3f-11f0-a027-1cce51281be1,
우리학교,최은영,흔들리지 않는 단단한 내가 되기 위한 역량 강화 프로젝트,어린이(저학년),대면/미정,"일반 강연 문학, 교양/문화",https://www.bookseed.kr/program/lecture/e25ce58a-7f3f-11f0-a027-1cce51281be1,
뜨인돌어린이,김태린,"세상의 끝, 어떤 이야기의 시작 (남극에서 만난 동물 & 환경 이야기)",어린이(저학년),비대면,"일반 강연 기타, career",https://www.bookseed.kr/program/lecture/e25cc50d-7f3f-11f0-a027-1cce51281be1,
봄개울,김난지,나의 장화 화분 이야기,어린이(저학년),대면/미정,"bookplay 문학, writing",https://www.bookseed.kr/program/lecture/e25c8da2-7f3f-11f0-a027-1cce51281be1,
노란돼지,표지율,그림책 <빨간 박스>를 읽고- 무엇이든 될 수 있는 빨간 박스에게,어린이(저학년),비대면,"활동/워크숍 문학, 기타",https://www.bookseed.kr/program/lecture/e25c79f6-7f3f-11f0-a027-1cce51281be1,https://search1.kakaocdn.net/thumb/R120x174.q85/?fname=http%3A%2F%2Ft1.daumcdn.net%2Flbook%2Fimage%2F6505515%3Ftimestamp%3D20250426131220
봄마중,이향지,<말랑말랑 기억 젤리> :나만의 특별한 젤리 레시피!,어린이(저학년),대면/미정,"일반 강연 문학, 기타",https://www.bookseed.kr/program/lecture/e25b59d9-7f3f-11f0-a027-1cce51281be1,
봄마중,임화선,내 마음 속 ‘소원 찾기’,어린이(저학년),대면/미정,"일반 강연 문학, 기타",https://www.bookseed.kr/program/lecture/e25b39e2-7f3f-11f0-a027-1cce51281be1,
리틀씨앤톡,김영주,환경 생태 감수성을 높이는 <작은 생명도 소중해>,어린이(저학년),비대면,"일반 강연 문학, 기타",https://www.bookseed.kr/program/lecture/e25ae548-7f3f-11f0-a027-1cce51281be1,
다산어린이,이나영,"<와글와글 프레리독, 겨울 놀이에 빠지다> 이나영 작가와의 만남",어린이(저학년),비대면,"일반 강연 문학, creative",https://www.bookseed.kr/program/lecture/e25abc00-7f3f-11f0-a027-1cce51281be1,
웅진 출판사,김도아,달달달 달려요. 그림책 놀이 강연,어린이(저학년),비대면,"bookplay creative, 문학",https://www.bookseed.kr/program/lecture/e25a8e72-7f3f-11f0-a027-1cce51281be1,
서사원,오현선,뚝딱! 메모 글쓰기,어린이(저학년),대면/미정,"일반 강연 writing, 기타",https://www.bookseed.kr/program/lecture/e25a538c-7f3f-11f0-a027-1cce51281be1,
이지북,신수나,실종된 아빠를 찾기 위한 다노와 별림이의 반찍이는 울림! <우주 메아리>,어린이(저학년),대면/미정,"일반 강연 기타, 문학",https://www.bookseed.kr/program/lecture/e25a2a59-7f3f-11f0-a027-1cce51281be1,
반달서재,김진형,함께라는 기쁨과 커다란 힘,어린이(저학년),대면/미정,"일반 강연 creative, 기타",https://www.bookseed.kr/program/lecture/e2597abe-7f3f-11f0-a027-1cce51281be1,
반달서재,김진형,꿈과 가치를 찾아 떠나는 여행,어린이(저학년),대면/미정,"일반 강연 creative, 기타",https://www.bookseed.kr/program/lecture/e2594fdd-7f3f-11f0-a027-1cce51281be1,
반달서재,정희용,가짜 100점 N0! 진짜 100점 YES!,어린이(저학년),비대면,"일반 강연 creative, 기타",https://www.bookseed.kr/program/lecture/e258c467-7f3f-11f0-a027-1cce51281be1,
슈크림북,김경미,소중한 사람을 만나는 시간,어린이(저학년),대면/미정,"일반 강연 문학, writing",https://www.bookseed.kr/program/lecture/e2583a24-7f3f-11f0-a027-1cce51281be1,
미디어샘,아피스토(신주현),계절에 만나는 식물 컬러링과 식물 이야기,어린이(저학년),대면/미정,"bookplay art, 교양/문화",https://www.bookseed.kr/program/lecture/e2582b27-7f3f-11f0-a027-1cce51281be1,
보림,장영복,『호랑나비와 달님』 작가와의 만남,어린이(저학년),대면/미정,"bookplay 문학, 기타",https://www.bookseed.kr/program/lecture/e2580b6c-7f3f-11f0-a027-1cce51281be1,
토끼섬,김리하,어린이는 함께 울고 웃으면서 성장한다,어린이(저학년),비대면,"활동/워크숍 creative, writing",https://www.bookseed.kr/program/lecture/e257782e-7f3f-11f0-a027-1cce51281be1,
안녕로빈,김수경,<아는 만큼 보이는 여행_한눈에 제주 역사 편>,어린이(저학년),대면/미정,"일반 강연 교양/문화, 문학",https://www.bookseed.kr/program/lecture/e2574a54-7f3f-11f0-a027-1cce51281be1,
안녕로빈,전정임,[봄길 남도] 작은 여행자의 큰 발견,어린이(저학년),대면/미정,"일반 강연 교양/문화, 문학",https://www.bookseed.kr/program/lecture/e25742f0-7f3f-11f0-a027-1cce51281be1,
안녕로빈,전정임,[가을캠핑 강원] : 작은 여행자의 큰 발견,어린이(저학년),대면/미정,"일반 강연 교양/문화, 문학",https://www.bookseed.kr/program/lecture/e2573c1e-7f3f-11f0-a027-1cce51281be1,
안녕로빈,전정임,[겨울손님 서울]작은 여행자의 큰 발견,어린이(저학년),대면/미정,"일반 강연 교양/문화, 문학",https://www.bookseed.kr/program/lecture/e25734c3-7f3f-11f0-a027-1cce51281be1,
우리학교,이수용,나만의 이야기로 작가에 도전하기,어린이(저학년),대면/미정,"일반 강연 writing, 문학",https://www.bookseed.kr/program/lecture/e2572c9a-7f3f-11f0-a027-1cce51281be1,
국민서관(주),이소라,나만의 겨울 레시피책 만들기『아빠의 겨울 레시피』,어린이(저학년),대면/미정,"활동/워크숍 문학, creative",https://www.bookseed.kr/program/lecture/e2572641-7f3f-11f0-a027-1cce51281be1,
북멘토,강수린,<답을 구하시오 SOS> 강수린 작가와의 만남 : 답 구하러 가볼까요!,어린이(저학년),대면/미정,"일반 강연 문학, 기타",https://www.bookseed.kr/program/lecture/e2570822-7f3f-11f0-a027-1cce51281be1,
노는날,"안오일 (지은이), 이수영 (그림)","호야, 아빠를 구합니다! - 고릴라 아저씨는 절대 안 됨!, 2023 우수출판콘텐츠 선정작",어린이(저학년),비대면,"일반 강연 사회, 기타",https://www.bookseed.kr/program/lecture/e256accf-7f3f-11f0-a027-1cce51281be1,
리틀씨앤톡,검은빵,나도 선생님! <일 학년 선생님>,어린이(저학년),비대면,"활동/워크숍 creative, 기타",https://www.bookseed.kr/program/lecture/e2567546-7f3f-11f0-a027-1cce51281be1,
고래책빵,정혜원,<도깨비 뉴타운 > :친구를 사귀는데 필요한 조건,어린이(저학년),비대면,"일반 강연 문학, 인문",https://www.bookseed.kr/program/lecture/e2565c13-7f3f-11f0-a027-1cce51281be1,
한울림어린이,김슬옹,<하마터면 한글이 없어질 뻔했어!> 김슬옹 작가와의 만남,어린이(저학년),대면/미정,"일반 강연 기타, 문학",https://www.bookseed.kr/program/lecture/e2559b47-7f3f-11f0-a027-1cce51281be1,
스콜라,장영복(글),[도토리 쫑이의 봄 여름 가을 겨울] 쫑이와 함께 숲여행 해요.,어린이(저학년),비대면,"활동/워크숍 문학, 기타",https://www.bookseed.kr/program/lecture/e25541fa-7f3f-11f0-a027-1cce51281be1,
특서주니어,조미형,“친구들과 사이좋게 지내려면 어떻게 해야 할까요?”,어린이(저학년),비대면,"일반 강연 문학, 교양/문화",https://www.bookseed.kr/program/lecture/e2552c82-7f3f-11f0-a027-1cce51281be1,
책딱지,서지원,"고고 탐정단과 함께 하는 논리력, 추리력, 창의력 키우기 <고고 탐정단 사라진 절대 반지>",어린이(저학년),대면/미정,"일반 강연 문학, creative",https://www.bookseed.kr/program/lecture/e2551386-7f3f-11f0-a027-1cce51281be1,
도서출판 비엠케이(BmK),김미희,"뒹굴뒹굴 시 쓰기 좋은 날 - 우리는 시인으로 세상에 왔다 (시인과 함께 시 쓰기, 즉석 백일장)",어린이(저학년),비대면,"활동/워크숍 writing, creative",https://www.bookseed.kr/program/lecture/e254188a-7f3f-11f0-a027-1cce51281be1,
킨더랜드,이혜인,"느려도 함께라면 괜찮아, <달팽이 달리기>",어린이(저학년),비대면,"활동/워크숍 art, creative",https://www.bookseed.kr/program/lecture/e253cd97-7f3f-11f0-a027-1cce51281be1,
책딱지,전은희,우리는 따뜻한 이웃 『보드 타는 강아지 번개』,어린이(저학년),대면/미정,"일반 강연 문학, writing",https://www.bookseed.kr/program/lecture/e252d56e-7f3f-11f0-a027-1cce51281be1,
한울림어린이,김황,"<멋진 깃털을 갖고 싶어!> :자존감 찾기, 나를 사랑하기",어린이(저학년),대면/미정,"일반 강연 기타, 교양/문화",https://www.bookseed.kr/program/lecture/e252611f-7f3f-11f0-a027-1cce51281be1,
주니어RHK,손연주,『도시 나무 꽃 탐험대』식물의 세계를 탐험해보자!,어린이(저학년),대면/미정,"활동/워크숍 기타, 교양/문화",https://www.bookseed.kr/program/lecture/e252077a-7f3f-11f0-a027-1cce51281be1,
봄개울,정은정,"<열려라, 돈나무!>즐거운 상상, 돈의 가치와 소중함",어린이(저학년),대면/미정,"일반 강연 문학, 사회",https://www.bookseed.kr/program/lecture/e2512a19-7f3f-11f0-a027-1cce51281be1,
봄개울,정은정,『똥덩어리 삼총사』와 이야기 짓기,어린이(저학년),대면/미정,"others 문학, creative",https://www.bookseed.kr/program/lecture/e251165a-7f3f-11f0-a027-1cce51281be1,
달그림,이태강,<엄마의 노래>와 함께하는 꿈꾸는 고래 썬캐쳐 만들기 / 해양 청소부가 된 고래 그리기,어린이(저학년),대면/미정,"활동/워크숍 문학, art",https://www.bookseed.kr/program/lecture/e250993c-7f3f-11f0-a027-1cce51281be1,
아스터로이드북(asteroidbook),연두콩 (지은이),차의 나라 여왕님,어린이(저학년),대면/미정,"others 그림책, creative",https://www.bookseed.kr/program/lecture/e2507248-7f3f-11f0-a027-1cce51281be1,
페이퍼독,이경국,"그림책 [넌, 없어!]- 마음과 빈말",어린이(저학년),비대면,"창작 creative, 인문",https://www.bookseed.kr/program/lecture/e24e5168-7f3f-11f0-a027-1cce51281be1,
서사원,"이원경, 이세나",1학년 수학 준비 2. 덧셈과 뺄셈,어린이(저학년),대면/미정,일반 강연 기타,https://www.bookseed.kr/program/lecture/e24dffba-7f3f-11f0-a027-1cce51281be1,
책딱지,김민정,친구의 귓속말에 마음 상한 적 있나요?「톡 터져라 귓속말」,어린이(저학년),대면/미정,"일반 강연 문학, writing",https://www.bookseed.kr/program/lecture/e24def61-7f3f-11f0-a027-1cce51281be1,
마루비,이경순,"[꽃주머니] 이웃, 나눔, 함께 행복하기",어린이(저학년),대면/미정,"일반 강연 문학, writing",https://www.bookseed.kr/program/lecture/e24d50d0-7f3f-11f0-a027-1cce51281be1,
이오앤북스,김경옥,『복뚱냥이 무인 아이스크림 가게』 김경옥 작가와의 만남,어린이(저학년),대면/미정,"일반 강연 문학, creative",https://www.bookseed.kr/program/lecture/e24c7ff9-7f3f-11f0-a027-1cce51281be1,
봄마중,최은영,우리 모두 마법사가 되어보자,어린이(저학년),대면/미정,"일반 강연 문학, creative",https://www.bookseed.kr/program/lecture/e24c6570-7f3f-11f0-a027-1cce51281be1,
노는날,"한라경 (지은이), 날일 (그림)",크리스마스 다음 날,어린이(저학년),비대면,일반 강연 그림책,https://www.bookseed.kr/program/lecture/e24c31e1-7f3f-11f0-a027-1cce51281be1,
길벗스쿨,김우수,<달빛 그림자 가게> 작가와 함께 그림자로 내 마음 들여다보기,어린이(저학년),대면/미정,"활동/워크숍 문학, creative",https://www.bookseed.kr/program/lecture/e24bc2dc-7f3f-11f0-a027-1cce51281be1,
국민서관(주),윤미경,『거절은 너무 어려워!』:지혜로운 거절,어린이(저학년),비대면,"활동/워크숍 문학, creative",https://www.bookseed.kr/program/lecture/e24afc81-7f3f-11f0-a027-1cce51281be1,
브와포레,서유진,우리의 둥지 활동 워크숍,어린이(저학년),대면/미정,"활동/워크숍 문학, creative",https://www.bookseed.kr/program/lecture/e24af239-7f3f-11f0-a027-1cce51281be1,
도서출판 풀빛,이승민,숭민이의 일기 이승민 작가와의 만남,어린이(저학년),대면/미정,"일반 강연 creative, writing",https://www.bookseed.kr/program/lecture/e24ad838-7f3f-11f0-a027-1cce51281be1,
산지니,김경구,"모여라, 똥 탐험대!-무궁무진한 똥과 화장실의 세계로",어린이(저학년),대면/미정,"창작 기타, art",https://www.bookseed.kr/program/lecture/e2491305-7f3f-11f0-a027-1cce51281be1,
크레용하우스,류미정,류미정 작가와 함께 동화 파헤치기,어린이(저학년),대면/미정,"일반 강연 문학, 기타",https://www.bookseed.kr/program/lecture/e246135c-7f3f-11f0-a027-1cce51281be1,
와이즈만북스,유다정,유다정 작가와 함께하는 『마이너 도사의 쓰레기 줄여줄여법』,어린이(저학년),대면/미정,"일반 강연 기타, 교양/문화",https://www.bookseed.kr/program/lecture/e2459b93-7f3f-11f0-a027-1cce51281be1,
지학사아르볼,서지원,호랑이 빵집으로 알아보는 '맛있는 우리 역사',어린이(저학년),대면/미정,"일반 강연 인문, 문학",https://www.bookseed.kr/program/lecture/e2452d94-7f3f-11f0-a027-1cce51281be1,
북멘토,소연,<콧구멍 속 비밀 친구> 소연 작가와의 만남 : 내 마음속 비밀 친구 찾기,어린이(저학년),대면/미정,"일반 강연 문학, 기타",https://www.bookseed.kr/program/lecture/e2426e64-7f3f-11f0-a027-1cce51281be1,
마주별,류미정,무조건 회장,어린이(저학년),대면/미정,"일반 강연 기타, creative",https://www.bookseed.kr/program/lecture/e24245c1-7f3f-11f0-a027-1cce51281be1,
서사원 주니어,남택진,완주 분수,어린이(저학년),대면/미정,일반 강연 기타,https://www.bookseed.kr/program/lecture/e2418383-7f3f-11f0-a027-1cce51281be1,
뭉치(동아엠앤비),류미정,우주에서 찾아온 특별한 나,어린이(저학년),대면/미정,"일반 강연 기타, creative",https://www.bookseed.kr/program/lecture/e2417d0d-7f3f-11f0-a027-1cce51281be1,
고래책빵,정혜원,"<모여라, 아침 바다 민박> :당신은 소중합니다",어린이(저학년),비대면,"일반 강연 문학, 인문",https://www.bookseed.kr/program/lecture/e24167b5-7f3f-11f0-a027-1cce51281be1,
책딱지,류미정,내 이름이 빛나는 순간! 「오~ 재수 있다」,어린이(저학년),대면/미정,"일반 강연 문학, creative",https://www.bookseed.kr/program/lecture/e240b1fb-7f3f-11f0-a027-1cce51281be1,
안녕로빈,전정임,[여름방학 제주] : 작은 여행자의 큰 발견,어린이(저학년),대면/미정,"일반 강연 교양/문화, 문학",https://www.bookseed.kr/program/lecture/e2403967-7f3f-11f0-a027-1cce51281be1,
잇츠북어린이,류미정,"나니까, 나답게!(아이돌스타-류미정선생님)",어린이(저학년),비대면,"일반 강연 기타, creative",https://www.bookseed.kr/program/lecture/e23fd250-7f3f-11f0-a027-1cce51281be1,
서사원,"권오훈, 이세나",제제수학 3-2,어린이(저학년),대면/미정,일반 강연 기타,https://www.bookseed.kr/program/lecture/e23f57af-7f3f-11f0-a027-1cce51281be1,
한림출판사,민경혜,<새싹이 돋는 시간> 마음 들여다보기,어린이(저학년),대면/미정,"활동/워크숍 문학, 기타",https://www.bookseed.kr/program/lecture/e23caa6d-7f3f-11f0-a027-1cce51281be1,
단비어린이,김미희,우리는 모두 서프라이즈 가족입니다,어린이(저학년),비대면,"일반 강연 기타, 사회",https://www.bookseed.kr/program/lecture/e23c58ee-7f3f-11f0-a027-1cce51281be1,
다산어린이,이나영,"<와글와글 프레리독, 여름휴가를 떠나다> 이나영 작가와의 만남",어린이(저학년),대면/미정,"일반 강연 문학, creative",https://www.bookseed.kr/program/lecture/e23b47b4-7f3f-11f0-a027-1cce51281be1,
단비어린이,김리하,"<나의 절친, 오케이 선생님> 서로 신뢰하는 선생님과 제자의 이야기",어린이(저학년),비대면,"일반 강연 문학, creative",https://www.bookseed.kr/program/lecture/e23b18f1-7f3f-11f0-a027-1cce51281be1,
페이퍼독,이 지,그림책[진짜 진짜 좋은 친구] -친구의 조건,어린이(저학년),비대면,"창작 기타, creative",https://www.bookseed.kr/program/lecture/e23af504-7f3f-11f0-a027-1cce51281be1,
페이퍼독,기묘은,그림책[어떻게 추는 거야? ]- 배려와 공유,어린이(저학년),비대면,"활동/워크숍 기타, creative",https://www.bookseed.kr/program/lecture/e23ad78a-7f3f-11f0-a027-1cce51281be1,
단비어린이,김하은,남은 복은 어디로 갈까요?,어린이(저학년),대면/미정,"bookplay 문학, writing",https://www.bookseed.kr/program/lecture/e23abdff-7f3f-11f0-a027-1cce51281be1,
토토북,김하은,한솔이와 함께 사과여행을 떠나요!,어린이(저학년),대면/미정,"bookplay 문학, 기타",https://www.bookseed.kr/program/lecture/e239b9ae-7f3f-11f0-a027-1cce51281be1,
국민서관(주),김윤미,『내가 왜 최고냐면』 김윤미 작가와의 만남,어린이(저학년),대면/미정,"활동/워크숍 그림책, creative",https://www.bookseed.kr/program/lecture/e23988a9-7f3f-11f0-a027-1cce51281be1,
아트앤팝업,이예숙,『이상한 구십구』 이예숙 그림책 작가와의 만남,어린이(저학년),비대면,일반 강연 기타,https://www.bookseed.kr/program/lecture/e2389a5e-7f3f-11f0-a027-1cce51281be1,
느림보,이민희,라이카와 함께 떠나는 우주여행,어린이(저학년),비대면,활동/워크숍 기타,https://www.bookseed.kr/program/lecture/e237f177-7f3f-11f0-a027-1cce51281be1,
잇츠북,류미정,말은 내면을 보여주는 거울(류미정선생님-욕쟁이아빠),어린이(저학년),비대면,"일반 강연 기타, creative",https://www.bookseed.kr/program/lecture/e236daab-7f3f-11f0-a027-1cce51281be1,
봄마중,장지혜,원시의 깨끗한 하늘 아래 작달막이처럼 재미나게 놀자!,어린이(저학년),대면/미정,"일반 강연 문학, 기타",https://www.bookseed.kr/program/lecture/e236b7d8-7f3f-11f0-a027-1cce51281be1,
소원나무,박주혜,<슝뚜루뚱까라의 핫한 음식점> 박주혜 작가강연,어린이(저학년),대면/미정,"일반 강연 문학, 기타",https://www.bookseed.kr/program/lecture/e236838c-7f3f-11f0-a027-1cce51281be1,
책고래,한유진,"<숲이 될 수 있을까?> : 인형극과 함께하는 우리 숲 이야기(숲과 나무, 동물을 생각하는 환경이야기)",어린이(저학년),비대면,"활동/워크숍 문학, creative",https://www.bookseed.kr/program/lecture/e235e7bb-7f3f-11f0-a027-1cce51281be1,
국민서관(주),이예숙,병풍팝업북『이상한 동물원』으로 보는 동물권 이야기,어린이(저학년),대면/미정,"일반 강연 그림책, 기타",https://www.bookseed.kr/program/lecture/e234b7d8-7f3f-11f0-a027-1cce51281be1,
리틀씨앤톡,박영주,나도 잘하는 게 있을까?,어린이(저학년),비대면,"일반 강연 문학, 기타",https://www.bookseed.kr/program/lecture/e2348817-7f3f-11f0-a027-1cce51281be1,
리틀씨앤톡,김영주,자아존중감을 키우는 '건강하게 안 먹을래' <먹기 싫은 건 안 먹을래>,어린이(저학년),비대면,"일반 강연 문학, 기타",https://www.bookseed.kr/program/lecture/e233fb4e-7f3f-11f0-a027-1cce51281be1,
다산어린이,김혜정,김혜정 작가와 함께 읽는 <오지랖 도깨비 오지랑>,어린이(저학년),대면/미정,"활동/워크숍 문학, writing",https://www.bookseed.kr/program/lecture/e233da77-7f3f-11f0-a027-1cce51281be1,
별숲,백혜진,《똥손 금손 체인지》백혜진 작가: 똥손 금손 모여라!!! 우리는 모두 빛나는 사람,어린이(저학년),대면/미정,"활동/워크숍 문학, 기타",https://www.bookseed.kr/program/lecture/e233842d-7f3f-11f0-a027-1cce51281be1,
씨드북,전재신,반짝반짝 빛나는 우리나라 금속공예 유물 이야기,어린이(저학년),대면/미정,"일반 강연 인문, 교양/문화",https://www.bookseed.kr/program/lecture/e233589d-7f3f-11f0-a027-1cce51281be1,
바이킹,박효연,스토리텔링 한국지리,어린이(저학년),비대면,"일반 강연 교양/문화, 사회",https://www.bookseed.kr/program/lecture/e2332c38-7f3f-11f0-a027-1cce51281be1,
키큰도토리,박찬주,비가 주는 선물 판화 원데이 클래스,어린이(저학년),대면/미정,"창작 기타, art",https://www.bookseed.kr/program/lecture/e2331069-7f3f-11f0-a027-1cce51281be1,
주니어 단디,신은영,신은영 작가님과 <같이 쓰레기 주울래?>,어린이(저학년),대면/미정,"일반 강연 문학, 사회",https://www.bookseed.kr/program/lecture/e230f660-7f3f-11f0-a027-1cce51281be1,
북극곰,최영아,그림책 작가와 청사초롱 만들기,어린이(저학년),비대면,"bookplay art, 문학",https://www.bookseed.kr/program/lecture/e230bc16-7f3f-11f0-a027-1cce51281be1,
북극곰,정주희,그림책 작가와 나만의 꽃 피우기,어린이(저학년),대면/미정,"bookplay art, 교양/문화",https://www.bookseed.kr/program/lecture/e230b773-7f3f-11f0-a027-1cce51281be1,https://search1.kakaocdn.net/thumb/R120x174.q85/?fname=http%3A%2F%2Ft1.daumcdn.net%2Flbook%2Fimage%2F6278073%3Ftimestamp%3D20260714121901
길벗어린이,윤강미,"<미나의 작은 새> 윤강미 작가와의 만남 :소중한 대상, 존재 그 자체를 인정해 주는 사랑",어린이(저학년),비대면,"일반 강연 문학, art",https://www.bookseed.kr/program/lecture/e2309444-7f3f-11f0-a027-1cce51281be1,https://search1.kakaocdn.net/thumb/R120x174.q85/?fname=http%3A%2F%2Ft1.daumcdn.net%2Flbook%2Fimage%2F6277928%3Ftimestamp%3D20240619153057
책딱지,고수산나,"고수산나 작가의 『거짓말 뽑는 치과』와 함께 하는 재미있는 책이야기, 교과서 수록 작가와의 만남",어린이(저학년),대면/미정,"일반 강연 문학, creative",https://www.bookseed.kr/program/lecture/e2301e65-7f3f-11f0-a027-1cce51281be1,https://search1.kakaocdn.net/thumb/R120x174.q85/?fname=http%3A%2F%2Ft1.daumcdn.net%2Flbook%2Fimage%2F929884%3Ftimestamp%3D20240817113444
책딱지,류미정,소통을 통해 가족 간의 사랑을 느낀다. 『우리 아빠가 어때서!』,어린이(저학년),대면/미정,"일반 강연 문학, creative",https://www.bookseed.kr/program/lecture/e22fbc5e-7f3f-11f0-a027-1cce51281be1,
봄개울,신원미,<내 동생은 앵무새 로봇>나만의 로봇 만들기!,어린이(저학년),대면/미정,"others 문학, creative",https://www.bookseed.kr/program/lecture/e22fb496-7f3f-11f0-a027-1cce51281be1,
사계절출판사,안미란,멋진 친구 사귀기 비법-안미란 작가와 함께,어린이(저학년),비대면,일반 강연 문학,https://www.bookseed.kr/program/lecture/e22f299e-7f3f-11f0-a027-1cce51281be1,
사계절출판사,안미란,참새가 사는 곳에 나도 살아요-안미란 작가와 함께,어린이(저학년),비대면,"일반 강연 문학, 기타",https://www.bookseed.kr/program/lecture/e22f0038-7f3f-11f0-a027-1cce51281be1,
잇츠북어린이,예영희,"내가 원하는 수련, 내게 필요한 수련(예영희선생님)",어린이(저학년),비대면,"일반 강연 writing, 기타",https://www.bookseed.kr/program/lecture/e22dab89-7f3f-11f0-a027-1cce51281be1,
머핀북,원유순,초등 어휘력을 키워 주는 신나는 속담 이야기(<날마다 속담> 원유순 선생님),어린이(저학년),대면/미정,"일반 강연 기타, writing",https://www.bookseed.kr/program/lecture/e22d16b7-7f3f-11f0-a027-1cce51281be1,
웅진주니어,이혜인,"새롭게 상상해보는 똥의 세계, <너희가 똥을 알아?>",어린이(저학년),비대면,"활동/워크숍 문학, art",https://www.bookseed.kr/program/lecture/e22beaf0-7f3f-11f0-a027-1cce51281be1,https://search1.kakaocdn.net/thumb/R120x174.q85/?fname=http%3A%2F%2Ft1.daumcdn.net%2Flbook%2Fimage%2F6222899%3Ftimestamp%3D20231104155309
부카주니어,이성엽,꿈과 희망을 찾아서(내뿔을 찾아줘),어린이(저학년),비대면,"bookplay creative, 문학",https://www.bookseed.kr/program/lecture/e22be102-7f3f-11f0-a027-1cce51281be1,
뭉치,이성엽,키재기 기린의 비밀(올바른 성장의 의미),어린이(저학년),비대면,"일반 강연 philosophy, creative",https://www.bookseed.kr/program/lecture/e22bc4ca-7f3f-11f0-a027-1cce51281be1,
우주나무,윤소진,<지우헤어> 윤소진 작가와의 만남,어린이(저학년),대면/미정,"활동/워크숍 creative, art",https://www.bookseed.kr/program/lecture/e22aea44-7f3f-11f0-a027-1cce51281be1,
책과콩나무,김미숙,<말싸움 학원> 작가와의 만남,어린이(저학년),대면/미정,"일반 강연 문학, 기타",https://www.bookseed.kr/program/lecture/e22a3131-7f3f-11f0-a027-1cce51281be1,
잇츠북어린이,원유순,"소심한 아이, 협동과 배려, 다름과 개성(뒤끝작렬 왕소심_원유순선생님)",어린이(저학년),비대면,"일반 강연 기타, creative",https://www.bookseed.kr/program/lecture/e229dc82-7f3f-11f0-a027-1cce51281be1,
잇츠북,정희용,용기내길 잘 했어!(부풀어용기껌_정희용선생님),어린이(저학년),비대면,"일반 강연 creative, 기타",https://www.bookseed.kr/program/lecture/e229a032-7f3f-11f0-a027-1cce51281be1,
봄마중,한영미,특급 행운을 찾아드립니다,어린이(저학년),대면/미정,"일반 강연 문학, creative",https://www.bookseed.kr/program/lecture/e22937c7-7f3f-11f0-a027-1cce51281be1,
한림출판사,김바다,내가 키운 채소는 맛있어!,어린이(저학년),대면/미정,"활동/워크숍 기타, 교양/문화",https://www.bookseed.kr/program/lecture/e228f402-7f3f-11f0-a027-1cce51281be1,
키큰도토리,권삼중,좋은 책은 좋은 친구,어린이(저학년),비대면,"일반 강연 creative, 기타",https://www.bookseed.kr/program/lecture/e228437d-7f3f-11f0-a027-1cce51281be1,
키큰도토리,조인하,과학 동화책 재미있게 읽기,어린이(저학년),비대면,일반 강연 기타,https://www.bookseed.kr/program/lecture/e2283eeb-7f3f-11f0-a027-1cce51281be1,
마루비,이규희,[신비한 문방구] 이 세상에 똑같은 사람은 없어!/ 나와 다른 친구를 인정해주기,어린이(저학년),대면/미정,"일반 강연 문학, 교양/문화",https://www.bookseed.kr/program/lecture/e228015b-7f3f-11f0-a027-1cce51281be1,
마루비,김우주,[초초숲에서 만나] 좋은 친구란 어떤 것일까요?,어린이(저학년),대면/미정,"일반 강연 문학, 교양/문화",https://www.bookseed.kr/program/lecture/e227d1ba-7f3f-11f0-a027-1cce51281be1,
위즈덤하우스,김바다,쌀밥 한 그릇에 담긴 생태계,어린이(저학년),비대면,"일반 강연 교양/문화, 기타",https://www.bookseed.kr/program/lecture/e226f0bd-7f3f-11f0-a027-1cce51281be1,
위즈덤하우스,김바다,로봇과 함께 살아가기,어린이(저학년),비대면,"일반 강연 문학, 기타",https://www.bookseed.kr/program/lecture/e226cb2c-7f3f-11f0-a027-1cce51281be1,
미세기,김바다,남극의 펭귄을 구하자!,어린이(저학년),비대면,"일반 강연 문학, 교양/문화",https://www.bookseed.kr/program/lecture/e226b308-7f3f-11f0-a027-1cce51281be1,
키즈스콜레,김바다,재미있는 시간은 왜 빨리 가지?,어린이(저학년),대면/미정,"일반 강연 문학, 교양/문화",https://www.bookseed.kr/program/lecture/e2269017-7f3f-11f0-a027-1cce51281be1,
도토리숲,김바다,조선의 자존심을 지킨 마지막 왕자,어린이(저학년),비대면,"일반 강연 문학, 교양/문화",https://www.bookseed.kr/program/lecture/e2266d61-7f3f-11f0-a027-1cce51281be1,
다산어린이,박현숙,"꿈꾸는 구렁이, 구드래곤",어린이(저학년),대면/미정,"일반 강연 creative, writing",https://www.bookseed.kr/program/lecture/e2252916-7f3f-11f0-a027-1cce51281be1,
바우솔,서석영,<더 잘 혼나는 방법> :우리는 왜 혼날까?,어린이(저학년),대면/미정,"일반 강연 교양/문화, creative",https://www.bookseed.kr/program/lecture/e224b7c1-7f3f-11f0-a027-1cce51281be1,
다산어린이,홍민정,<낭만 강아지 봉봉> 친구와 함께하는 행복,어린이(저학년),비대면,"일반 강연 writing, creative",https://www.bookseed.kr/program/lecture/e22436f8-7f3f-11f0-a027-1cce51281be1,
북극곰,이수완,그림책 작가와 영웅 되어 보기,어린이(저학년),비대면,"bookplay 문학, art",https://www.bookseed.kr/program/lecture/e2240e7d-7f3f-11f0-a027-1cce51281be1,https://search1.kakaocdn.net/thumb/R120x174.q85/?fname=http%3A%2F%2Ft1.daumcdn.net%2Flbook%2Fimage%2F6046839%3Ftimestamp%3D20241219151053
뜨인돌어린이,최은순,나는 힘든 친구에게 어떤 친구가 되어 줄까?,어린이(저학년),대면/미정,"일반 강연 교양/문화, 기타",https://www.bookseed.kr/program/lecture/e22215cd-7f3f-11f0-a027-1cce51281be1,
국민서관(주),루치루치,마음이 통하면 누구나 친구『여섯 살 친구』,어린이(저학년),비대면,"활동/워크숍 그림책, creative",https://www.bookseed.kr/program/lecture/e2221167-7f3f-11f0-a027-1cce51281be1,
책읽는곰,김진희,유령잡는안경으로 두려움을 용기로!,어린이(저학년),비대면,"활동/워크숍 문학, creative",https://www.bookseed.kr/program/lecture/e221ae77-7f3f-11f0-a027-1cce51281be1,
도서출판 봄볕,유지우,여우와 나의 이야기,어린이(저학년),대면/미정,"활동/워크숍 문학, art",https://www.bookseed.kr/program/lecture/e22107ee-7f3f-11f0-a027-1cce51281be1,
보랏빛소어린이,박서진,<글자 먹는 고양이>와 함께하는 문해력 수업,어린이(저학년),비대면,"활동/워크숍 writing, creative",https://www.bookseed.kr/program/lecture/e220824d-7f3f-11f0-a027-1cce51281be1,
봄마중,조경희,소원 일기장이 내 소원을 들어준다고?,어린이(저학년),대면/미정,"일반 강연 문학, creative",https://www.bookseed.kr/program/lecture/e22018ed-7f3f-11f0-a027-1cce51281be1,
출판놀이,윤수란,진정한 ‘나’와 ‘좋아요’를 찾아서,어린이(저학년),비대면,"일반 강연 문학, creative",https://www.bookseed.kr/program/lecture/e21ffaf2-7f3f-11f0-a027-1cce51281be1,
잇츠북어린이,김용세,병아리 한살이를 통한 생명 존중UP!(김용세선생님),어린이(저학년),비대면,"일반 강연 기타, creative",https://www.bookseed.kr/program/lecture/e21fdf4b-7f3f-11f0-a027-1cce51281be1,
천개의바람,강현선 그림,"<세종,백성을사랑하다>OX퀴즈로 알아보는 세종이야기와 활자판 만들기",어린이(저학년),비대면,"활동/워크숍 교양/문화, 기타",https://www.bookseed.kr/program/lecture/e21fb00b-7f3f-11f0-a027-1cce51281be1,
별숲,이수용,《저랑 거래하실래요?》이수용 작가 : 거래를 통해 깨닫는 물건의 가치,어린이(저학년),비대면,"일반 강연 문학, 기타",https://www.bookseed.kr/program/lecture/e21f8c04-7f3f-11f0-a027-1cce51281be1,
도토리숲,송아주,"기후 위기, 지구인 모두가 힘을 합쳐요!",어린이(저학년),비대면,"일반 강연 교양/문화, 문학",https://www.bookseed.kr/program/lecture/e21f31ec-7f3f-11f0-a027-1cce51281be1,
스푼북,송아주,우리 학교에 저작권 수호천사가 왔다!,어린이(저학년),대면/미정,"일반 강연 교양/문화, 사회",https://www.bookseed.kr/program/lecture/e21ecd89-7f3f-11f0-a027-1cce51281be1,
청개구리,박예분,<줄탁이> 박예분 작가와 함께하는 이야기 여행,어린이(저학년),비대면,"일반 강연 문학, art",https://www.bookseed.kr/program/lecture/e21e784d-7f3f-11f0-a027-1cce51281be1,https://search1.kakaocdn.net/thumb/R120x174.q85/?fname=http%3A%2F%2Ft1.daumcdn.net%2Flbook%2Fimage%2F6216716%3Ftimestamp%3D20240111155706
청개구리,박예분,<발가락들이 웃는다> 박예분 작가와 함께 시꽃을 피워요,어린이(저학년),비대면,"일반 강연 문학, art",https://www.bookseed.kr/program/lecture/e21e3958-7f3f-11f0-a027-1cce51281be1,https://search1.kakaocdn.net/thumb/R120x174.q85/?fname=http%3A%2F%2Ft1.daumcdn.net%2Flbook%2Fimage%2F6204607%3Ftimestamp%3D20250904141858
보랏빛소어린이,한라경,<엄마의 김치 수첩> 속 옛 이야기를 만나고 김장을 해 봐요!,어린이(저학년),비대면,"활동/워크숍 기타, 사회",https://www.bookseed.kr/program/lecture/e21e0059-7f3f-11f0-a027-1cce51281be1,
한울림어린이,김윤이,<밀짚모자> :텃밭에서 시작된 이야기,어린이(저학년),비대면,"활동/워크숍 art, 기타",https://www.bookseed.kr/program/lecture/e21cde23-7f3f-11f0-a027-1cce51281be1,
겜툰,이나영,이나영 작가와의 만남 <소원을 들어주는 미호네>,어린이(저학년),비대면,"일반 강연 문학, writing",https://www.bookseed.kr/program/lecture/e21cd1ec-7f3f-11f0-a027-1cce51281be1,
천개의바람,"양자현 (지은이), 손지희 (그림)",<초원의 명탐정 몽구리 > 양자현 작가와의 만남,어린이(저학년),대면/미정,"일반 강연 문학, creative",https://www.bookseed.kr/program/lecture/e21cc19d-7f3f-11f0-a027-1cce51281be1,
바우솔,서석영,"<엄마 아빠는 전쟁 중> :엄마 아빠, 제발 그만 싸워요!",어린이(저학년),대면/미정,"일반 강연 creative, 문학",https://www.bookseed.kr/program/lecture/e21ba02f-7f3f-11f0-a027-1cce51281be1,
고래책빵,정혜원,<아침 바다 민박 > :내 안에 위로와 희망 찾기,어린이(저학년),비대면,"일반 강연 문학, 인문",https://www.bookseed.kr/program/lecture/e21b51e9-7f3f-11f0-a027-1cce51281be1,
봄마중,최은영,원하는 물건으로 바꿔주는 맘대로 바꿔 가게!,어린이(저학년),대면/미정,"일반 강연 문학, creative",https://www.bookseed.kr/program/lecture/e21b1657-7f3f-11f0-a027-1cce51281be1,
웅진주니어,이 사 랏,빨간 모자 의상실,어린이(저학년),비대면,"일반 강연 creative, art",https://www.bookseed.kr/program/lecture/e21aa706-7f3f-11f0-a027-1cce51281be1,
우리학교,이수용,세상에서 가장 재미있는 이야기 만들기,어린이(저학년),대면/미정,일반 강연 문학,https://www.bookseed.kr/program/lecture/e21a522c-7f3f-11f0-a027-1cce51281be1,
잇츠북어린이,원유순,"친구관계,이해배려(원유순선생님-우정계약서)",어린이(저학년),비대면,"일반 강연 creative, 기타",https://www.bookseed.kr/program/lecture/e219a326-7f3f-11f0-a027-1cce51281be1,
잇츠북어린이,원유순,유투브 사용(원유순선생님-세상을 바꾸는 크리에이터),어린이(저학년),비대면,"일반 강연 creative, 기타",https://www.bookseed.kr/program/lecture/e21987f6-7f3f-11f0-a027-1cce51281be1,
잇츠북어린이,원유순,두려움과 소심함극복(원유순선생님-행운의문자주의보),어린이(저학년),비대면,"일반 강연 creative, 기타",https://www.bookseed.kr/program/lecture/e2196a07-7f3f-11f0-a027-1cce51281be1,
크레용하우스,서지원,서지원 작가와 함께 하는 문해력 키워주는 창의력 글쓰기,어린이(저학년),대면/미정,"일반 강연 writing, 기타",https://www.bookseed.kr/program/lecture/e21932d9-7f3f-11f0-a027-1cce51281be1,
보랏빛소어린이,한라경,<머리카락 선물>로 배우는 우정과 나눔 이야기,어린이(저학년),비대면,"활동/워크숍 기타, 사회",https://www.bookseed.kr/program/lecture/e2192cb6-7f3f-11f0-a027-1cce51281be1,
별숲,박용숙,모든 행동에는 책임이 따른다,어린이(저학년),비대면,"일반 강연 문학, 기타",https://www.bookseed.kr/program/lecture/e21919ef-7f3f-11f0-a027-1cce51281be1,
별숲,정이립,놀이와 함께 성장하는 어린이,어린이(저학년),비대면,"일반 강연 문학, 기타",https://www.bookseed.kr/program/lecture/e218fccd-7f3f-11f0-a027-1cce51281be1,
찰리북 출판사,이명희,"<오! 나의 반려 닭, 코코> :반려동물과 생명존중",어린이(저학년),비대면,"others 문학, 사회",https://www.bookseed.kr/program/lecture/e218b385-7f3f-11f0-a027-1cce51281be1,
잇츠북어린이,김경미,내가 가진 초능력(김경미선생님),어린이(저학년),비대면,"일반 강연 creative, 기타",https://www.bookseed.kr/program/lecture/e2180f2e-7f3f-11f0-a027-1cce51281be1,
잇츠북어린이,김경미,잔소리를 피하는 방법(김경미선생님),어린이(저학년),비대면,"일반 강연 creative, 기타",https://www.bookseed.kr/program/lecture/e217f7e5-7f3f-11f0-a027-1cce51281be1,
잇츠북어린이,김경미,“사랑해”라는 말의 가치(김경미선생님),어린이(저학년),비대면,일반 강연 creative,https://www.bookseed.kr/program/lecture/e217c15b-7f3f-11f0-a027-1cce51281be1,
웅진주니어,김소리,"나만의 행선지, 나의 버스 여행",어린이(저학년),대면/미정,"활동/워크숍 art, creative",https://www.bookseed.kr/program/lecture/e2174392-7f3f-11f0-a027-1cce51281be1,
봄마중,박채현,나답게! 내 삶의 주인 되기!,어린이(저학년),대면/미정,"일반 강연 문학, creative",https://www.bookseed.kr/program/lecture/e2165ac9-7f3f-11f0-a027-1cce51281be1,
주니어 김영사,한영미,마법이 시작되는 시간,어린이(저학년),비대면,"일반 강연 문학, 인문",https://www.bookseed.kr/program/lecture/e2163186-7f3f-11f0-a027-1cce51281be1,
뜨인돌어린이,최명서,"야호, 절친이 생겼어!",어린이(저학년),대면/미정,"일반 강연 문학, creative",https://www.bookseed.kr/program/lecture/e2161584-7f3f-11f0-a027-1cce51281be1,
뜨인돌어린이,백혜영,어떻게 하면 나만의 꿈을 찾을 수 있을까요?,어린이(저학년),비대면,"일반 강연 문학, 기타",https://www.bookseed.kr/program/lecture/e2161318-7f3f-11f0-a027-1cce51281be1,
뜨인돌,김규희,내가 사랑하는 것들,어린이(저학년),비대면,"창작 문학, art",https://www.bookseed.kr/program/lecture/e2160528-7f3f-11f0-a027-1cce51281be1,
뜨인돌어린이,송방순,전학은 또 다른 시작!,어린이(저학년),비대면,"일반 강연 사회, 문학",https://www.bookseed.kr/program/lecture/e21602bd-7f3f-11f0-a027-1cce51281be1,
우리학교,고정욱,"<고정욱 선생님이 들려주는 다정한 말, 단단한 말> 작가와의 만남",어린이(저학년),대면/미정,일반 강연 문학,https://www.bookseed.kr/program/lecture/e215fecb-7f3f-11f0-a027-1cce51281be1,https://search1.kakaocdn.net/thumb/R120x174.q85/?fname=http%3A%2F%2Ft1.daumcdn.net%2Flbook%2Fimage%2F6203895%3Ftimestamp%3D20260121151245
국민서관(주),한영미,멀리 있는 행운보다는 가까이 있는 행복을 찾아드립니다『랩 나와라 뚝딱! 노래 나와라 뚝딱!』,어린이(저학년),대면/미정,"일반 강연 문학, creative",https://www.bookseed.kr/program/lecture/e2159d3f-7f3f-11f0-a027-1cce51281be1,
바우솔,서석영,<베프전쟁> :좋은 친구가 되는 방법,어린이(저학년),비대면,"일반 강연 문학, creative",https://www.bookseed.kr/program/lecture/e21562a8-7f3f-11f0-a027-1cce51281be1,
머스트비,신원미,[발레 하는 할아버지] 상상력의 힘!,어린이(저학년),대면/미정,"others 문학, creative",https://www.bookseed.kr/program/lecture/e2153a44-7f3f-11f0-a027-1cce51281be1,
머스트비,신원미,우리 함께 행복을 노래해요!,어린이(저학년),대면/미정,"others 문학, 교양/문화",https://www.bookseed.kr/program/lecture/e215138f-7f3f-11f0-a027-1cce51281be1,
봄마중,류미정,나만의 버킷리스트 만들기,어린이(저학년),대면/미정,"일반 강연 문학, creative",https://www.bookseed.kr/program/lecture/e214b1f4-7f3f-11f0-a027-1cce51281be1,
잇츠북어린이,류미정,"말의 힘,거꾸로 말대꾸(류미정선생님)",어린이(저학년),비대면,"bookplay creative, 기타",https://www.bookseed.kr/program/lecture/e2148243-7f3f-11f0-a027-1cce51281be1,
잇츠북어린이,이수용,"평범한 건 싫어, 레오와 함께하는 ‘완벽한 초등생활 따라잡기’(이수용선생님)",어린이(저학년),비대면,"bookplay creative, 기타",https://www.bookseed.kr/program/lecture/e214351d-7f3f-11f0-a027-1cce51281be1,
국민서관(주),영민,『난난난』 잘하는 것도 많아요!,어린이(저학년),비대면,"활동/워크숍 그림책, creative",https://www.bookseed.kr/program/lecture/e2141e53-7f3f-11f0-a027-1cce51281be1,
도서출판 꿈터,류미정,즐거움 속에서 나를 찾기,어린이(저학년),대면/미정,"일반 강연 문학, creative",https://www.bookseed.kr/program/lecture/e214137d-7f3f-11f0-a027-1cce51281be1,
마루비,백혜진,[꿀꺽! 돼지 저금통] 나에게 소중한 것,어린이(저학년),대면/미정,"일반 강연 문학, 교양/문화",https://www.bookseed.kr/program/lecture/e213f0d7-7f3f-11f0-a027-1cce51281be1,
책딱지,류미정,『마시멜로의 달콤한 비밀』솔직함이 주는 마법,어린이(저학년),비대면,"일반 강연 문학, writing",https://www.bookseed.kr/program/lecture/e213a530-7f3f-11f0-a027-1cce51281be1,
잇츠북어린이,박선화,꿈을 이루는 선택과 독서(박선화선생님),어린이(저학년),대면/미정,"bookplay 기타, creative",https://www.bookseed.kr/program/lecture/e2132562-7f3f-11f0-a027-1cce51281be1,
서사원,링고애니 언어연구소,영어 말놀이 알파벳 완주 따라쓰기,어린이(저학년),대면/미정,"활동/워크숍 기타, 교양/문화",https://www.bookseed.kr/program/lecture/e212b3fe-7f3f-11f0-a027-1cce51281be1,
별숲,이수용,나도 달인이 되는 법,어린이(저학년),비대면,"일반 강연 문학, 기타",https://www.bookseed.kr/program/lecture/e21290cb-7f3f-11f0-a027-1cce51281be1,
봄마중,류미정,내 안에 숨은 마음은 뭘까? 마음의 소리 들어보기,어린이(저학년),대면/미정,"일반 강연 문학, creative",https://www.bookseed.kr/program/lecture/e212374f-7f3f-11f0-a027-1cce51281be1,
국민서관(주),김시민,내 마음을 시로 표현해 보자!『금메달이 뜬다』,어린이(저학년),대면/미정,"일반 강연 문학, creative",https://www.bookseed.kr/program/lecture/e2121fba-7f3f-11f0-a027-1cce51281be1,
국민서관(주),허아성,찬란한 지구를 지키기 위한 이유 있는 질문『아름다운 우리 섬에 놀러 와』,어린이(저학년),비대면,"일반 강연 그림책, 문학",https://www.bookseed.kr/program/lecture/e212172a-7f3f-11f0-a027-1cce51281be1,
어떤우주,"우지현 글,그림","나는 매일 그려요, 나는 매일 000 해요",어린이(저학년),비대면,"활동/워크숍 기타, career",https://www.bookseed.kr/program/lecture/e211ed73-7f3f-11f0-a027-1cce51281be1,
키큰도토리,김여나,해녀 이야기를 통해 꿈과 희망 찾기,어린이(저학년),비대면,"일반 강연 문학, career",https://www.bookseed.kr/program/lecture/e211aa5e-7f3f-11f0-a027-1cce51281be1,
잇츠북어린이,선시야,내 친구 이름은 ‘겸손’과 ‘배려’(선시야선생님),어린이(저학년),대면/미정,"bookplay writing, 기타",https://www.bookseed.kr/program/lecture/e21171dc-7f3f-11f0-a027-1cce51281be1,
바람의아이들,정이립,『생쥐처럼』 놀아 봅시다! - 정이립 작가와의 만남,어린이(저학년),비대면,"일반 강연 문학, 교양/문화",https://www.bookseed.kr/program/lecture/e2115314-7f3f-11f0-a027-1cce51281be1,
해와나무,"최인정 (지은이), 강은옥 (그림)",<동전 먹는 고양이>와 함께 두려움 극복하기,어린이(저학년),비대면,"일반 강연 문학, creative",https://www.bookseed.kr/program/lecture/e21075ff-7f3f-11f0-a027-1cce51281be1,
마술피리,"류미원 (지은이), 이경석 (그림)",똥똥구리 탐정과 함께 사건을 해결해 보아요 - <쌍둥이 탐정 똥똥구리> 시리즈,어린이(저학년),비대면,"일반 강연 문학, 기타",https://www.bookseed.kr/program/lecture/e2105416-7f3f-11f0-a027-1cce51281be1,
북멘토(도서출판),"장영현 (지은이), 이로우 (그림)",<아빠는 아홉 살> 장영현 작가와의 만남 : 부모와 자녀 아홉 살 친구되기,어린이(저학년),비대면,"일반 강연 교양/문화, 문학",https://www.bookseed.kr/program/lecture/e21037dc-7f3f-11f0-a027-1cce51281be1,
바람의아이들,정이립,방귀쟁이가 됩시다! - 나의 '재주' 찾기,어린이(저학년),비대면,"일반 강연 문학, career",https://www.bookseed.kr/program/lecture/e2100be2-7f3f-11f0-a027-1cce51281be1,
리틀씨앤톡,허아성,내 마음을 소개합니다! <마음 의자>,어린이(저학년),비대면,"일반 강연 문학, creative",https://www.bookseed.kr/program/lecture/e20f72e9-7f3f-11f0-a027-1cce51281be1,
파란자전거,김혜영,입학 코디네이터 되어 보기 (모두를 위한 디자인 메이커),어린이(저학년),비대면,"창작 문학, 기타",https://www.bookseed.kr/program/lecture/e20f38f9-7f3f-11f0-a027-1cce51281be1,
웅진주니어,김경희,누구나식당으로 놀러오세요!,어린이(저학년),비대면,"일반 강연 creative, 기타",https://www.bookseed.kr/program/lecture/e20ddaa2-7f3f-11f0-a027-1cce51281be1,
마루비,김현정,[고양이 납치범] 반려동물과 애완동물의 차이는 무엇일까요? (동물권),어린이(저학년),대면/미정,"일반 강연 문학, 사회",https://www.bookseed.kr/program/lecture/e20dcf3d-7f3f-11f0-a027-1cce51281be1,
와이즈만북스,원종우,과학 팟캐스트 원종우 작가의 엉뚱한 과학이야기 완결판! 『엉뚱하지만 과학입니다』시리즈,어린이(저학년),대면/미정,일반 강연 기타,https://www.bookseed.kr/program/lecture/e20cbd4e-7f3f-11f0-a027-1cce51281be1,
마루비,신원미,[거미줄 줄넘기] 천리 길도 한 걸음부터!,어린이(저학년),대면/미정,"일반 강연 문학, 교양/문화",https://www.bookseed.kr/program/lecture/e20cac59-7f3f-11f0-a027-1cce51281be1,
마루비,신은영,"[나랑 기억 바꿀래?] 부끄러운 기억, 상처, 트라우마를 대하는 자세",어린이(저학년),대면/미정,"일반 강연 문학, 기타",https://www.bookseed.kr/program/lecture/e20ca753-7f3f-11f0-a027-1cce51281be1,
잇츠북어린이,소연,내가 꿈꾸는 비밀 교실(소연 선생님),어린이(저학년),비대면,"일반 강연 creative, 기타",https://www.bookseed.kr/program/lecture/e20c5f2b-7f3f-11f0-a027-1cce51281be1,
키큰도토리,김진숙,"바쁘다 총각의 꿈, 내 꿈",어린이(저학년),비대면,"일반 강연 문학, philosophy",https://www.bookseed.kr/program/lecture/e20bc3fa-7f3f-11f0-a027-1cce51281be1,
머스트비,정혜원,"<지름길은 필요 없어 > :다같이 놀자, 다같이 살자",어린이(저학년),비대면,"일반 강연 문학, 인문",https://www.bookseed.kr/program/lecture/e20b92a6-7f3f-11f0-a027-1cce51281be1,
가문비어린이,정혜원,<누구도 못 말리는 말숙이 > :말숙이와 떠나는 우리 설화 여행,어린이(저학년),비대면,"일반 강연 문학, 인문",https://www.bookseed.kr/program/lecture/e20b4e8c-7f3f-11f0-a027-1cce51281be1,
가문비어린이,정혜원,<파도에 실려온 꿈> :소중한 우리 함께 해요,어린이(저학년),비대면,"일반 강연 문학, 인문",https://www.bookseed.kr/program/lecture/e20b0680-7f3f-11f0-a027-1cce51281be1,
마루비,최은순,"[소년 김대건] 한국인 최초 사제, 김대건 신부님의 탄생과 발자취",어린이(저학년),대면/미정,"일반 강연 문학, career",https://www.bookseed.kr/program/lecture/e20ad892-7f3f-11f0-a027-1cce51281be1,
알라딘북스,정혜원,<두근두근 속마음 일기장> :가족일기 한번 써보실래요,어린이(저학년),비대면,"일반 강연 문학, 인문",https://www.bookseed.kr/program/lecture/e20a9784-7f3f-11f0-a027-1cce51281be1,
가문비어린이,정혜원,<우당탕탕 용궁엄마 구출작전 > :용궁 엄마와 떠나는 설화 여행,어린이(저학년),비대면,"일반 강연 문학, 인문",https://www.bookseed.kr/program/lecture/e20a5360-7f3f-11f0-a027-1cce51281be1,
가문비어린이,정혜원,<다함께 울랄라> :우린 다 같은 생명이야,어린이(저학년),비대면,"일반 강연 문학, 인문",https://www.bookseed.kr/program/lecture/e209bd26-7f3f-11f0-a027-1cce51281be1,
북극곰,염희정,<세 번째 소원> 동화작가와의 만남,어린이(저학년),대면/미정,"일반 강연 문학, 기타",https://www.bookseed.kr/program/lecture/e208f439-7f3f-11f0-a027-1cce51281be1,
책놀이터,박혜랑,랑이언니의 그림책 뮤지컬,어린이(저학년),비대면,"others 문학, 교양/문화",https://www.bookseed.kr/program/lecture/e208eedd-7f3f-11f0-a027-1cce51281be1,
반달(킨더랜드),신유미,"【산의 노래】“산은 어떻게 노래할까?”(초등/피아노와 함께 음악,미술 체험) 그림책과 피아노로 떠나는 행복 여행(성인)",어린이(저학년),비대면,"창작 문학, art",https://www.bookseed.kr/program/lecture/e208676e-7f3f-11f0-a027-1cce51281be1,
마루비,김혜온,[진주빌라 별별스타] 세상 어디에나 친구가 있어요.,어린이(저학년),대면/미정,"일반 강연 문학, 교양/문화",https://www.bookseed.kr/program/lecture/e207fced-7f3f-11f0-a027-1cce51281be1,
마루비,최은영,[일주일 회장] 진정한 리더란?,어린이(저학년),비대면,"일반 강연 문학, 사회",https://www.bookseed.kr/program/lecture/e207b611-7f3f-11f0-a027-1cce51281be1,
잇츠북어린이,윤정,우리가 꿈꾸는 판타지(윤정 선생님),어린이(저학년),비대면,"창작 creative, writing",https://www.bookseed.kr/program/lecture/e2069ca9-7f3f-11f0-a027-1cce51281be1,
리틀씨앤톡,우성희,공룡 목욕탕’ 속 신나는 탐험!,어린이(저학년),비대면,"활동/워크숍 교양/문화, 기타",https://www.bookseed.kr/program/lecture/e2062828-7f3f-11f0-a027-1cce51281be1,
바이킹,이지연,레이지빗과 함께 떠나는 신나는 웹툰 교실,어린이(저학년),대면/미정,활동/워크숍 art,https://www.bookseed.kr/program/lecture/e205a7c5-7f3f-11f0-a027-1cce51281be1,
바우솔,서석영,<엄마 감옥을 탈출할 거야> 서석영 작가와의 만남,어린이(저학년),비대면,"일반 강연 문학, creative",https://www.bookseed.kr/program/lecture/e2057ecc-7f3f-11f0-a027-1cce51281be1,
바우솔,서석영,<무지막지 막무가내 폭탄 고양이> :폭탄 고양이를 소개합니다!,어린이(저학년),비대면,"일반 강연 문학, creative",https://www.bookseed.kr/program/lecture/e20555ba-7f3f-11f0-a027-1cce51281be1,
바우솔,서석영,<가족을 빌려줍니다> 서석영 작가와의 만남,어린이(저학년),비대면,"일반 강연 문학, creative",https://www.bookseed.kr/program/lecture/e2050261-7f3f-11f0-a027-1cce51281be1,
걸음동무,박찬주,나를 식물로 표현 해 보아요.,어린이(저학년),비대면,"창작 기타, art",https://www.bookseed.kr/program/lecture/e204e2b5-7f3f-11f0-a027-1cce51281be1,
잇츠북어린이,전은희,"전은희 선생님의 <네가 좋아, 우리는 친구!>",어린이(저학년),비대면,bookplay creative,https://www.bookseed.kr/program/lecture/e203dd85-7f3f-11f0-a027-1cce51281be1,
그린북,전경남,나는 선생님이 좋아요!,어린이(저학년),대면/미정,일반 강연 creative,https://www.bookseed.kr/program/lecture/e203b96d-7f3f-11f0-a027-1cce51281be1,
초록개구리,유미희,"자연은 내 친구-<표범장지뱀, 너구나!>를 읽고",어린이(저학년),비대면,"활동/워크숍 문학, writing",https://www.bookseed.kr/program/lecture/e2039146-7f3f-11f0-a027-1cce51281be1,
스푼북,고수산나,"동화로 배우는 인권(차별)이야기, 교과서 수록도서 작가와의 만남",어린이(저학년),대면/미정,"일반 강연 교양/문화, 기타",https://www.bookseed.kr/program/lecture/e203868a-7f3f-11f0-a027-1cce51281be1,
토끼섬,김미희,"<동백꽃이 툭,> 동백꽃 핀 우리 교실",어린이(저학년),비대면,"일반 강연 문학, 기타",https://www.bookseed.kr/program/lecture/e202d84c-7f3f-11f0-a027-1cce51281be1,
우리학교,윤정미,어린이와 컬러코드,어린이(저학년),비대면,일반 강연 art,https://www.bookseed.kr/program/lecture/e2023d35-7f3f-11f0-a027-1cce51281be1,
우리학교,엄혜숙,"『이 집은 나를 위한 집』:그림책 번역, 이럴 때 이런 그림책 처방",어린이(저학년),비대면,"일반 강연 그림책, 문학",https://www.bookseed.kr/program/lecture/e20232b8-7f3f-11f0-a027-1cce51281be1,
우리학교,이수용,경청의 달인 되기,어린이(저학년),비대면,일반 강연 문학,https://www.bookseed.kr/program/lecture/e2022cb6-7f3f-11f0-a027-1cce51281be1,
보누스,조건호,건빵박사와 함께하는 사이언스 매직 쇼,어린이(저학년),비대면,"활동/워크숍 교양/문화, 기타",https://www.bookseed.kr/program/lecture/e20203e9-7f3f-11f0-a027-1cce51281be1,
소원나무,"안수민 (지은이), 차상미 (그림)",5월의 1학년,어린이(저학년),대면/미정,"일반 강연 문학, 기타",https://www.bookseed.kr/program/lecture/e200cdb4-7f3f-11f0-a027-1cce51281be1,
잇츠북어린이,고수산나,작가와 함께 하는 재미있는 책이야기(고수산나),어린이(저학년),비대면,"일반 강연 writing, creative",https://www.bookseed.kr/program/lecture/e2008c30-7f3f-11f0-a027-1cce51281be1,
리틀씨앤톡,윤혜숙,"맛있는 것도 먹고, 속담도 만들고!! <피자 맛의 진수>",어린이(저학년),비대면,"일반 강연 문학, writing",https://www.bookseed.kr/program/lecture/e1ff8030-7f3f-11f0-a027-1cce51281be1,https://search1.kakaocdn.net/thumb/R120x174.q85/?fname=http%3A%2F%2Ft1.daumcdn.net%2Flbook%2Fimage%2F4931110%3Ftimestamp%3D20250401130446
잇츠북 어린이,류미정,용기 있는 도전(벼락맞은 리코더),어린이(저학년),비대면,"일반 강연 creative, 기타",https://www.bookseed.kr/program/lecture/e1fe92ce-7f3f-11f0-a027-1cce51281be1,
그린북,유영소,짝짝이 짝꿍 쿵짝,어린이(저학년),대면/미정,"일반 강연 creative, 문학",https://www.bookseed.kr/program/lecture/e1fe35d9-7f3f-11f0-a027-1cce51281be1,
(도서출판)봄볕,곽민수,<미운 오리 새끼를 읽은 아기 오리 삼 남매> 곽민수 작가와의 만남,어린이(저학년),비대면,"활동/워크숍 문학, writing",https://www.bookseed.kr/program/lecture/e1fd0a8f-7f3f-11f0-a027-1cce51281be1,
머스트비,정혜원,<청고래 책방> :쉼이 있는 곳에 희망이..,어린이(저학년),비대면,"일반 강연 문학, 인문",https://www.bookseed.kr/program/lecture/e1fc37de-7f3f-11f0-a027-1cce51281be1,
소원나무,신은영,단톡방' 안에서 벌어지는 사이버 왕따 바로 알기_<단톡방을 나갔습니다> 신은영 작가 강연,어린이(저학년),대면/미정,"일반 강연 문학, 기타",https://www.bookseed.kr/program/lecture/e1fbda89-7f3f-11f0-a027-1cce51281be1,
미래아이,김영주,대장이 위험해(동물의 피부),어린이(저학년),비대면,일반 강연 기타,https://www.bookseed.kr/program/lecture/e1fb1e76-7f3f-11f0-a027-1cce51281be1,
그린북,오시은,"나를 위로하는 상상친구 - 상상력이 반짝, 문해력도 쑥쑥",어린이(저학년),비대면,"일반 강연 creative, 기타",https://www.bookseed.kr/program/lecture/e1f89c38-7f3f-11f0-a027-1cce51281be1,
도서출판 꿈터,한영미,용감해지는 비법을 알려드립니다,어린이(저학년),대면/미정,"일반 강연 문학, 교양/문화",https://www.bookseed.kr/program/lecture/e1f70469-7f3f-11f0-a027-1cce51281be1,
이지북,박미연,코로나19 바이러스의 공포가 전 세계를 뒤덮고 있다!_박미연 작가와의 만남,어린이(저학년),비대면,"일반 강연 교양/문화, 기타",https://www.bookseed.kr/program/lecture/e1f5cb93-7f3f-11f0-a027-1cce51281be1,
천개의바람,김진,저학년과 함께하는 재미있는 역사 공부,어린이(저학년),비대면,"활동/워크숍 문학, 사회",https://www.bookseed.kr/program/lecture/e1f46fe1-7f3f-11f0-a027-1cce51281be1,
서유재,정복현,동화로 만나는 다문화와 인권 이야기,어린이(저학년),비대면,"일반 강연 기타, 문학",https://www.bookseed.kr/program/lecture/e1f3fe10-7f3f-11f0-a027-1cce51281be1,
로나북(RONABOOK),이예린,동물을 사랑하는 꼬마 과학자 되어보기,어린이(저학년),비대면,활동/워크숍 기타,https://www.bookseed.kr/program/lecture/e1f3e69f-7f3f-11f0-a027-1cce51281be1,
계수나무,이명환,숨은 친구 찾기,어린이(저학년),비대면,"활동/워크숍 creative, 문학",https://www.bookseed.kr/program/lecture/e1f297b7-7f3f-11f0-a027-1cce51281be1,
중앙출판사,박해경,동시 작가와 동시 쓰기,어린이(저학년),비대면,"창작 writing, 문학",https://www.bookseed.kr/program/lecture/e1f2587e-7f3f-11f0-a027-1cce51281be1,https://search1.kakaocdn.net/thumb/R120x174.q85/?fname=http%3A%2F%2Ft1.daumcdn.net%2Flbook%2Fimage%2F5131542%3Ftimestamp%3D20260501120224
봄볕,박예분,<부엉이 방귀를 찾아라> 박예분 작가와의 만남,어린이(저학년),비대면,"일반 강연 문학, creative",https://www.bookseed.kr/program/lecture/e1f14305-7f3f-11f0-a027-1cce51281be1,
중앙출판사(책내음),김미희,우리는 한글 탐정,어린이(저학년),비대면,"활동/워크숍 문학, creative",https://www.bookseed.kr/program/lecture/e1f0e518-7f3f-11f0-a027-1cce51281be1,
중앙출판사,김미희,시인과 함께 동시 쓰기,어린이(저학년),비대면,"창작 writing, 문학",https://www.bookseed.kr/program/lecture/e1f0c6f0-7f3f-11f0-a027-1cce51281be1,
숨쉬는책공장,윤영선,나는 나를 사랑해!,어린이(저학년),비대면,"일반 강연 문학, 교양/문화",https://www.bookseed.kr/program/lecture/e1efb5d1-7f3f-11f0-a027-1cce51281be1,
초록개구리,유미희,하나뿐인 지구별 사용법 - 태어납니다 사라집니다,어린이(저학년),비대면,"활동/워크숍 교양/문화, 인문",https://www.bookseed.kr/program/lecture/e1edc87e-7f3f-11f0-a027-1cce51281be1,
소동 출판사,이지연,"#문학 #그림책 / 나를 표현하는 꽃누르미(꽃, 식물)로 그림 그리기 / 꽃누르미(압화)로 그린 이야기 그림책",어린이(저학년),비대면,"활동/워크숍 art, 교양/문화",https://www.bookseed.kr/program/lecture/e1ece57f-7f3f-11f0-a027-1cce51281be1,
우주나무,원혜영,<딱 하루만 고양이> 원혜영 작가와 만나요,어린이(저학년),비대면,"창작 art, 문학",https://www.bookseed.kr/program/lecture/e1ec412b-7f3f-11f0-a027-1cce51281be1,https://search1.kakaocdn.net/thumb/R120x174.q85/?fname=http%3A%2F%2Ft1.daumcdn.net%2Flbook%2Fimage%2F5749996%3Ftimestamp%3D20231019150818
숨쉬는책공장,곽영미,"I'm 팥, 그림책 속에 담긴 음식 이야기",어린이(저학년),비대면,"활동/워크숍 문학, art",https://www.bookseed.kr/program/lecture/e1eba304-7f3f-11f0-a027-1cce51281be1,
미래아이,김영주,누가 누가 대장일까(동물의 이빨),어린이(저학년),비대면,일반 강연 기타,https://www.bookseed.kr/program/lecture/e1eb9431-7f3f-11f0-a027-1cce51281be1,
노란돼지,차영경,<마음요리> 책과 함께 하는 힐링 마음요리 만들기,어린이(저학년),비대면,"활동/워크숍 문학, art",https://www.bookseed.kr/program/lecture/e1ea071f-7f3f-11f0-a027-1cce51281be1,
달그림,차영경,<마음먹기> 책과 함께하는 힐링 마음요리 만들기,어린이(저학년),비대면,"활동/워크숍 문학, art",https://www.bookseed.kr/program/lecture/e1ea01d9-7f3f-11f0-a027-1cce51281be1,
노란돼지,조경희,<아빠 자판기>와 함께하는 상상 활동 워크숍,어린이(저학년),비대면,"활동/워크숍 문학, 그림책",https://www.bookseed.kr/program/lecture/e1e9fc66-7f3f-11f0-a027-1cce51281be1,
노란돼지,조경희,<엄마 자판기> 읽고 '그림책 씨앗 화분' 만들기,어린이(저학년),비대면,"활동/워크숍 문학, art",https://www.bookseed.kr/program/lecture/e1e9f2ec-7f3f-11f0-a027-1cce51281be1,
도서출판 꿈터,원유순,슈퍼 능력 새우,어린이(저학년),대면/미정,"일반 강연 문학, 기타",https://www.bookseed.kr/program/lecture/e1e9a3aa-7f3f-11f0-a027-1cce51281be1,
창비,김중석,무엇이든 마음대로 ‘그리니까 좋다’,어린이(저학년),대면/미정,활동/워크숍 기타,https://www.bookseed.kr/program/lecture/e1e98e88-7f3f-11f0-a027-1cce51281be1,
창비,홍민정,"『고양이 해결사 깜냥』 홍민정 작가와의 만남 :매력 만점 고양이, 깜냥",어린이(저학년),비대면,"일반 강연 문학, creative",https://www.bookseed.kr/program/lecture/e1e86035-7f3f-11f0-a027-1cce51281be1,
한솔수북,김리라,눈과 머리로 즐기는 그림책,어린이(저학년),비대면,"bookplay 문학, art",https://www.bookseed.kr/program/lecture/e1e75fc5-7f3f-11f0-a027-1cce51281be1,
소원나무,박선화,<외계인 편의점>,어린이(저학년),대면/미정,"일반 강연 문학, creative",https://www.bookseed.kr/program/lecture/e1e719aa-7f3f-11f0-a027-1cce51281be1,
별숲,윤정,최고의 복수란?,어린이(저학년),비대면,"일반 강연 문학, 기타",https://www.bookseed.kr/program/lecture/e1e6f94f-7f3f-11f0-a027-1cce51281be1,
비룡소,김경희,진짜 용기란 뭘까? <천하무적 용기맨> 김경희 작가와의 만남,어린이(저학년),비대면,"창작 문학, 기타",https://www.bookseed.kr/program/lecture/e1e45864-7f3f-11f0-a027-1cce51281be1,https://search1.kakaocdn.net/thumb/R120x174.q85/?fname=http%3A%2F%2Ft1.daumcdn.net%2Flbook%2Fimage%2F4977187%3Ftimestamp%3D20241107133757
이야기꽃,이정빈,바빠요 바빠,어린이(저학년),비대면,"일반 강연 art, creative",https://www.bookseed.kr/program/lecture/e1e42b40-7f3f-11f0-a027-1cce51281be1,
다섯수레,곽영미,"통일 교육 및 인권 교육(두 섬 이야기, 옥수수 할아버지)",어린이(저학년),비대면,"활동/워크숍 사회, 기타",https://www.bookseed.kr/program/lecture/e1e41b18-7f3f-11f0-a027-1cce51281be1,
별숲,신배화,병아리 친구에게 내 마음 전하기,어린이(저학년),비대면,"일반 강연 문학, 기타",https://www.bookseed.kr/program/lecture/e1e3fbee-7f3f-11f0-a027-1cce51281be1,
이야기꽃,윤순정,눈오는날 토끼를 만났어요 작가 강연,어린이(저학년),비대면,"일반 강연 art, 기타",https://www.bookseed.kr/program/lecture/e1e19ab6-7f3f-11f0-a027-1cce51281be1,
우리학교,소이언,"어린이를 위한 인문학 이야기, 초등학생을 위한 책읽기 글쓰기 토론",어린이(저학년),대면/미정,"일반 강연 인문, writing",https://www.bookseed.kr/program/lecture/e1e18ff6-7f3f-11f0-a027-1cce51281be1,
율리시즈,한기철,슬기로운 집콕놀이,어린이(저학년),비대면,"활동/워크숍 교양/문화, 기타",https://www.bookseed.kr/program/lecture/e1e1658d-7f3f-11f0-a027-1cce51281be1,
크레용하우스,서지원,서지원 작가님과 함께 하는 상상력 터지는 글쓰기,어린이(저학년),비대면,"일반 강연 writing, 기타",https://www.bookseed.kr/program/lecture/e1def821-7f3f-11f0-a027-1cce51281be1,
천개의바람,진수경 (지은이),<뭔가 특별한 아저씨> 진수경 작가와의 만남,어린이(저학년),대면/미정,"활동/워크숍 그림책, creative",https://www.bookseed.kr/program/lecture/e1dd102f-7f3f-11f0-a027-1cce51281be1,
소동,강현아,"#환경 #역사 / 그림책으로 만나는 멸종위기 동물 식물 이야기, 환경과 평화 _DMZ 생태공원",어린이(저학년),비대면,"활동/워크숍 art, 기타",https://www.bookseed.kr/program/lecture/e1db363a-7f3f-11f0-a027-1cce51281be1,
천개의바람,"김성은 (지은이), 조미자 (그림)",<웃음이 퐁퐁퐁> 김성은 작가와의 만남,어린이(저학년),대면/미정,"활동/워크숍 그림책, creative",https://www.bookseed.kr/program/lecture/e1dac82f-7f3f-11f0-a027-1cce51281be1,
도담소리,이초아,<백두산 도련님 납시오~> 이초아 작가와의 만남,어린이(저학년),대면/미정,"일반 강연 교양/문화, 기타",https://www.bookseed.kr/program/lecture/e1da98a5-7f3f-11f0-a027-1cce51281be1,
도담소리,변선아,<먹구름을 먹은 아기 하마> 변선아 작가와의 만남,어린이(저학년),대면/미정,"일반 강연 교양/문화, 사회",https://www.bookseed.kr/program/lecture/e1da6beb-7f3f-11f0-a027-1cce51281be1,
우주나무,신성희,그림책 캐릭터 만들기,어린이(저학년),대면/미정,"일반 강연 creative, art",https://www.bookseed.kr/program/lecture/e1da3d36-7f3f-11f0-a027-1cce51281be1,
반달(킨더랜드),이해진,밤을 깨우는 친구들,어린이(저학년),비대면,"창작 art, 교양/문화",https://www.bookseed.kr/program/lecture/e1d93e61-7f3f-11f0-a027-1cce51281be1,
반달(킨더랜드),이세경,그림책 놀이 : 짝과 함께 춤을!,어린이(저학년),비대면,"활동/워크숍 art, 교양/문화",https://www.bookseed.kr/program/lecture/e1d8f4f4-7f3f-11f0-a027-1cce51281be1,
킨더랜드,최형미,<행운 바이러스> 최형미 작가와의 만남 :진짜 행운은 어디에서 오는가?,어린이(저학년),비대면,"일반 강연 문학, 인문",https://www.bookseed.kr/program/lecture/e1d87a8b-7f3f-11f0-a027-1cce51281be1,
킨더랜드,박미숙,<도서관에 간 외계인> :: 도서관에서 할 수 있는 일 100가지,어린이(저학년),비대면,"활동/워크숍 교양/문화, 인문",https://www.bookseed.kr/program/lecture/e1d863fa-7f3f-11f0-a027-1cce51281be1,
라임,김경숙,<골라 줘! 초이스 킹> 어려운 선택을 대신해 주는 앱이 있다면?,어린이(저학년),대면/미정,"일반 강연 문학, 기타",https://www.bookseed.kr/program/lecture/e1d79ac6-7f3f-11f0-a027-1cce51281be1,
라임,심은경,<우리 집 위층엔 킹콩이 산다> 층간 소음 때문에 킹콩이 되는 아이들?!,어린이(저학년),대면/미정,"일반 강연 문학, 기타",https://www.bookseed.kr/program/lecture/e1d7982c-7f3f-11f0-a027-1cce51281be1,
북극곰,이연주,그림책 작가와 입체 카드 만들기,어린이(저학년),대면/미정,"bookplay creative, 기타",https://www.bookseed.kr/program/lecture/e1d77754-7f3f-11f0-a027-1cce51281be1,
북극곰,차야다,그림책 작가와 콜라주 그림 그리기,어린이(저학년),대면/미정,"bookplay creative, art",https://www.bookseed.kr/program/lecture/e1d77589-7f3f-11f0-a027-1cce51281be1,https://search1.kakaocdn.net/thumb/R120x174.q85/?fname=http%3A%2F%2Ft1.daumcdn.net%2Flbook%2Fimage%2F7006745%3Ftimestamp%3D20260531094953
크레용하우스,조민희,그림책으로 이해하는 환경 보호와 소수자 인권,어린이(저학년),대면/미정,"일반 강연 사회, art",https://www.bookseed.kr/program/lecture/e1d763b4-7f3f-11f0-a027-1cce51281be1,
크레용하우스,제성은,제성은 작가님과 함께 알아보는 올바른 유튜브와 SNS 이용방법,어린이(저학년),대면/미정,"bookplay 교양/문화, 사회",https://www.bookseed.kr/program/lecture/e1d761c4-7f3f-11f0-a027-1cce51281be1,https://search1.kakaocdn.net/thumb/R120x174.q85/?fname=http%3A%2F%2Ft1.daumcdn.net%2Flbook%2Fimage%2F1141610%3Ftimestamp%3D20240220182846
크레용하우스,제성은,"미세먼지, 그것이 알고 싶다!",어린이(저학년),대면/미정,"bookplay 문학, 교양/문화",https://www.bookseed.kr/program/lecture/e1d76000-7f3f-11f0-a027-1cce51281be1,
크레용하우스,임서경,<내가 그런 게 아니야!> :인문학으로 배우는 소통 스토리텔링,어린이(저학년),대면/미정,"일반 강연 인문, 사회",https://www.bookseed.kr/program/lecture/e1d75e39-7f3f-11f0-a027-1cce51281be1,
천개의바람,"최지혜 (지은이), 엄정원 (그림)",<훈맹정음 할아버지 박두성> 최지혜 작가와의 만남,어린이(저학년),대면/미정,"활동/워크숍 사회, 문학",https://www.bookseed.kr/program/lecture/e1d6737b-7f3f-11f0-a027-1cce51281be1,
걸음동무,윤혜숙(글),윤혜숙 작가와의 만남,어린이(저학년),비대면,"창작 문학, creative",https://www.bookseed.kr/program/lecture/e1d62d84-7f3f-11f0-a027-1cce51281be1,https://search1.kakaocdn.net/thumb/R120x174.q85/?fname=http%3A%2F%2Ft1.daumcdn.net%2Flbook%2Fimage%2F3941835%3Ftimestamp%3D20250328130739
천개의바람,"신원미 (지은이), 애슝 (그림)",<하늘이 딱딱했대?> 신원미 작가와의 만남,어린이(저학년),대면/미정,"활동/워크숍 문학, creative",https://www.bookseed.kr/program/lecture/e1d51c1e-7f3f-11f0-a027-1cce51281be1,
고래뱃속,정인석,고래야 놀자,어린이(저학년),대면/미정,"활동/워크숍 art, creative",https://www.bookseed.kr/program/lecture/e1d47e86-7f3f-11f0-a027-1cce51281be1,
고래뱃속,진경,우리의 진짜 집은 어디일까?,어린이(저학년),대면/미정,"활동/워크숍 art, creative",https://www.bookseed.kr/program/lecture/e1d473c6-7f3f-11f0-a027-1cce51281be1,
소원나무,송선옥,아이스크림 걸음 작가 강연,어린이(저학년),대면/미정,"활동/워크숍 문학, 기타",https://www.bookseed.kr/program/lecture/e1d46e3d-7f3f-11f0-a027-1cce51281be1,
바우솔,서석영,<공부만 잘하는 바보> 서석영 작가와의 만남,어린이(저학년),비대면,"일반 강연 creative, 기타",https://www.bookseed.kr/program/lecture/e1d32b69-7f3f-11f0-a027-1cce51281be1,https://search1.kakaocdn.net/thumb/R120x174.q85/?fname=http%3A%2F%2Ft1.daumcdn.net%2Flbook%2Fimage%2F4884416%3Ftimestamp%3D20250813123017
내일을여는책,서석영,<나를 쫓는 천 개의 눈> :CCTV가 날 감시하고 있어!,어린이(저학년),비대면,"일반 강연 creative, 기타",https://www.bookseed.kr/program/lecture/e1d32702-7f3f-11f0-a027-1cce51281be1,
고래뱃속,이시원,작은 사랑의 표현이 만든 아름다운 순간,어린이(저학년),대면/미정,"활동/워크숍 creative, art",https://www.bookseed.kr/program/lecture/e1d23547-7f3f-11f0-a027-1cce51281be1,
숨쉬는책공장,곽민수,<아주아주 센 모기약이 발명된다면?> 곽민수 작가와의 만남,어린이(저학년),비대면,"활동/워크숍 기타, 문학",https://www.bookseed.kr/program/lecture/e1d1f015-7f3f-11f0-a027-1cce51281be1,
JEI재능교육(재능출판),안소민,나만의 <더벅머리 톰>가면 만들기,어린이(저학년),대면/미정,"창작 creative, 기타",https://www.bookseed.kr/program/lecture/e1d03d77-7f3f-11f0-a027-1cce51281be1,
와이즈만북스,홍기운,"꿀벌들아, 돌아와!",어린이(저학년),대면/미정,일반 강연 기타,https://www.bookseed.kr/program/lecture/e1d00126-7f3f-11f0-a027-1cce51281be1,
스푼북,송아주,인공지능 로봇과 즐겁고 슬기롭게 지내요,어린이(저학년),대면/미정,"일반 강연 기타, 사회",https://www.bookseed.kr/program/lecture/e1cf58e7-7f3f-11f0-a027-1cce51281be1,
소동,이선미,"내 마음을 그리는 그림책 / 미술 그리기, 꼴라주 놀이",어린이(저학년),비대면,"활동/워크숍 art, 기타",https://www.bookseed.kr/program/lecture/e1cf245f-7f3f-11f0-a027-1cce51281be1,
우주나무,조은희,<책벌레 이도> 조은희 작가와의 만남,어린이(저학년),대면/미정,"일반 강연 creative, 그림책",https://www.bookseed.kr/program/lecture/e1cde582-7f3f-11f0-a027-1cce51281be1,
우주나무,이영아,<여기 꽃이 있어요> 이영아 작가와의 만남,어린이(저학년),대면/미정,"일반 강연 creative, 그림책",https://www.bookseed.kr/program/lecture/e1cde0bc-7f3f-11f0-a027-1cce51281be1,
우주나무,원혜영,판화와 그림책의 매력 -원혜영 작가와의 만남,어린이(저학년),대면/미정,"창작 creative, 기타",https://www.bookseed.kr/program/lecture/e1cddd5d-7f3f-11f0-a027-1cce51281be1,
우주나무,안소민,<네가 처음> 안소민 작가와의 만남,어린이(저학년),대면/미정,"일반 강연 creative, 그림책",https://www.bookseed.kr/program/lecture/e1cddb0a-7f3f-11f0-a027-1cce51281be1,
우주나무,소복이,"<그 녀석, 걱정> 소복이 작가와의 만남",어린이(저학년),대면/미정,"일반 강연 creative, 그림책",https://www.bookseed.kr/program/lecture/e1cdd440-7f3f-11f0-a027-1cce51281be1,
궁리,김현정,김현정 저자와 함께 하는 코딩 수업,어린이(저학년),비대면,일반 강연 기타,https://www.bookseed.kr/program/lecture/e1cd5eb9-7f3f-11f0-a027-1cce51281be1,
궁리,김현정,김현정 저자와 함께 배우는 그림과 이야기로 쉽게 배우는 소프트웨어와 코딩 첫걸음,어린이(저학년),비대면,일반 강연 기타,https://www.bookseed.kr/program/lecture/e1cd57e9-7f3f-11f0-a027-1cce51281be1,
천개의바람,이민희,<70%의 비밀> 이민희 작가와의 만남,어린이(저학년),대면/미정,"활동/워크숍 그림책, creative",https://www.bookseed.kr/program/lecture/e1cd1d53-7f3f-11f0-a027-1cce51281be1,
천개의바람,윤진현 (지은이),<다다다 다른 별 학교> 윤진현 작가와의 만남,어린이(저학년),대면/미정,"활동/워크숍 그림책, creative",https://www.bookseed.kr/program/lecture/e1cd1371-7f3f-11f0-a027-1cce51281be1,
씨드북,이형진,상상날개를 펼쳐 보아요!,어린이(저학년),대면/미정,"일반 강연 creative, 문학",https://www.bookseed.kr/program/lecture/e1cadc38-7f3f-11f0-a027-1cce51281be1,
비룡소,조경숙,"통일, 어떻게 하나가 될까?",어린이(저학년),대면/미정,"일반 강연 creative, 문학",https://www.bookseed.kr/program/lecture/e1ca6522-7f3f-11f0-a027-1cce51281be1,
별숲,박경태,꼬마열차와 함께 떠나는 역사여행,어린이(저학년),비대면,"활동/워크숍 문학, 기타",https://www.bookseed.kr/program/lecture/e1c9f4e6-7f3f-11f0-a027-1cce51281be1,
별숲,배봉기,마음으로 이해하기-친구가 되는 길,어린이(저학년),대면/미정,"일반 강연 문학, 기타",https://www.bookseed.kr/program/lecture/e1c9e39b-7f3f-11f0-a027-1cce51281be1,
한솔수북,김리라,움직이는 네모 만들기,어린이(저학년),대면/미정,"활동/워크숍 art, creative",https://www.bookseed.kr/program/lecture/e1c9ced3-7f3f-11f0-a027-1cce51281be1,
별숲,배봉기,도깨비 방망이에 주문을 걸어보자,어린이(저학년),대면/미정,"일반 강연 문학, 기타",https://www.bookseed.kr/program/lecture/e1c9c084-7f3f-11f0-a027-1cce51281be1,
청년사,서석영,<외모로 차별하지 마세요> 서석영 작가와의 만남,어린이(저학년),비대면,"일반 강연 사회, 교양/문화",https://www.bookseed.kr/program/lecture/e1c958e3-7f3f-11f0-a027-1cce51281be1,
파란자전거,전현정,"<남극, 아델리 펭귄의 고향>에 다녀온 동화작가의 지구촌 철새 이야기",어린이(저학년),대면/미정,"일반 강연 교양/문화, 기타",https://www.bookseed.kr/program/lecture/e1c9196f-7f3f-11f0-a027-1cce51281be1,
별숲,이창숙,슬플 때 우리는 어떻게 해야할까?,어린이(저학년),비대면,"일반 강연 문학, 기타",https://www.bookseed.kr/program/lecture/e1c863ee-7f3f-11f0-a027-1cce51281be1,
별숲,송재찬,<새엄마는 허웅아기> 송재찬 작가와의 만남 :현대동화에 나타난 우리 옛이야기,어린이(저학년),대면/미정,"일반 강연 문학, 기타",https://www.bookseed.kr/program/lecture/e1c81565-7f3f-11f0-a027-1cce51281be1,https://search1.kakaocdn.net/thumb/R120x174.q85/?fname=http%3A%2F%2Ft1.daumcdn.net%2Flbook%2Fimage%2F1499422%3Ftimestamp%3D20220528154832
별숲,박현경,로봇에게 마음이 있을까요?,어린이(저학년),대면/미정,"일반 강연 문학, 기타",https://www.bookseed.kr/program/lecture/e1c7fe5d-7f3f-11f0-a027-1cce51281be1,
별숲,김일옥,나만의 장점을 발견해 보자,어린이(저학년),비대면,"일반 강연 문학, 기타",https://www.bookseed.kr/program/lecture/e1c7f84e-7f3f-11f0-a027-1cce51281be1,
한솔수북,김리라,[미술 시간 마술 시간] 공연,어린이(저학년),대면/미정,"others art, creative",https://www.bookseed.kr/program/lecture/e1c783ce-7f3f-11f0-a027-1cce51281be1,
한솔수북,김리라,주스가게 메뉴판 만들기(색 만들기 활동),어린이(저학년),대면/미정,"활동/워크숍 art, creative",https://www.bookseed.kr/program/lecture/e1c7811e-7f3f-11f0-a027-1cce51281be1,
씨드북(주),"길상효 (지은이), 이형진 (그림)","<점동아, 어디 가니?> 길상효 작가와의 만남: 세상을 바꾼 자랑스러운 한국 여성",어린이(저학년),대면/미정,"일반 강연 문학, 사회",https://www.bookseed.kr/program/lecture/e1c75f41-7f3f-11f0-a027-1cce51281be1,
천개의바람,안은영 (지은이),<알아맞혀 봐! 곤충 가면 놀이> 안은영 작가와의 만남,어린이(저학년),대면/미정,"활동/워크숍 기타, art",https://www.bookseed.kr/program/lecture/e1c71f4c-7f3f-11f0-a027-1cce51281be1,
창비,김중미,『꽃은 많을수록 좋다』 김중미 작가와의 만남,어린이(저학년),비대면,"일반 강연 인문, 사회",https://www.bookseed.kr/program/lecture/e1c70122-7f3f-11f0-a027-1cce51281be1,
씨드북,한정영,"지구 환경 보호, 우리가 먼저 실천해요",어린이(저학년),대면/미정,"일반 강연 문학, 사회",https://www.bookseed.kr/program/lecture/e1c6c633-7f3f-11f0-a027-1cce51281be1,
와이즈만 BOOKs,서지원,전기가 나오는 축구공,어린이(저학년),대면/미정,일반 강연 기타,https://www.bookseed.kr/program/lecture/e1c6a8d0-7f3f-11f0-a027-1cce51281be1,
이야기꽃,이정빈,"책 만드는 책, 책책",어린이(저학년),대면/미정,"활동/워크숍 writing, creative",https://www.bookseed.kr/program/lecture/e1c69b07-7f3f-11f0-a027-1cce51281be1,
지성사,하연철,<박물관에서 공룡을 만나다 > 작가와의 만남,어린이(저학년),비대면,"일반 강연 career, 기타",https://www.bookseed.kr/program/lecture/e1c67dae-7f3f-11f0-a027-1cce51281be1,
씨드북(주),"길상효 (글), 이석구 (그림)",최고 빵집 아저씨는 치마를 입어요,어린이(저학년),대면/미정,"활동/워크숍 creative, 인문",https://www.bookseed.kr/program/lecture/e1c518c1-7f3f-11f0-a027-1cce51281be1,
씨드북(주),"유다정 (지은이), 조은정 (그림), 윤미연 (감수)",<뱀이 하품할 때 지진이 난다고?> 유다정 작가와의 만남 :그림책으로 만나는 재미난 과학 이야기(지진편),어린이(저학년),대면/미정,"일반 강연 기타, 교양/문화",https://www.bookseed.kr/program/lecture/e1c4e311-7f3f-11f0-a027-1cce51281be1,
라임,원유순,<놀이터를 돌려줘> 아이들에겐 자유롭게 '놀 권리'가 필요하다,어린이(저학년),대면/미정,"일반 강연 문학, 기타",https://www.bookseed.kr/program/lecture/e1c4c539-7f3f-11f0-a027-1cce51281be1,
한솔수북,이은지,나만의 행성 만들기,어린이(저학년),대면/미정,활동/워크숍 기타,https://www.bookseed.kr/program/lecture/e1c49964-7f3f-11f0-a027-1cce51281be1,
웃는돌고래,현주,"1학년, 힘내라!",어린이(저학년),대면/미정,"bookplay art, 교양/문화",https://www.bookseed.kr/program/lecture/e1c47ce8-7f3f-11f0-a027-1cce51281be1,
창비,정제광,동물은 내 친구: 동물과 좋은 관계 맺기,어린이(저학년),대면/미정,"일반 강연 문학, 교양/문화",https://www.bookseed.kr/program/lecture/e1c44e2b-7f3f-11f0-a027-1cce51281be1,
창비,이지유,『별똥별 아줌마와 배우는 시리즈』이지유 작가와의 만남,어린이(저학년),비대면,"일반 강연 과학, 교양/문화",https://www.bookseed.kr/program/lecture/e1c449f8-7f3f-11f0-a027-1cce51281be1,
북극곰,주윤희,그림책 작가와 함께 창작 활동 체험하기,어린이(저학년),대면/미정,"활동/워크숍 그림책, 기타",https://www.bookseed.kr/program/lecture/e1c37cd5-7f3f-11f0-a027-1cce51281be1,https://search1.kakaocdn.net/thumb/R120x174.q85/?fname=http%3A%2F%2Ft1.daumcdn.net%2Flbook%2Fimage%2F1637726%3Ftimestamp%3D20241218114008
바우솔,서석영,<위대한 똥말> :꼴찌에게 박수를!,어린이(저학년),비대면,"일반 강연 사회, 기타",https://www.bookseed.kr/program/lecture/e1c2e2f7-7f3f-11f0-a027-1cce51281be1,
한솔수북,조수경,마음샘을 통해 내 마음 들여다보기,어린이(저학년),대면/미정,"활동/워크숍 인문, philosophy",https://www.bookseed.kr/program/lecture/e1c2772f-7f3f-11f0-a027-1cce51281be1,
북극곰 출판사,선미화,그림책 작가와의 만남,어린이(저학년),대면/미정,"활동/워크숍 그림책, 기타",https://www.bookseed.kr/program/lecture/e1c26dad-7f3f-11f0-a027-1cce51281be1,https://search1.kakaocdn.net/thumb/R120x174.q85/?fname=http%3A%2F%2Ft1.daumcdn.net%2Flbook%2Fimage%2F1634474%3Ftimestamp%3D20230223143223
북극곰 출판사,양미주,그림책 작가와 함께하는 상상 그림 그리기,어린이(저학년),대면/미정,"활동/워크숍 그림책, 기타",https://www.bookseed.kr/program/lecture/e1c26a28-7f3f-11f0-a027-1cce51281be1,https://search1.kakaocdn.net/thumb/R120x174.q85/?fname=http%3A%2F%2Ft1.daumcdn.net%2Flbook%2Fimage%2F1639134%3Ftimestamp%3D20231011183339
와이즈만북스,유다정,명품 가방 속으로 악어들이 사라졌어,어린이(저학년),대면/미정,일반 강연 기타,https://www.bookseed.kr/program/lecture/e1c24f5f-7f3f-11f0-a027-1cce51281be1,
와이즈만북스,남궁정희(그림),돼지도 누릴 권리가 있어' 그림책 작가 남궁정희와의 만남,어린이(저학년),대면/미정,창작 기타,https://www.bookseed.kr/program/lecture/e1c24c95-7f3f-11f0-a027-1cce51281be1,
와이즈만북스,유다정,푸른 숲을 누가 만들었나?,어린이(저학년),대면/미정,일반 강연 기타,https://www.bookseed.kr/program/lecture/e1c24774-7f3f-11f0-a027-1cce51281be1,
고래뱃속,난주,점으로 그린 세상,어린이(저학년),대면/미정,"창작 art, 교양/문화",https://www.bookseed.kr/program/lecture/e1c1ba02-7f3f-11f0-a027-1cce51281be1,
웃는돌고래(이후),윤정선,조금 다르면 어때?,어린이(저학년),비대면,"활동/워크숍 그림책, 교양/문화",https://www.bookseed.kr/program/lecture/e1c1239d-7f3f-11f0-a027-1cce51281be1,
웃는돌고래(이후),정숙영,옛 그림 속 숨은 이야기 찾기,어린이(저학년),대면/미정,"일반 강연 art, 기타",https://www.bookseed.kr/program/lecture/e1c09be7-7f3f-11f0-a027-1cce51281be1,
파란자전거,정종영,"역사동화 <모래소금>, 정종영 작가와의 만남",어린이(저학년),대면/미정,"일반 강연 문학, 교양/문화",https://www.bookseed.kr/program/lecture/e1c09742-7f3f-11f0-a027-1cce51281be1,
시공주니어,서석영,"<욕 전쟁> :앗, 뜨거운 욕!",어린이(저학년),비대면,"일반 강연 문학, 기타",https://www.bookseed.kr/program/lecture/e1bfe94e-7f3f-11f0-a027-1cce51281be1,
창비,김병하,김병하의 그림책 이야기 & 그림책 더미북 만들기,어린이(저학년),대면/미정,"창작 그림책, creative",https://www.bookseed.kr/program/lecture/e1bf22dd-7f3f-11f0-a027-1cce51281be1,
봄볕(꿈꾸는꼬리연),박예분,<피아골 아기고래> :지리산에서 아기고래를 만나다,어린이(저학년),대면/미정,"일반 강연 그림책, 기타",https://www.bookseed.kr/program/lecture/e1becf05-7f3f-11f0-a027-1cce51281be1,
노란돼지,허순영,<숭례문 할아버지> 나의 꿈나무 만들기,어린이(저학년),대면/미정,"활동/워크숍 교양/문화, 그림책",https://www.bookseed.kr/program/lecture/e1be8904-7f3f-11f0-a027-1cce51281be1,
이야기꽃,윤진초,이야기가 담긴 도자기,어린이(저학년),대면/미정,"others art, 기타",https://www.bookseed.kr/program/lecture/e1bbffed-7f3f-11f0-a027-1cce51281be1,
씨드북,전재신,전재신의 박물관 교실,어린이(저학년),대면/미정,"일반 강연 교양/문화, 인문",https://www.bookseed.kr/program/lecture/e1bbfb84-7f3f-11f0-a027-1cce51281be1,
별숲,서정오,재미있고 흥겨운 우리 옛이야기,어린이(저학년),비대면,활동/워크숍 기타,https://www.bookseed.kr/program/lecture/e1bbefcd-7f3f-11f0-a027-1cce51281be1,
천개의바람,손미영,그림책 작가 손미영 선생님과 알콩달콩 함께하는 시간,어린이(저학년),대면/미정,"활동/워크숍 creative, 그림책",https://www.bookseed.kr/program/lecture/e1bb6a29-7f3f-11f0-a027-1cce51281be1,https://search1.kakaocdn.net/thumb/R120x174.q85/?fname=http%3A%2F%2Ft1.daumcdn.net%2Flbook%2Fimage%2F1377126%3Ftimestamp%3D20221025142129
창비,송미경,송미경 선생님의 『복수의 여신』 이야기,어린이(저학년),비대면,"일반 강연 creative, 기타",https://www.bookseed.kr/program/lecture/e1b6bf3b-7f3f-11f0-a027-1cce51281be1,
창비,이가을,이가을 선생님의 『한 달 전 동물 병원』 이야기,어린이(저학년),대면/미정,"일반 강연 creative, 기타",https://www.bookseed.kr/program/lecture/e1b81c53-7f3f-11f0-a027-1cce51281be1,
창비,김미혜,김미혜 선생님과 신나는 동시 놀이『신나는 동시 따 먹기』,어린이(저학년),비대면,"활동/워크숍 creative, 기타",https://www.bookseed.kr/program/lecture/e1b5938f-7f3f-11f0-a027-1cce51281be1,
창비,이지유,『누가 초콜릿을 만들까?』 :초콜릿을 통해 만나는 세상 곳곳의 일하는 사람들,어린이(저학년),비대면,"일반 강연 사회, 기타",https://www.bookseed.kr/program/lecture/e1b58a16-7f3f-11f0-a027-1cce51281be1,
창비,"이지유 (글), 김고은 (그림)",『딱정벌레의 소원』 이지유 작가와의 만남 :딱정벌레를 통해 배우는 생태계의 법칙,어린이(저학년),비대면,"일반 강연 그림책, 과학",https://www.bookseed.kr/program/lecture/e1b58cda-7f3f-11f0-a027-1cce51281be1,
창비,서석영,서석영 선생님의 『두근두근 거실 텐트』 이야기,어린이(저학년),비대면,"일반 강연 creative, 기타",https://www.bookseed.kr/program/lecture/e1b8e821-7f3f-11f0-a027-1cce51281be1,
창비,김민령,김민령 선생님의 『나의 사촌 세라』 이야기,어린이(저학년),대면/미정,"일반 강연 creative, 기타",https://www.bookseed.kr/program/lecture/e1b6bfad-7f3f-11f0-a027-1cce51281be1,
창비,유우석,유우석 선생님의 『보물섬의 비밀』 이야기,어린이(저학년),대면/미정,"일반 강연 creative, 기타",https://www.bookseed.kr/program/lecture/e1b7e6a8-7f3f-11f0-a027-1cce51281be1,
창비,선안나,선안나 선생님의 『삼식이 뒤로 나가!』 이야기,어린이(저학년),대면/미정,"일반 강연 creative, 기타",https://www.bookseed.kr/program/lecture/e1b8786f-7f3f-11f0-a027-1cce51281be1,
창비,배유안,『콩 하나면 되겠니?』 배유안 작가와의 만남,어린이(저학년),비대면,"일반 강연 creative, 기타",https://www.bookseed.kr/program/lecture/e1b82789-7f3f-11f0-a027-1cce51281be1,
창비,박승우,박승우 선생님의 동시 이야기,어린이(저학년),대면/미정,"일반 강연 creative, 기타",https://www.bookseed.kr/program/lecture/e1b97f52-7f3f-11f0-a027-1cce51281be1,
창비,김미혜,김미혜 선생님의 동시 이야기『아빠를 딱 하루만』,어린이(저학년),비대면,"일반 강연 creative, 기타",https://www.bookseed.kr/program/lecture/e1b92333-7f3f-11f0-a027-1cce51281be1,
창비,박일환,박일환 선생님의 동시 이야기,어린이(저학년),대면/미정,"일반 강연 creative, 기타",https://www.bookseed.kr/program/lecture/e1b92eb9-7f3f-11f0-a027-1cce51281be1,
창비,김애란,"김애란 선생님의 『멧돼지가 쿵쿵, 호박이 둥둥』 이야기",어린이(저학년),대면/미정,"일반 강연 creative, 기타",https://www.bookseed.kr/program/lecture/e1b8f08d-7f3f-11f0-a027-1cce51281be1,
창비,김미혜,김미혜 선생님의 동시 이야기『아기 까치의 우산』,어린이(저학년),비대면,"일반 강연 creative, 기타",https://www.bookseed.kr/program/lecture/e1b91f27-7f3f-11f0-a027-1cce51281be1,
창비,구완회,구완회 선생님의 한국사 이야기,어린이(저학년),비대면,"일반 강연 교양/문화, 기타",https://www.bookseed.kr/program/lecture/e1b9d827-7f3f-11f0-a027-1cce51281be1,
창비,박효미,"박효미 선생님의 『오메, 돈 벌자고?』 이야기",어린이(저학년),비대면,"일반 강연 creative, 기타",https://www.bookseed.kr/program/lecture/e1b6955f-7f3f-11f0-a027-1cce51281be1,
우리학교,"이수용 (지은이), 김연제 (그림)",<베프 확률 3%> 이수용 작가와의 만남 : 인생 베프 만들기,어린이(고학년),비대면,"일반 강연 사회, 인문",https://www.bookseed.kr/program/lecture/lecture_20260827095856641_029458a8,
다정한시민,"오찬호 (지은이), 오승민 (그림)",<갈등을 해결하는 시간 - 갈등> 오찬호 작가와의 만남,어린이(고학년),비대면,"일반 강연 사회, 교양/문화",https://www.bookseed.kr/program/lecture/lecture_20260826172738680_ea420438,
썬더키즈,"김근혜 (지은이), 임나운 (그림)",<우리 반 회장이 사라졌다> 김근혜 작가와의 만남,어린이(고학년),비대면,활동/워크숍 문학,https://www.bookseed.kr/program/lecture/lecture_20260825122232207_3afb019f,
문학과지성사,"윤슬빛 (지은이), 이수연 (그림)",<다음 공을 던질 차례> 윤슬빛 작가와의 만남,어린이(고학년),비대면,일반 강연 문학,https://www.bookseed.kr/program/lecture/lecture_20260818104856988_57e449d8,
이지북,"임지형 (지은이), 양양 (그림)",<그해 선우는> 임지형 작가와의 만남 : 시대와 이념보다 앞서야 하는 인간다움에 대해,어린이(고학년),비대면,일반 강연 문학,https://www.bookseed.kr/program/lecture/lecture_20260813133834820_241f8338,
이지북,"박영주 (지은이), 김은정(은정지음) (그림)",<수원화성 벽돌공 아이> 박영주 작가와의 만남 : 성장 동화로 읽는 조선 후기의 사회문화,어린이(고학년),비대면,일반 강연 문학,https://www.bookseed.kr/program/lecture/lecture_20260813133320499_7059e0cf,
이지북,"이규희 (지은이), 누하루 (그림)","<단종, 영월에서의 124일> 이규희 작가와의 만남: 역사로 배우는 정의로움에 대하여",어린이(고학년),비대면,일반 강연 문학,https://www.bookseed.kr/program/lecture/lecture_20260813132251188_8c1ed92b,
이지북,"신나군 (지은이), 윤봉선 (그림)",<블랙홀이 땅콩만 하다고?> 신나군 작가와의 만남: SF동화 읽기로 습득하는 과학 지식,어린이(고학년),비대면,"일반 강연 문학, 과학",https://www.bookseed.kr/program/lecture/lecture_20260813131330645_01d4a68d,
이지북,"함기석 (지은이), 장덕현 (그림)",<타키온 행성 탈출기> 함기석 작가와의 만남 : 우주를 모험하며 수학적 사고력 기르기,어린이(고학년),비대면,"일반 강연 문학, 교과",https://www.bookseed.kr/program/lecture/lecture_20260813130342364_15effacd,
이지북,"이재문 (지은이), 무디 (그림)",<마이 가디언 5> 이재문 작가와의 만남 : 진짜 나를 만나는 글쓰기,어린이(고학년),비대면,일반 강연 문학,https://www.bookseed.kr/program/lecture/lecture_20260813111406730_1050ba21,
이지북,"김화요 (지은이), sujan (그림)",<전학생 2> 김화요 작가와의 만남: 거짓말 뒤에 숨은 마음을 마주하는 용기,어린이(고학년),비대면,일반 강연 문학,https://www.bookseed.kr/program/lecture/lecture_20260813110658228_232f809d,
이지북,"박미연 (지은이), 이소연 (그림)","<시간 고양이 8> 박미연 작가와의 만남 : 사막이 된 지구, 시간 여행으로 배우는 기후 위기",어린이(고학년),비대면,일반 강연 문학,https://www.bookseed.kr/program/lecture/lecture_20260813110022624_fef7e94e,
출판놀이,"강벼리, 박루아, 백승남, 문이소, 오시은, 백하나, 김온 (지은이), 고담 (그림)","<나의 슈퍼걸> 작가와의 만남 : 영웅 탐험 , 나만의 특별한 슈퍼파워를 찾아라!",어린이(고학년),비대면,"일반 강연 문학, art",https://www.bookseed.kr/program/lecture/lecture_20260812160722900_6678a985,
봄날의곰,"홍종의 (지은이), 장선환 (그림)",<돌에 새긴 나라> 홍종의 작가와의 만남 : 열다섯 살 독립운동가 주재년 열사 이야기,어린이(고학년),비대면,"일반 강연 문학, 교과",https://www.bookseed.kr/program/lecture/lecture_20260812152641285_483fb013,
고래뱃속,"윤성은 (지은이), 김주희 (옮긴이)",<봄날의 아콩이> 윤성은 작가와의 만남,어린이(고학년),대면/미정,"일반 강연 문학, 인문",https://www.bookseed.kr/program/lecture/lecture_20260807130603912_0965c098,
봄볕,"윤성은 (지은이), 이은경 (그림)",<꼬꼬댁멍냥 가족의 탄생> 윤성은 작가와의 만남,어린이(고학년),대면/미정,"일반 강연 문학, 인문",https://www.bookseed.kr/program/lecture/lecture_20260807130323258_0b0600ce,
창비,"임어진 (지은이), 한상언 (그림)",『이야기 하나 주면 안 잡아먹지』 임어진 작가와의 만남 :옛이야기에서 무엇을 배울 것인가,어린이(고학년),비대면,"일반 강연 문학, creative",https://www.bookseed.kr/program/lecture/lecture_20260807091739565_a00ad612,
스푼북,"제성은 (지은이), 불곰 (그림)",<스마트폰 속 금쪽이> 제성은 작가와의 만남 : 금쪽이와 시간표,어린이(고학년),대면/미정,"일반 강연 문학, 기타",https://www.bookseed.kr/program/lecture/lecture_20260806140757103_8843d8ff,
창비,"우미옥 (지은이), 박진아 (그림)",『운동장의 등뼈』 우미옥 작가와의 만남 :평범한 일상이 환상으로 뒤바뀐다!,어린이(고학년),대면/미정,"일반 강연 문학, creative",https://www.bookseed.kr/program/lecture/lecture_20260806092252974_1cf86697,
창비,"이경화 (지은이), 국민지 (그림)","『담임 선생님은 AI』 이경화 작가와의 만남 :인공지능 시대, 더욱 인간답게 살기",어린이(고학년),비대면,"일반 강연 creative, philosophy",https://www.bookseed.kr/program/lecture/lecture_20260806090725478_f704134a,https://search1.kakaocdn.net/thumb/R120x174.q85/?fname=http%3A%2F%2Ft1.daumcdn.net%2Flbook%2Fimage%2F533107%3Ftimestamp%3D20260404110659
창비,"이희주 (글), 안은진 (그림)",『달을 찾아서』 이희주 작가와의 만남 :옛이야기와 과학으로 만나는 달 이야기,어린이(고학년),대면/미정,"일반 강연 과학, 사회",https://www.bookseed.kr/program/lecture/lecture_20260805144856520_c7dfc63a,
특서주니어(특별한서재),"박현숙 (지은이), 윤세정 (그림)",<소원 배달 톡 : 학교 가기 싫은 아이들> 박현숙 작가와의 만남 : 소문과 오해를 넘어 선생님과 학생이 함께 하는 학교 생활!,어린이(고학년),비대면,"일반 강연 문학, 그림책",https://www.bookseed.kr/program/lecture/lecture_20260804110444013_254636d8,
찰리북,"금수정 (지은이), 서영 (그림)","<유주의 마음 비행> 금수정 작가와의 만남 : 친구관계, 이성관계에 대한 고민을 나눠 보기",어린이(고학년),비대면,일반 강연 문학,https://www.bookseed.kr/program/lecture/lecture_20260803143328993_3cbd89a7,
서사원주니어,한송이(문해력쌤) (지은이),"<3주 완성 초등 AI 웹툰 With 투닝, 망고툰> 한송이 작가와의 만남",어린이(고학년),비대면,일반 강연 교양/문화,https://www.bookseed.kr/program/lecture/lecture_20260730173328631_e13ccd66,
서사원주니어,"정예슬, 이진아 (지은이)",<3주 완성 초등 캔바> 정예슬 작가와의 만남,어린이(고학년),비대면,일반 강연 교양/문화,https://www.bookseed.kr/program/lecture/lecture_20260730173008014_ce19e73c,
단비어린이,이장근 (지은이),<시간표에 없는 과목> 이장근 작가와의 만남,어린이(고학년),비대면,"활동/워크숍 문학, creative",https://www.bookseed.kr/program/lecture/lecture_20260729205410610_0f6f0771,
노는날,"안오일 (지은이), 신진호 (그림)",<기억 빌딩 245> 안오일 작가와의 만남,어린이(고학년),비대면,일반 강연 그림책,https://www.bookseed.kr/program/lecture/lecture_20260729090510729_dcebe95d,
창비,"김리나 (지은이), 코익 (그림)",『도전! 수학 플레이어』 김리나 작가와의 만남 :동화로 함께하는 수학 미션,어린이(고학년),비대면,활동/워크숍 교과,https://www.bookseed.kr/program/lecture/lecture_20260724215705574_b5d1fb40,
다른어린이,"강효미 (지은이), 불곰 (그림)",<미래 헌책방> 강효미 작가와의 만남,어린이(고학년),대면/미정,"일반 강연 문학, 인문",https://www.bookseed.kr/program/lecture/lecture_20260721100729666_323ab08f,
모알보알,"정다미 (지은이), 이장미 (그림)","<제비야, 왜 사람이 좋아?> 정다미 작가와의 만남 : 제비는 왜 사람 곁에서 살아갈까요?",어린이(고학년),비대면,"일반 강연 과학, 교양/문화",https://www.bookseed.kr/program/lecture/lecture_20260718180558371_502a3f03,
문학과지성사,"최양선 (지은이), 안경미 (그림)",<용의 미래> 최양선 작가와의 만남,어린이(고학년),비대면,활동/워크숍 문학,https://www.bookseed.kr/program/lecture/lecture_20260716154007738_a135c0eb,
창비,"별빛유랑단 (지은이), 나수은 (그림)",『별빛유랑단의 반짝반짝 별자리 캠핑』 별빛유랑단 작가와의 만남 :반짝반짝 별자리 이야기,어린이(고학년),대면/미정,"일반 강연 과학, 교양/문화",https://www.bookseed.kr/program/lecture/lecture_20260716144449229_81e73ec1,https://search1.kakaocdn.net/thumb/R120x174.q85/?fname=http%3A%2F%2Ft1.daumcdn.net%2Flbook%2Fimage%2F533312%3Ftimestamp%3D20260501111037
어크로스주니어,"정정희 (지은이), 시미씨 (그림)",<우리가 먹는 음식도 사회 문제라고요? - 음식과 사회> 정정희 작가와의 만남,어린이(고학년),비대면,"일반 강연 사회, 인문",https://www.bookseed.kr/program/lecture/lecture_20260715083524572_92ea00b1,
청개구리,"정광덕 (지은이), 백주현 (그림)",<첫사랑의 맛> 정광덕 작가와의 만남 : 동시집,어린이(고학년),대면/미정,"일반 강연 문학, creative",https://www.bookseed.kr/program/lecture/lecture_20260713175308739_b9ab8a3a,
창비,"신유아 (지은이), 이길수 (그림)",『오늘부터 나는 말 잘하는 어린이』 신유아 작가와의 만남 :어린이 스피치 교육,어린이(고학년),비대면,"일반 강연 교양/문화, career",https://www.bookseed.kr/program/lecture/lecture_20260713132446966_2778c913,
글로연,민하 (지은이),<줄타기 한판> 김민하 작가와의 만남 : 실놀이 한판 만들기,어린이(고학년),비대면,"활동/워크숍 독서활동, 그림책",https://www.bookseed.kr/program/lecture/lecture_20260709150138373_4f8da739,
스푼북,윤해연 (지은이),<말하지 않으면> 윤해연 작가와의 만남 : 말하지 않으면 보이지 않아요,어린이(고학년),대면/미정,"일반 강연 문학, 기타",https://www.bookseed.kr/program/lecture/lecture_20260709132625316_49e2e5b1,
북멘토(도서출판),"한태경 (지은이), 원유미 (그림)",<슈샤인 보이 - 전쟁은 아직 끝나지 않았다> 한태경 작가와의 만남 : 동화로 배우는 6.25 전쟁 이야기,어린이(고학년),대면/미정,"일반 강연 문학, 교양/문화",https://www.bookseed.kr/program/lecture/lecture_20260708134511257_8d38cbce,
가문비(어린이가문비),"이초아 (지은이), 김정진 (그림)",<떴다! 지구별 환경 수호대> 이초아 작가와의 만남,어린이(고학년),비대면,창작 문학,https://www.bookseed.kr/program/lecture/lecture_20260708115829825_9ec3c1e1,
가문비(어린이가문비),"이초아 (지은이), 최호정 (그림)","<전설의 탐정, 전설희> 이초아 작가와의 만남 : 단서를 찾아라!",어린이(고학년),비대면,창작 문학,https://www.bookseed.kr/program/lecture/lecture_20260708114835871_1d5f0071,
가문비(어린이가문비),"이초아 (지은이), 최호정 (그림)",<청개구리 클럽> 이초아 작가와의 만남 : 우리들의 특별한 아지트,어린이(고학년),비대면,활동/워크숍 문학,https://www.bookseed.kr/program/lecture/lecture_20260708114441370_5c5125f6,
허블,"최영희 (지은이), 도화 (그림)",<써드 1> 최영희 작가와의 만남,어린이(고학년),비대면,"일반 강연 문학, art",https://www.bookseed.kr/program/lecture/lecture_20260707225117993_99c4d860,https://search1.kakaocdn.net/thumb/R120x174.q85/?fname=http%3A%2F%2Ft1.daumcdn.net%2Flbook%2Fimage%2F6359790%3Ftimestamp%3D20250823141325
청림Life,김문영 (지은이),<어린이를 위한 배경지식 도감 - 재미있는 비문학 읽기로 생각 내공 키우기> 김문영 작가와의 만남,어린이(고학년),비대면,일반 강연 교양/문화,https://www.bookseed.kr/program/lecture/lecture_20260706132007849_039cce8b,
청어람주니어,"권인순 (지은이), 달상 (그림)",<순종 황제와 사라진 시계의 비밀> 권인순 작가와의 만남,어린이(고학년),비대면,"일반 강연 교과, 문학",https://www.bookseed.kr/program/lecture/lecture_20260704111416118_4aa76481,
웅진주니어,"조영아 (지은이), 두둥실 (그림)",<도깨비불을 보는 아이> 조영아 작가와의 만남,어린이(고학년),비대면,"창작 문학, 독서활동",https://www.bookseed.kr/program/lecture/lecture_20260703130011078_e9b7c055,
브와포레,최정인 (지은이),<작은 도자기 인형의 모험 - 2025년 문학나눔 선정도서> 최정인 작가와의 만남,어린이(고학년),대면/미정,"활동/워크숍 문학, 그림책",https://www.bookseed.kr/program/lecture/lecture_20260702145207366_29b9acb4,
아이스크림미디어,"유순희 (지은이), 이로우 (그림)",<고무신 어항> 유순희 작가와의 만남 - 전통 신발에 숨겨진 역사 이야기,어린이(고학년),비대면,"일반 강연 문학, 인문",https://www.bookseed.kr/program/lecture/lecture_20260702132653108_42d41624,
별숲,"은경 (지은이), 유시연 (그림)",<애니캔 2 - 수명을 늘려 드립니다> 은경 작가와의 만남 : 수명연장의 꿈에 가려진 실험동물들의 눈물​​,어린이(고학년),비대면,일반 강연 문학,https://www.bookseed.kr/program/lecture/lecture_20260702095941465_f70093fd,
아이스크림미디어,"신지영 (지은이), 김이조 (그림)",<인간의 음악은 불법입니다> 신지영 작가와의 만남 : [AI x ME] 우리만의 특별한 하모니를 업데이트! -AI 친구와 함께 ‘행복한 미래 사용설명서’ 만들기,어린이(고학년),비대면,"활동/워크숍 문학, art",https://www.bookseed.kr/program/lecture/lecture_20260702085314166_401cd600,
아이스크림미디어,"이분희 (지은이), 심윤정 (그림)",<나랑 거래할래?> 이분희 작가와의 만남,어린이(고학년),비대면,"일반 강연 문학, 사회",https://www.bookseed.kr/program/lecture/lecture_20260702083725977_64f0a8af,
제제의숲,"최은영 (지은이), 모차 (그림)",<미래챗 래미 - 미래를 예언하는 기묘한 앱> 최은영 작가와의 만남,어린이(고학년),비대면,일반 강연 문학,https://www.bookseed.kr/program/lecture/lecture_20260701145905704_f753c1d0,
다림,"김시경 (지은이), 쏘우주 (그림)",<웰컴 투 해충 제로 월드> 김시경 작가와의 만남: 생태계와 공존을 함께 찾고 묻는 시간,어린이(고학년),비대면,"활동/워크숍 과학, 인문",https://www.bookseed.kr/program/lecture/lecture_20260630160615806_d71ff14a,
고래책빵,"정혜원 (지은이), 고은지 (그림)",<신묘한 혜자문방구> 정혜원 작가와의 만남: 백년가게에 가면 생기는 일,어린이(고학년),비대면,"일반 강연 문학, 교과",https://www.bookseed.kr/program/lecture/lecture_20260629163821369_0d647c17,
사계절,"윤은주 (지은이), 이해정 (그림), 서한솔 (감수)","<소녀와 소년, 멋진 사람이 되는 법> 윤은주 작가와의 만남",어린이(고학년),비대면,"일반 강연 교양/문화, 인문",https://www.bookseed.kr/program/lecture/lecture_20260629161638029_4fbe6a20,
토토북,"윤은주 (지은이), 홍윤이 (그림)",<지구를 지키는 멋진 밥상> 윤은주 작가와의 만남,어린이(고학년),비대면,"일반 강연 교양/문화, 과학",https://www.bookseed.kr/program/lecture/lecture_20260629160549012_0a26ccfa,
창비,"최은옥 (지은이), 오정림 (그림)",『우산 도서관』 최은옥 작가와의 만남,어린이(고학년),대면/미정,"일반 강연 문학, creative",https://www.bookseed.kr/program/lecture/lecture_20260629105716277_d629913e,https://search1.kakaocdn.net/thumb/R120x174.q85/?fname=http%3A%2F%2Ft1.daumcdn.net%2Flbook%2Fimage%2F533084%3Ftimestamp%3D20240830112701
아이스크림미디어,"김해우 (지은이), 다나 (그림)",<사라진 그림> 김해우 작가와의 만남,어린이(고학년),비대면,"일반 강연 문학, 독서활동",https://www.bookseed.kr/program/lecture/lecture_20260628123143679_7c3ae632,
주니어RHK(주니어랜덤),"심순 (지은이), 경자 (그림)",<세상에서 가장 특별한 1> 심순 작가와의 만남,어린이(고학년),대면/미정,일반 강연 문학,https://www.bookseed.kr/program/lecture/lecture_20260627152429514_378a7fc1,
마음이음,"심순 (지은이), 하수정 (그림)",<감당 못 할 전학생> 심순 작가와의 만남,어린이(고학년),대면/미정,일반 강연 문학,https://www.bookseed.kr/program/lecture/lecture_20260627151426716_00621a76,
문학동네,"심순 (지은이), 이소영 (그림)",<5학년이 되는 꿈> 심순 작가와의 만남,어린이(고학년),대면/미정,일반 강연 문학,https://www.bookseed.kr/program/lecture/lecture_20260627145902946_cfa9bf28,
우리학교,"위해준 (지은이), 모차 (그림)",<만약에 우리 서로> 위해준 작가와의 만남,어린이(고학년),대면/미정,일반 강연 문학,https://www.bookseed.kr/program/lecture/lecture_20260626153526445_36a927f9,
우리학교,"이현아 (지은이), 송선옥 (그림)",<실수해도 망한 건 아니야> 이현아 작가와의 만남 :생각의 함정에서 벗어나는 12가지 방법,어린이(고학년),비대면,"일반 강연 교양/문화, 기타",https://www.bookseed.kr/program/lecture/lecture_20260626152712310_823b2095,
창비,"심순 (지은이), 방새미 (그림)",『가벼운 인사』 심순 작가와의 만남,어린이(고학년),비대면,"일반 강연 문학, creative",https://www.bookseed.kr/program/lecture/lecture_20260625162018065_08b5a3f8,https://search1.kakaocdn.net/thumb/R120x174.q85/?fname=http%3A%2F%2Ft1.daumcdn.net%2Flbook%2Fimage%2F6270093%3Ftimestamp%3D20231207190033
창비,"심순 (지은이), 심보영 (그림)",『비밀의 무게』 심순 작가와의 만남,어린이(고학년),비대면,"일반 강연 문학, creative",https://www.bookseed.kr/program/lecture/lecture_20260625161805621_49bf61da,https://search1.kakaocdn.net/thumb/R120x174.q85/?fname=http%3A%2F%2Ft1.daumcdn.net%2Flbook%2Fimage%2F5625461%3Ftimestamp%3D20260113143631
주니어RHK(주니어랜덤),"이선주 (지은이), 국민지 (그림)",<태구는 친구들이 신경 쓰인다> 이선주 작가와의 만남,어린이(고학년),대면/미정,일반 강연 문학,https://www.bookseed.kr/program/lecture/lecture_20260625161531411_3d6dcb20,
창비,"채은하 (지은이), 박재인 (그림)",『이웃집 빙허각』 채은하 작가와의 만남 :역사 속 '그 사람'을 만나는 재미,어린이(고학년),비대면,"일반 강연 문학, 사회",https://www.bookseed.kr/program/lecture/lecture_20260625112138490_3990e50f,https://search1.kakaocdn.net/thumb/R120x174.q85/?fname=http%3A%2F%2Ft1.daumcdn.net%2Flbook%2Fimage%2F6779340%3Ftimestamp%3D20251210150958
창비,"채은하 (지은이), 오승민 (그림)",『루호』 채은하 작가와의 만남 :금강산 호랑이와 오늘의 우리,어린이(고학년),비대면,"일반 강연 문학, art",https://www.bookseed.kr/program/lecture/lecture_20260625111853080_7ac61741,https://search1.kakaocdn.net/thumb/R120x174.q85/?fname=http%3A%2F%2Ft1.daumcdn.net%2Flbook%2Fimage%2F6043502%3Ftimestamp%3D20260520123048
창비,김규아 (지은이),『너와 나의 퍼즐』 김규아 작가와의 만남 :내 마음속 퍼즐,어린이(고학년),비대면,"일반 강연 문학, art",https://www.bookseed.kr/program/lecture/lecture_20260625111016706_bff04d7a,https://search1.kakaocdn.net/thumb/R120x174.q85/?fname=http%3A%2F%2Ft1.daumcdn.net%2Flbook%2Fimage%2F6728436%3Ftimestamp%3D20250916143601
현북스,유하정 (지은이),<외계인 쿤Z의 소리 여행> 유하정 작가와의 만남,어린이(고학년),비대면,"활동/워크숍 과학, 인문",https://www.bookseed.kr/program/lecture/lecture_20260624155710766_b5a2041d,
창비,"서진 (지은이), 박은미 (그림)",『아빠를 주문했다』 서진 작가와의 만남,어린이(고학년),비대면,"일반 강연 문학, 과학",https://www.bookseed.kr/program/lecture/lecture_20260623161955447_a0b4070b,https://search1.kakaocdn.net/thumb/R120x174.q85/?fname=http%3A%2F%2Ft1.daumcdn.net%2Flbook%2Fimage%2F3750515%3Ftimestamp%3D20241031114336
파란자전거,"권미혜 외 6인 (지은이), 나유진 (그림)",<십 대를 위한 생태 전환 수업> 권미혜 작가와의 만남 : 지구야 약속해! 토닥토닥 생태교실,어린이(고학년),비대면,"일반 강연 사회, 교양/문화",https://www.bookseed.kr/program/lecture/lecture_20260622094704702_eea549cc,
특서주니어(특별한서재),"황지영 (지은이), 불키드 (그림)",<요주의 인물> 황지영 작가와의 만남: '요주의 인물'을 만들어 내는 교실 속 이야기!,어린이(고학년),비대면,일반 강연 문학,https://www.bookseed.kr/program/lecture/lecture_20260619162552189_e52288f2,
가문비(어린이가문비),"유하은 (지은이), 오묘 (그림)",<왕따 연주 은따 유리> 유하은 작가와의 만남,어린이(고학년),비대면,독서 문학,https://www.bookseed.kr/program/lecture/lecture_20260619153645611_c5f5aa23,
문학동네,소윤경 (지은이),<레스토랑 Sal> 소윤경 작가와의 만남 :‘레스토랑 Sal ’로 초대,어린이(고학년),비대면,"일반 강연 문학, creative",https://www.bookseed.kr/program/lecture/lecture_20260618101809702_df28b199,
잇츠북어린이,"임지형 (지은이), 김완진 (그림)",<붕어빵 연구소> 임지형 작가와의 만남: 내 마음은 무슨 맛일까?,어린이(고학년),비대면,일반 강연 문학,https://www.bookseed.kr/program/lecture/lecture_20260615103930186_7e1f17b0,
창비,조규미 (지은이),<첫사랑 라이브> 조규미 작가와의 만남,어린이(고학년),비대면,"일반 강연 문학, 사회",https://www.bookseed.kr/program/lecture/lecture_20260609141820965_d7290a59,https://search1.kakaocdn.net/thumb/R120x174.q85/?fname=http%3A%2F%2Ft1.daumcdn.net%2Flbook%2Fimage%2F5480171%3Ftimestamp%3D20240831150703
재미마주,강현선 (지은이),"<파란 자전거> 강현선 작가와의 만남 :우리동네 자전거타기 / 나, 어릴적 동네에",어린이(고학년),대면/미정,"창작 그림책, creative",https://www.bookseed.kr/program/lecture/lecture_20260609130118689_e289a570,
위즈덤하우스,"김유경 (지은이), 홍지혜 (그림)",<창밖의 기린 - 제2회 위즈덤하우스 판타지문학상 대상 수상작> 김유경 작가와의 만남,어린이(고학년),비대면,일반 강연 문학,https://www.bookseed.kr/program/lecture/lecture_20260609122418002_8aaede51,
다정한시민,"강지현 (지은이), 김혜령 (그림)",<나에게 다정해지는 시간> 강지현 저자와의 만남 : 교수님과 함께하는 심리수업,어린이(고학년),비대면,"활동/워크숍 인문, 교양/문화",https://www.bookseed.kr/program/lecture/lecture_20260605171542594_39fefdb0,
가나출판사,"유순희 (지은이), 최정인 (그림)",<진짜 백설 공주는 누구일까? - 개정판> 유순희 작가와의 만남,어린이(고학년),비대면,일반 강연 문학,https://www.bookseed.kr/program/lecture/lecture_20260604134200595_def2bf83,
창비,"김우주 (지은이), 신은정 (그림)",『지금은 여행 중』 김우주 작가와의 만남 :우리는 왜 함께 살아야 할까?,어린이(고학년),비대면,"일반 강연 문학, creative",https://www.bookseed.kr/program/lecture/lecture_20260604111248269_cd9fcfa2,
창비,"조우리 (지은이), 노인경 (그림)",『4×4의 세계』 조우리 작가와의 만남 :우리의 세계,어린이(고학년),비대면,"일반 강연 문학, art",https://www.bookseed.kr/program/lecture/lecture_20260602154730140_3bf16df1,https://search1.kakaocdn.net/thumb/R120x174.q85/?fname=http%3A%2F%2Ft1.daumcdn.net%2Flbook%2Fimage%2F6866147%3Ftimestamp%3D20260401124342
창비,"조은비 (지은이), 김지인 (그림)",『사랑은 초록』 조은비 작가와의 만남 :'나'와 '너' 그리고 ‘우리’를 생각하는 마음,어린이(고학년),대면/미정,"일반 강연 문학, art",https://www.bookseed.kr/program/lecture/lecture_20260602143552497_8437219e,
노란돼지,서지원,<1+1 편의점에 간 나폴레옹> 서지원 작가와의 만남 : 편의점에 가면 세계사가 보인다,어린이(고학년),비대면,"일반 강연 과학, 사회",https://www.bookseed.kr/program/lecture/lecture_20260601143515992_2ed0c337,
창비,"임지윤 (지은이), 조승연 (그림)",『앵무새 돌려주기 대작전』 임지윤 작가와의 만남 : 행복한 꿈 찾기,어린이(고학년),비대면,"일반 강연 문학, creative",https://www.bookseed.kr/program/lecture/lecture_20260528134822597_81fa835d,https://search1.kakaocdn.net/thumb/R120x174.q85/?fname=http%3A%2F%2Ft1.daumcdn.net%2Flbook%2Fimage%2F533066%3Ftimestamp%3D20231124170357
창비,"문선이 (지은이), 유준재 (그림)",『지엠오 아이』 문선이 작가와의 만남,어린이(고학년),대면/미정,"일반 강연 문학, art",https://www.bookseed.kr/program/lecture/lecture_20260528134332129_0fe3dfa5,
스푼북,"신현수 (지은이), 민소원 (그림)",<우리들의 따뜻한 경쟁> 신현수 작가와의 만남,어린이(고학년),비대면,"일반 강연 문학, 사회",https://www.bookseed.kr/program/lecture/lecture_20260528105426839_1b48d28b,
책고래,"유하정 (지은이), 안효림 (그림)",<또또나무> 유하정 작가와의 만남 :‘나’를 일으킬 수 있는 시 (그림책으로 배우는 시쓰기),어린이(고학년),비대면,"일반 강연 문학, creative",https://www.bookseed.kr/program/lecture/lecture_20260528103503972_4075845f,
창비,"전수경 (지은이), 우주 (그림)","『무스키』 전수경 작가와의 만남 :우주, 생태 그리고 소통에 관해",어린이(고학년),비대면,"일반 강연 문학, creative",https://www.bookseed.kr/program/lecture/lecture_20260527131818958_08a00eb5,
창비,"전수경 (지은이), 센개 (그림)",『별빛 전사 소은하』 전수경 작가와 만남,어린이(고학년),대면/미정,"일반 강연 문학, creative",https://www.bookseed.kr/program/lecture/lecture_20260527131328526_fcc53213,https://search1.kakaocdn.net/thumb/R120x174.q85/?fname=http%3A%2F%2Ft1.daumcdn.net%2Flbook%2Fimage%2F5478475%3Ftimestamp%3D20250205144512
창비,"전수경 (지은이), 소윤경 (그림)",『우주로 가는 계단』 전수경 작가와의 만남,어린이(고학년),비대면,"일반 강연 문학, 과학",https://www.bookseed.kr/program/lecture/lecture_20260527131001125_5a184b5a,
창비,권재원 (지은이),"『좋은 돈, 나쁜 돈, 이상한 돈』 권재원 작가와의 만남 :돈이 드러내지 못하는 가치",어린이(고학년),비대면,"일반 강연 교양/문화, 사회",https://www.bookseed.kr/program/lecture/lecture_20260527093227533_7a54b449,
창비,권재원 (지은이),『4GO뭉치』 권재원 작가와의 만남 :나는 사고뭉치다,어린이(고학년),비대면,"일반 강연 문학, art",https://www.bookseed.kr/program/lecture/lecture_20260527093003442_0a7173bd,
양양하다어린이,"황교범 (그림), 이정모 (기획)",<정모 박사의 지구 멸망 프로젝트 : 작전 03. 이기적 유전자를 키워라> 이정모 작가와의 만남,어린이(고학년),비대면,"일반 강연 과학, 교과",https://www.bookseed.kr/program/lecture/lecture_20260526211728240_0e8384e2,
이야기상회,종종 (지은이),<우리는 그릇> 종종 작가와의 만남,어린이(고학년),비대면,"일반 강연 그림책, 교양/문화",https://www.bookseed.kr/program/lecture/lecture_20260523110443535_2aadbb95,
창비,"박하익 (지은이), 손지희 (그림)",『도깨비폰을 개통하시겠습니까?』 박하익 작가와의 만남,어린이(고학년),비대면,"일반 강연 문학, art",https://www.bookseed.kr/program/lecture/lecture_20260522165118436_2f9dd24e,https://search1.kakaocdn.net/thumb/R120x174.q85/?fname=http%3A%2F%2Ft1.daumcdn.net%2Flbook%2Fimage%2F533077%3Ftimestamp%3D20260310111020
창비,"최백규 (지은이), 경혜원 (그림)",『너의 장점은?』 최백규 작가와의 만남: 나의 장점은?,어린이(고학년),비대면,"일반 강연 교양/문화, career",https://www.bookseed.kr/program/lecture/lecture_20260522163514616_eb8322cd,
창비,"김남중 (지은이), 김병하 (그림), 박광래 (감수)",『아파트 옆 작은 논』 김남중 작가와의 만남 :벼농사 이야기,어린이(고학년),비대면,"일반 강연 문학, 사회",https://www.bookseed.kr/program/lecture/lecture_20260522135557238_2af3abe5,
창비,"김남중 (지은이), 이형진 (그림)",『자존심』 김남중 작가와의 만남,어린이(고학년),비대면,"일반 강연 문학, art",https://www.bookseed.kr/program/lecture/lecture_20260522135334188_0449e0a5,
창비,"김남중 (지은이), 오승민 (그림)",『동화 없는 동화책』 김남중 작가와의 만남,어린이(고학년),비대면,"일반 강연 문학, art",https://www.bookseed.kr/program/lecture/lecture_20260522133616651_cdce4768,https://search1.kakaocdn.net/thumb/R120x174.q85/?fname=http%3A%2F%2Ft1.daumcdn.net%2Flbook%2Fimage%2F533052%3Ftimestamp%3D20250704110202
창비,"김남중 (지은이), 류충렬 (그림)",『기찻길 옆 동네』 김남중 작가와의 만남,어린이(고학년),비대면,"일반 강연 문학, art",https://www.bookseed.kr/program/lecture/lecture_20260522133408808_ead0153e,https://search1.kakaocdn.net/thumb/R120x174.q85/?fname=http%3A%2F%2Ft1.daumcdn.net%2Flbook%2Fimage%2F534037%3Ftimestamp%3D20231213180038
창비,"김남중 (지은이), 허태준 (그림)",『불량한 자전거 여행』 시리즈 김남중 작가와의 만남,어린이(고학년),비대면,"일반 강연 문학, art",https://www.bookseed.kr/program/lecture/lecture_20260522133040586_f2d3cedf,
창비,"조경숙, 이기욱 (지은이), 고상미 (그림)","『왕국을 구한 소녀 안젤라의 경제 이야기』 조경숙 작가와의 만남 :경제, 어렵지 않아요!",어린이(고학년),대면/미정,"일반 강연 문학, 사회",https://www.bookseed.kr/program/lecture/lecture_20260522123348219_e0730474,
그린애플,"이수용 (지은이), 지수 (그림)",<건강한 불만이 세상을 바꾼다> 이수용 작가와의 만남,어린이(고학년),비대면,"일반 강연 사회, 인문",https://www.bookseed.kr/program/lecture/lecture_20260522112146765_a0f12b63,
창비,"채인선 (지은이), 강창권 (그림)",『전봇대 아저씨』 채인선 작가와의 만남,어린이(고학년),비대면,"일반 강연 문학, art",https://www.bookseed.kr/program/lecture/lecture_20260521143711559_542ac8ce,
길벗어린이,"김울림 (지은이), 여서윤 (그림)",<어제가 돌아왔다> 김울림 작가와의 만남 : 제1회 길벗어린이 민들레문학상 우수상 수상작,어린이(고학년),비대면,일반 강연 문학,https://www.bookseed.kr/program/lecture/lecture_20260520172421434_8026ac45,
길벗어린이,"은호 (지은이), 김연제 (그림)",<3의 온도> 은호 작가와의 만남 : 제33회 어린이동산 중편 동화 공모 우수상 수상작,어린이(고학년),비대면,일반 강연 문학,https://www.bookseed.kr/program/lecture/lecture_20260520171853154_7b860116,
주니어김영사,"강인송 (지은이), 모예진 (그림)",<나는 마음대로 나지> 강인송 작가와의 만남,어린이(고학년),비대면,일반 강연 문학,https://www.bookseed.kr/program/lecture/lecture_20260520132122092_88172c0a,
밝은미래,"정효 (지은이), 모루토리 (그림)",<단비초 탐정반 : 옻나무밭의 비밀 - 제8회 다새쓰 방정환 문학 공모 대상 수상작> 정효 작가와의 만남,어린이(고학년),비대면,"활동/워크숍 문학, art",https://www.bookseed.kr/program/lecture/lecture_20260519082330976_dec085bd,
창비,"최은영 (지은이), 모예진 (그림)",『마음 수선』 최은영 작가와의 만남 :마음을 비유해봐요 (나만의 마음수선책 만들기),어린이(고학년),비대면,"독서 art, creative",https://www.bookseed.kr/program/lecture/lecture_20260515131709633_4678631a,
창비,"윤영주 (지은이), 안성호 (그림)",『마지막 레벨 업』 윤영주 작가와의 만남 :‘진짜 나’를 찾아가기,어린이(고학년),대면/미정,"일반 강연 문학, creative",https://www.bookseed.kr/program/lecture/lecture_20260514083838600_3ac8ab05,https://search1.kakaocdn.net/thumb/R120x174.q85/?fname=http%3A%2F%2Ft1.daumcdn.net%2Flbook%2Fimage%2F5625515%3Ftimestamp%3D20260414120319
창비,"윤영주 (지은이), 김상욱 (그림)",『냉동 인간 이시후』 윤영주 작가와의 만남 :사랑을 힘입어 좋은 미래로 함께 나아가기,어린이(고학년),비대면,"일반 강연 문학, creative",https://www.bookseed.kr/program/lecture/lecture_20260514083627780_1e414277,
창비,"강인송 (지은이), 오묘 (그림)",『너에게 넘어가』 강인송 작가와의 만남,어린이(고학년),비대면,"일반 강연 문학, art",https://www.bookseed.kr/program/lecture/lecture_20260513162824389_8b4fef70,
소원나무,"김온서 (지은이), 임나운 (그림)",<로딩 중> 김온서 작가와의 만남 : 성장을 위해 로딩 중인 나에게,어린이(고학년),비대면,일반 강연 문학,https://www.bookseed.kr/program/lecture/lecture_20260513152859677_d8185693,
창비,"정은숙 (지은이), 김민준 (그림)",『어쩌면 나도 명탐정』 정은숙 작가와의 만남 :어쩌면 당신도 명탐정!,어린이(고학년),비대면,"일반 강연 문학, 교양/문화",https://www.bookseed.kr/program/lecture/lecture_20260512110014421_4b868b71,
리틀씨앤톡,"이상걸 (지은이), 최정인 (그림)","<1457, 영월 - 단종의 벗> 이상걸 작가와의 만남",어린이(고학년),비대면,"일반 강연 사회, 교양/문화",https://www.bookseed.kr/program/lecture/lecture_20260511162508013_1c3d68d9,
미래엔아이세움,"김민정 (지은이), 송효정 (그림)",<내 맘대로 선생님 바꾸기 앱 - 레벨 2> 김민정 작가와의 만남,어린이(고학년),비대면,일반 강연 문학,https://www.bookseed.kr/program/lecture/lecture_20260511144806393_c68dca20,
한겨레아이들,"박효미 (지은이), 마영신 (그림)",<블랙 아웃> 박효미 작가와의 만남,어린이(고학년),비대면,일반 강연 문학,https://www.bookseed.kr/program/lecture/lecture_20260508151854502_bb76c20e,
특서주니어(특별한서재),"김용세, 김병섭 (지은이), 글시 (그림)","<25시 도깨비 편의점 3> 김용세, 김병섭 작가와의 만남 : 땀과 눈물 뒤에 찾아오는 성장과 우정의 기쁨!",어린이(고학년),비대면,"일반 강연 문학, 인문",https://www.bookseed.kr/program/lecture/lecture_20260508121049029_6971c3ed,
초록개구리,"정명섭 (지은이), 신슬기 (그림), 김덕진 (감수)",<조선이 위험하다! - 1670년대 경신 대기근> 정명섭 작가와의 만남,어린이(고학년),비대면,일반 강연 문학,https://www.bookseed.kr/program/lecture/lecture_20260506145632279_7029d8a4,
노란상상,미우 (지은이),<황금 주머니> 미우 작가와의 만남,어린이(고학년),비대면,일반 강연 그림책,https://www.bookseed.kr/program/lecture/lecture_20260506133858429_7b6c35d9,
국민서관,"김지영 (지은이), 김무연 (그림)",<마음 소화제 뻥뻥수> 김지영 작가와의 만남 : 친구와 오래가는 말하기의 비밀,어린이(고학년),비대면,일반 강연 문학,https://www.bookseed.kr/program/lecture/lecture_20260506121842178_6e4be9f9,
초록개구리,"김해등 (지은이), 다나 (그림)",<백두산이 폭발한다!> 김해등 작가와의 만남,어린이(고학년),비대면,일반 강연 문학,https://www.bookseed.kr/program/lecture/lecture_20260430162724025_837450b9,
창비,"안미란 (지은이), 윤정주 (그림)",『씨앗을 지키는 사람들』 안미란 작가와의 만남,어린이(고학년),비대면,"일반 강연 creative, 문학",https://www.bookseed.kr/program/lecture/lecture_20260430105539573_1e053383,
푸른숲주니어,"김해원 (지은이), 양상용 (그림), 전국초등사회교과모임 (감수)",<고기 장수 박세죽> 김해원 작가와의 만남 : 12만 부 베스트셀러 오월의 달리기 저자,어린이(고학년),대면/미정,"일반 강연 문학, 교과",https://www.bookseed.kr/program/lecture/lecture_20260428103343652_1fe9755a,
작은코도마뱀,황지원 (지은이),<그림 가게 만복당> 황지원 작가와의 만남,어린이(고학년),대면/미정,"창작 그림책, art",https://www.bookseed.kr/program/lecture/lecture_20260427141143421_d64b1a16,
썬더키즈,"김윤하 (지은이), 싹이 (그림)",<시간 여행자의 옷장 - 옷 한 벌에 담긴 놀라운 세계사> 김윤하 작가와의 만남,어린이(고학년),비대면,"일반 강연 교양/문화, 인문",https://www.bookseed.kr/program/lecture/lecture_20260423184617199_231a54c6,
북멘토(도서출판),"이나영 (지은이), 홍수영 (그림)",<마음 수선사 고슴 씨> 이나영 작가와의 만남 : “있는 그대로의 나를 사랑해요.”,어린이(고학년),비대면,일반 강연 문학,https://www.bookseed.kr/program/lecture/lecture_20260423175013892_74973d9b,
다산어린이,"김다노 (지은이), 남수현 (그림)",<최악의 최애> 김다노 작가와의 만남,어린이(고학년),비대면,"일반 강연 문학, 사회",https://www.bookseed.kr/program/lecture/lecture_20260423153404527_fb57a7f0,
연어북스,"박현숙 (지은이), 장덕현 (그림)",<수상한 휴게소> 박현숙 작가와의 만남,어린이(고학년),비대면,일반 강연 문학,https://www.bookseed.kr/program/lecture/lecture_20260422105729044_dcab91fa,
마루비,"최은영 (지은이), 최경식 (그림)",<사월의 바다> 최은영 작가와의 만남,어린이(고학년),비대면,"일반 강연 문학, 사회",https://www.bookseed.kr/program/lecture/lecture_20260420110221198_6642b55b,
주니어태학,"조지욱 (지은이), 송진욱 (그림)",<도시 대 도시! 맞짱 세계지리 수업> 조지욱 작가와의 만남,어린이(고학년),비대면,"일반 강연 인문, 교양/문화",https://www.bookseed.kr/program/lecture/lecture_20260416164652728_8bcf70eb,
아이음북스,"함지슬 (지은이), 임미란 (그림)",<잡아라! 짜증도치> 함지슬 작가와의 만남,어린이(고학년),비대면,"일반 강연 문학, creative",https://www.bookseed.kr/program/lecture/lecture_20260411233031898_5b63cf8a,
분홍고래,"박부금 (지은이), 전지은 (그림)","<이유 없이 싫은 이유> 박부금 작가와의 만남 (어린이, 청소년 대상)",어린이(고학년),비대면,"일반 강연 교양/문화, 사회",https://www.bookseed.kr/program/lecture/lecture_20260410122118588_c56dcbcb,
별숲,"정화영 (지은이), 이인아 (그림)",<너무 큰 소원을 말하지 않을게> 정화영 작가와의 만남 : 멋진 소원을 비는 방법,어린이(고학년),비대면,일반 강연 문학,https://www.bookseed.kr/program/lecture/lecture_20260410110524187_087b9245,
서사원주니어,"임민찬 (지은이), 정일 (그림)",<초등 공부 습관 만들기> 임민찬 작가와의 만남,어린이(고학년),대면/미정,일반 강연 기타,https://www.bookseed.kr/program/lecture/lecture_20260409174150893_ff220a65,
서사원주니어,오현선 (지은이),<하루 10분 한국사 신문> 오현선 작가와의 만남,어린이(고학년),대면/미정,일반 강연 교양/문화,https://www.bookseed.kr/program/lecture/lecture_20260409134727765_a51fd3bb,
노란돼지,정유리,"<오디션, 맑음> 정유리 작가와의 만남 : '내 꿈, 맑음'",어린이(고학년),비대면,"일반 강연 문학, career",https://www.bookseed.kr/program/lecture/lecture_20260409131845656_4650740d,
이지북,"정화영 (지은이), 뚱딴지 (그림)",<귀신 카페는 오늘도 영업 중> 정화영 작가와의 만남 : 사회정서학습으로 따라 생각 나누기,어린이(고학년),비대면,"일반 강연 문학, 사회",https://www.bookseed.kr/program/lecture/lecture_20260409121954390_f566a9d9,
베틀북,"정화영 (지은이), 해마 (그림)",<봄이 기다리는 진짜 봄> 정화영 작가와의 만남 :가족을 사랑하는 특별한 방법,어린이(고학년),비대면,일반 강연 문학,https://www.bookseed.kr/program/lecture/lecture_20260408193620501_31ba6858,
산수야,권오단 (지은이),<도깨비도사 토부리> 권오단 작가와의 만남,어린이(고학년),비대면,일반 강연 문학,https://www.bookseed.kr/program/lecture/lecture_20260408104036952_3578c89b,https://search1.kakaocdn.net/thumb/R120x174.q85/?fname=http%3A%2F%2Ft1.daumcdn.net%2Flbook%2Fimage%2F5942301%3Ftimestamp%3D20230217185342
특서주니어(특별한서재),"이상권 (지은이), 오이트 (그림)",<소년병의 끝없는 이야기> 이상권 작가와의 만남 :인간의 존엄성과 평화의 가치에 대해 생각해 보는 시간,어린이(고학년),비대면,일반 강연 문학,https://www.bookseed.kr/program/lecture/lecture_20260403103930742_f806fa7a,
별숲,"은경 (지은이), 이영환 (그림)",<가족을 찾는 사람들> 은경 작가와의 만남 :전쟁이 남기는 것들,어린이(고학년),비대면,일반 강연 문학,https://www.bookseed.kr/program/lecture/lecture_20260402085922602_05ac947b,
길벗어린이,"임화선 (지은이), 김진화 (그림)","<그래, 파도!> 임화선 작가와의 만남",어린이(고학년),비대면,"독서 독서활동, 문학",https://www.bookseed.kr/program/lecture/lecture_20260401100333512_0be4f4ee,
머핀북,"신은영 (지은이), 오승민 (그림)",<내 최애는 너야> 신은영 작가와의 만남,어린이(고학년),비대면,일반 강연 문학,https://www.bookseed.kr/program/lecture/lecture_20260331144606477_b099aa15,
위즈덤하우스,"이수용 (지은이), 이해정 (그림)",<거절당하기 숙제> 이수용 작가와의 만남 : 거절에 맞서는 법,어린이(고학년),비대면,"일반 강연 인문, 사회",https://www.bookseed.kr/program/lecture/lecture_20260331130659600_fa7183d8,
주니어RHK(주니어랜덤),김지원 (지은이),<지렁이 키우지렁> 김지원 작가와의 만남,어린이(고학년),대면/미정,"일반 강연 과학, creative",https://www.bookseed.kr/program/lecture/lecture_20260330080955777_7b5a308a,
이루리북스,이수완 (지은이),<이기고 말 테야> 이수완 작가와의 만남,어린이(고학년),비대면,"활동/워크숍 그림책, 문학",https://www.bookseed.kr/program/lecture/lecture_20260328170334803_287df6ac,
아이스크림미디어,정한나 (지은이),<환경 기념일로 읽는 지구 생태 신문> 정한나 작가와의 만남,어린이(고학년),비대면,"활동/워크숍 인문, 사회",https://www.bookseed.kr/program/lecture/lecture_20260326144034116_ba2634eb,
미래엔아이세움,"이현아 (지은이), 유영근 (그림)",<야흥 야흥! 운명 해결사 천호냥 1 - 아기 장수의 운명> 이현아 작가와의 만남 :나의 운명은 내가 만들어 가는 것!,어린이(고학년),비대면,"일반 강연 교과, 독서활동",https://www.bookseed.kr/program/lecture/lecture_20260325220106587_b6dadbed,
아르볼,"이현아 (지은이), 복치 (그림)",<붉은 여우 신령 2 - 혓바닥요괴> 이현아 작가와의 만남 : 건강한 우정을 위해 털어놓는 속마음!,어린이(고학년),비대면,"일반 강연 writing, 교과",https://www.bookseed.kr/program/lecture/lecture_20260325213954978_32d1e511,
썬더키즈,"박성은 (지은이), 달상 (그림)",<괴담 속 진짜 숨은 역사 - 세계사 속에 숨어 있는 무서운 이야기> 박성은 작가와의 만남,어린이(고학년),비대면,"일반 강연 교양/문화, 인문",https://www.bookseed.kr/program/lecture/lecture_20260323115722864_aacc6115,
슈크림북,"김경미 (지은이), 센개 (그림)",<설전도 수련관 1 - 무례한 친구에게 당당하게 말하기> 김경미 작가와의 만남 :내 마음 지키기,어린이(고학년),대면/미정,"일반 강연 문학, creative",https://www.bookseed.kr/program/lecture/lecture_20260320012630435_dad2229c,
다정한시민,"신인철 (지은이), 박보은 (그림)",<밤하늘의 황제 수리부엉이가 고달픈 이유 - 기후 변화와 한국의 멸종 위기 동물> 신인철 작가와의 만남,어린이(고학년),비대면,"일반 강연 과학, 교양/문화",https://www.bookseed.kr/program/lecture/lecture_20260319131617726_6893d8d4,
어크로스주니어,"임수경 (지은이), 김소희 (그림)","<미디어, 모두가 진실은 아니라고요? > 임수경 작가와의 만남",어린이(고학년),비대면,"일반 강연 사회, 교양/문화",https://www.bookseed.kr/program/lecture/lecture_20260317113953015_d7fdd397,
봄개울,"곽민수 (지은이), 이지 (그림)","<연극을 합시다, 냐아옹> 곽민수 작가와의 만남",어린이(고학년),비대면,활동/워크숍 art,https://www.bookseed.kr/program/lecture/lecture_20260313154913018_958c0214,
토닥스토리,"안성훈 (지은이), 하오 (그림)",『몬스터 아파트 1』 안성훈 작가와의 만남 :여러분을 '몬스터 아파트'로 초대합니다!,어린이(고학년),비대면,"활동/워크숍 문학, art",https://www.bookseed.kr/program/lecture/lecture_20260313125032740_9618f1ba,
길벗스쿨,"김지원(책꿈샘) (지은이), 차야다 (그림)","문해력 쑥쑥 동화 <책 읽는 고양이, 고고 선생>, 글을 잘 쓰는 비결 10가지",어린이(고학년),비대면,"일반 강연 writing, 교과",https://www.bookseed.kr/program/lecture/lecture_20260312233430968_e929cbb1,
길벗스쿨,"김지원(책꿈샘) (지은이), 차야다 (그림)","문해력 쑥쑥 동화 <책 읽는 고양이, 고고 선생>, 책을 잘 읽는 비결 10가지",어린이(고학년),비대면,"일반 강연 독서활동, 교과",https://www.bookseed.kr/program/lecture/lecture_20260312232633153_0f39a3ef,
그린애플,"김원배, 정예슬, 임가은, 김미나, 박민선 (지은이), 윤수영 (그림)",<초등 꿈 찾기 - 10가지 지능으로 알아보는> 내 강점 지도 워크북!,어린이(고학년),비대면,활동/워크숍 career,https://www.bookseed.kr/program/lecture/lecture_20260312175343403_7c199737,
한겨레아이들,"신지영 (지은이), 김민준 (그림)","<배려의 여왕이 할 말 있대> 신지영 작가와의 만남 : 배려의 여왕과 함께하는 ""마음 읽기 탐정단!""",어린이(고학년),비대면,일반 강연 교양/문화,https://www.bookseed.kr/program/lecture/lecture_20260312175250294_d40b1598,
다른어린이,"윤자영 (지은이), 노이신 (그림)",<다있소 과학 1 - 최고의 문구왕을 뽑아라> 윤자영 작가와의 만남,어린이(고학년),대면/미정,"일반 강연 과학, 교과",https://www.bookseed.kr/program/lecture/lecture_20260312165121654_410699e6,
특서주니어(특별한서재),"강혜승 (지은이), 김성희 (그림)","<지구 마을, 세계 시민 이야기> 강혜승 작가와의 만남: 세계 곳곳의 문제를 ‘나의 삶’과 연결하다!",어린이(고학년),비대면,"일반 강연 사회, 인문",https://www.bookseed.kr/program/lecture/lecture_20260312102110400_d49f1592,
단비어린이,"김영주 (지은이), 안병현 (그림)","<마녀를 구하라!> 김영주 작가와의 만남 : 공감과 협력 이야기 , 관계를 지키는 마법 주문",어린이(고학년),비대면,"일반 강연 사회, 문학",https://www.bookseed.kr/program/lecture/lecture_20260310201837457_6d07b290,
소원나무,"이윤주 (지은이), 조현아 (그림)",<드림 페어링> 이윤주 작가와의 만남 : 나의 꿈과 '만약에'!,어린이(고학년),비대면,일반 강연 문학,https://www.bookseed.kr/program/lecture/lecture_20260310174336364_dfcfc87d,
천개의바람,"김민정 (지은이), 윤소진 (그림)",<망했다 몬스터를 잡아라!> 김민정 작가와의 만남,어린이(고학년),비대면,"활동/워크숍 문학, 독서활동",https://www.bookseed.kr/program/lecture/lecture_20260310095510855_b28bd65f,
플루토,권윤정 (지은이),<중등 수학 완성을 위한 초등 연산 정복> 저자와의 만남,어린이(고학년),대면/미정,"일반 강연 기타, 교과",https://www.bookseed.kr/program/lecture/lecture_20260310094603687_e422dd97,
북멘토(도서출판),"신지영 (지은이), 이소라 (그림)","<세계를 바꾸는 착한 음악 이야기> 신지영 작가와의 만남 :세상을 바꾸는 멜로디, 나를 깨우는 비트!",어린이(고학년),비대면,"일반 강연 교양/문화, art",https://www.bookseed.kr/program/lecture/lecture_20260306132919278_f6d3decd,
햇살과나무꾼,"강무홍 (지은이), 김종범 (그림), 이신철 (감수)",<마법의 두루마리 10> 강무홍 작가와의 만남 : 하얼빈 역에 울려 퍼진 총성,어린이(고학년),비대면,일반 강연 인문,https://www.bookseed.kr/program/lecture/lecture_20260304175458056_2e7c3e7f,
여섯번째봄,이수연 (지은이),<내 어깨 위 두 친구> 이수연 작가와의 만남,어린이(고학년),대면/미정,"창작 문학, 그림책",https://www.bookseed.kr/program/lecture/lecture_20260304092757145_5f41ee5d,
북멘토(도서출판),"신지영 (지은이), 정현 (그림)","<이야기 프로듀서 유이 1,2> 신지영 작가와의 만남 : 나도 이야기 프로듀서! - 이야기 설계도를 만들고 몸짓으로 표현해보자",어린이(고학년),비대면,"활동/워크숍 문학, 기타",https://www.bookseed.kr/program/lecture/lecture_20260303181232264_8f3d395c,
킨더랜드,"제성은 (지은이), 조승연 (그림)",<랜덤 가족> 제성은 작가와의 만남 :우리 가족은 ‘랜덤’이 아닌 ‘운명’이야!,어린이(고학년),대면/미정,"일반 강연 문학, creative",https://www.bookseed.kr/program/lecture/lecture_20260303114019325_fffc99c2,
여름꽃,"박효미 (지은이), 이나무 (그림)","<운동장은 사라졌지만> 박효미 작가와의 만나 :마음근육, 회복탄력성 키우기",어린이(고학년),비대면,활동/워크숍 문학,https://www.bookseed.kr/program/lecture/lecture_20260303105824874_a43eb915,
주니어RHK(주니어랜덤),"이선주 (지은이), 국민지 (그림)",<태구는 새 가족이 낯설다> 이선주 작가와의 만남,어린이(고학년),대면/미정,일반 강연 문학,https://www.bookseed.kr/program/lecture/lecture_20260227091249736_3ef8c1ea,
길벗스쿨,"김정미 (지은이), 모예진 (그림)",<공이 나에게 말을 걸었다> 김정미 작가와 함께 첫 동화책 만들기,어린이(고학년),비대면,"활동/워크숍 문학, 기타",https://www.bookseed.kr/program/lecture/lecture_20260226110512856_8f30a81d,
사계절,"오주영 (지은이), 경혜원 (그림)",『낭만 복숭아』 오주영 작가와의 만남 :상처를 딛고 사랑하며 성장하는 우리,어린이(고학년),비대면,일반 강연 문학,https://www.bookseed.kr/program/lecture/lecture_20260226102328974_ec0d578a,
소원나무,"동글 (지은이), 간장 (그림)",<지구인 학교 가기> 동글 작가와의 만남 :우리는 어마어마한 지구인,어린이(고학년),비대면,"독서 문학, 교양/문화",https://www.bookseed.kr/program/lecture/lecture_20260223164320289_b45a560c,
창비,"이현 (지은이), 오윤화 (그림)",『푸른 사자 와니니』 이현 작가와의 만남,어린이(고학년),비대면,"일반 강연 문학, art",https://www.bookseed.kr/program/lecture/lecture_20260223144445436_df97a6e7,https://search1.kakaocdn.net/thumb/R120x174.q85/?fname=http%3A%2F%2Ft1.daumcdn.net%2Flbook%2Fimage%2F533078%3Ftimestamp%3D20260807121229
위즈덤하우스,"김민정 (지은이), 마영신 (그림)",<귀신 샴푸> 김민정 작가와의 만남,어린이(고학년),비대면,"일반 강연 문학, creative",https://www.bookseed.kr/program/lecture/lecture_20260221120915441_7e8012c1,
라임,"김민정 (지은이), 김진화 (그림)",<괴물딱지> 김민정 작가와의 만남,어린이(고학년),비대면,"일반 강연 문학, creative",https://www.bookseed.kr/program/lecture/lecture_20260221115506404_ff30b35c,
미래엔아이세움,"곽영미 (지은이), 윤소진 (그림)",<누구의 잘못일까? 1> 곽영미 작가와의 만남,어린이(고학년),비대면,활동/워크숍 사회,https://www.bookseed.kr/program/lecture/lecture_20260220111503981_adf37f9c,
마루비,"최현진 (지은이), 한아름 (그림)",<지금 이 순간> 최현진 작가와의 만남,어린이(고학년),비대면,일반 강연 문학,https://www.bookseed.kr/program/lecture/lecture_20260211145809266_26021cbc,
모알보알,"정문주 (지은이), 백정엽 (감수)",<암기왕 우주의 대단한 뇌 모험> 정문주 작가와 함께하는 내 머릿속 탐험,어린이(고학년),대면/미정,"활동/워크숍 그림책, 과학",https://www.bookseed.kr/program/lecture/lecture_20260205183745807_561ce361,
문학과지성사,"김태호 (지은이), 오승민 (그림)",<귀 파 주는 생쥐> 김태호 작가와의 만남,어린이(고학년),비대면,"일반 강연 문학, creative",https://www.bookseed.kr/program/lecture/lecture_20260204173553852_dd8fdad3,
다산어린이,"박현숙 (지은이), 모차 (그림)",<오해의 달인 - K-초등 리얼리티 스토리> 박현숙 작가와의 만남,어린이(고학년),비대면,일반 강연 문학,https://www.bookseed.kr/program/lecture/lecture_20260204133902995_a47b6232,
다산어린이,"이송현 (지은이), 오삼이 (그림)",<할머니의 아이돌> 이송현 작가와의 만남,어린이(고학년),비대면,일반 강연 문학,https://www.bookseed.kr/program/lecture/lecture_20260203101805749_6e7ac213,
아이음북스,"장희정 (지은이), 홍연시 (그림)",<일주일 안에 인싸 되기> 장희정 작가와의 만남,어린이(고학년),비대면,일반 강연 문학,https://www.bookseed.kr/program/lecture/lecture_20260130211129096_2899873f,
밝은미래,"류미정 (지은이), 손수정 (그림)",<생일엔 마라탕 7> 류미정 작가와의 만남,어린이(고학년),비대면,"활동/워크숍 문학, writing",https://www.bookseed.kr/program/lecture/lecture_20260130130018100_8066e004,
이지북,"이재문 (지은이), 무디 (그림)",<마이 가디언 4> 이재문 작가와의 만남 :가짜 뉴스로부터 나를 지키는 가디언은 나 자신!,어린이(고학년),비대면,일반 강연 문학,https://www.bookseed.kr/program/lecture/lecture_20260126181929940_4b9d7189,
어크로스주니어,"천상희 (지은이), 어수현 (그림)",<어린이도 경제 활동을 한다고요?> 천상희 작가와의 만남,어린이(고학년),비대면,"일반 강연 교양/문화, 사회",https://www.bookseed.kr/program/lecture/lecture_20260126164708276_70dec750,
우리학교,"정은주 (지은이), 김푸른 (그림)",<우리가 봄을 건너는 법> 정은주 작가와의 만남,어린이(고학년),대면/미정,일반 강연 문학,https://www.bookseed.kr/program/lecture/lecture_20260126110443879_b0542e86,
파란자전거,"정종영 (지은이), 김다정 (그림), 최슬기 (도움글)","<습지구조대 생생댄스TV> 정종영 작가와의 만남 :어서 와, 이런 '진흙탕'은 처음이지? 물과 뭍의 '썸'타는 사이, 그 경계에서 생긴 일",어린이(고학년),비대면,"일반 강연 문학, 교양/문화",https://www.bookseed.kr/program/lecture/lecture_20260122145958226_9c257550,
이지북,"김용세 (지은이), 김연우 (그림)",<네 컷 사진 찰칵! 괴담> 김용세 작가와의 만남 :네 컷 사진에 담긴 진짜 내 모습,어린이(고학년),대면/미정,일반 강연 문학,https://www.bookseed.kr/program/lecture/lecture_20260121142740081_916ef587,
이지북,"오홍선이 (지은이), 김민우 (그림)",<록키즈 탐정단> 오홍선이 작가와의 만남 :대탐정 셜록 홈즈가 되어 보는 시간,어린이(고학년),비대면,일반 강연 문학,https://www.bookseed.kr/program/lecture/lecture_20260121141741840_4473f0b4,
이지북,"황지영 (지은이), 치즈 (그림)",<쉿! 비밀 보장 고양이 타로 상담소> 황지영 작가와의 만남 :타로로 들여다보는 나의 진짜 마음,어린이(고학년),비대면,일반 강연 문학,https://www.bookseed.kr/program/lecture/lecture_20260121141520397_e51a78f4,
동녘주니어,"김고은 (지은이), 킹아이 (그림)",<아름다운 한자 가치 사전> 김고은 작가와의 만남,어린이(고학년),비대면,"일반 강연 교양/문화, 인문",https://www.bookseed.kr/program/lecture/lecture_20260121103947085_5cf0f589,
산하,"한영미 (지은이), 허구 (그림)",<낙서 독립운동 - 소년 김용창의 뜨거운 외침> 한영미 작가와의 만남 :우리는 모두 기적이다,어린이(고학년),비대면,"일반 강연 교양/문화, 기타",https://www.bookseed.kr/program/lecture/lecture_20260121103529609_6d6104e5,
살림어린이,"한영미 (지은이), 박현주 (그림)","<눈물의 오디션> 한영미 작가와의 만남 :경쟁, 그 위에 서서 내 꿈을 찾아보자",어린이(고학년),비대면,"일반 강연 인문, 교양/문화",https://www.bookseed.kr/program/lecture/lecture_20260121103234509_da76b22d,
어린이나무생각,"한영미 (글), 남궁선하 (그림)",<나는 슈갈이다> 한영미 작가와의 만남 :폭력 앞에 숨지 말아요,어린이(고학년),비대면,"일반 강연 문학, 기타",https://www.bookseed.kr/program/lecture/lecture_20260121102644239_05f0c46b,
어린이작가정신,"한영미 (지은이), 김완진 (그림)",<우리 빌라에는 이상한 사람들이 산다> 한영미 작가와의 만남 :이웃과 함께할 때 더 행복해요,어린이(고학년),비대면,"일반 강연 문학, 기타",https://www.bookseed.kr/program/lecture/lecture_20260121102420675_0e1915da,
산하,"한영미 (지은이), 신진호 (그림)","<파랑새 시인, 한하운> 한영미 작가와의 만남",어린이(고학년),비대면,"일반 강연 인문, writing",https://www.bookseed.kr/program/lecture/lecture_20260121102133703_3983c4fc,
청어람주니어,"한영미 (지은이), 나오미양 (그림)",<숲속펜션의 비밀> 한영미 작가와의 만남,어린이(고학년),비대면,"창작 문학, 기타",https://www.bookseed.kr/program/lecture/lecture_20260121101739121_5b495c1d,
산하,"한영미 (지은이), 김기린 (그림)",<메뚜기 악플러> 한영미 작가와의 만남 :친구를 기운나게 하는 다정한 말 한 마디,어린이(고학년),비대면,"일반 강연 문학, creative",https://www.bookseed.kr/program/lecture/lecture_20260121101503559_dc5f787e,
이야기꽃,윤순정 (지은이),<아빠의 작업실> 윤순정 작가와의 만남 :나의 영원한 응원자 가족! 소중한 이야기,어린이(고학년),비대면,"창작 그림책, writing",https://www.bookseed.kr/program/lecture/lecture_20260120144301419_7e064aae,https://search1.kakaocdn.net/thumb/R120x174.q85/?fname=http%3A%2F%2Ft1.daumcdn.net%2Flbook%2Fimage%2F5899693%3Ftimestamp%3D20231011174619
가문비(어린이가문비),"이초아 (지은이), 최호정 (그림)",<어쩌다 어린이 기자단> 이초아 작가와의 만남,어린이(고학년),비대면,활동/워크숍 문학,https://www.bookseed.kr/program/lecture/lecture_20260118122640438_1e6048e9,
주니어RHK(주니어랜덤),"송미경 (지은이), 양양 (그림)",<아주 흔한 인사말> 송미경 작가와의 만남,어린이(고학년),대면/미정,"일반 강연 문학, creative",https://www.bookseed.kr/program/lecture/lecture_20260116125003519_1fd4c183,
별숲,"이수용 (지은이), 이영림 (그림)",<칭찬의 기술> 이수용 작가와의 만남,어린이(고학년),비대면,"일반 강연 인문, 교양/문화",https://www.bookseed.kr/program/lecture/lecture_20260109110756440_2a599d0e,
씨드북(주),"조영서 (지은이), 박현주 (그림)","<좋겠다, 너는> 조영서 작가와의 만남 : 부러움 뒤에 숨은 진짜 이야기",어린이(고학년),비대면,"일반 강연 문학, creative",https://www.bookseed.kr/program/lecture/lecture_20260106123616596_9152fa93,
그린애플,"임지형 (지은이), 양은봉 (그림)",<귀신을 만나는 13가지 방법> 임지형 작가와의 만남 : 또래 관계에서 '나'를 지키는 용기!,어린이(고학년),대면/미정,"일반 강연 교과, 문학",https://www.bookseed.kr/program/lecture/lecture_20251216144450224_c19bd4d1,
크레용하우스,김해우 (지은이),<지푸라기 인형의 저주> 김해우 작가와의 만남,어린이(고학년),비대면,"일반 강연 문학, writing",https://www.bookseed.kr/program/lecture/lecture_20251215131920588_712160bb,
이지북,"김정민 (지은이), 토티 (그림)",<해바라기 마을 아이> 김정민 작가와의 만남,어린이(고학년),비대면,일반 강연 문학,https://www.bookseed.kr/program/lecture/lecture_20251210234755749_4348815f,
이오앤북스,"송재찬 (지은이), 신소영 (그림)",『천년의 휴가』 송재찬 작가와의 만남,어린이(고학년),비대면,"일반 강연 과학, 문학",https://www.bookseed.kr/program/lecture/lecture_20251205155120447_76de5d6a,
라임,"한윤섭 (지은이), 이로우 (그림)",<이야기의 신> 한윤섭 작가와의 만남 :지금도 이야기는 쏟아져 내리고 있어! 내 안의 '이야기 신' 깨우기,어린이(고학년),비대면,일반 강연 문학,https://www.bookseed.kr/program/lecture/lecture_20251204152016564_7334ed8a,
어크로스주니어,"윤선아 (지은이), 김잔디 (그림)",<잔소리탈출연구소3. 문해력 재미를 잡아라> 윤선아 작가와의 만남,어린이(고학년),비대면,"일반 강연 교양/문화, 인문",https://www.bookseed.kr/program/lecture/lecture_20251204131914837_d2ca8fb0,
다정한시민,"신인철 (지은이), 박보은 (그림)",<지구가 더워져서 판다가 많이 아파?> 신인철 작가와의 만남,어린이(고학년),비대면,"일반 강연 과학, 교양/문화",https://www.bookseed.kr/program/lecture/lecture_20251203131637588_491d0da3,
개암나무,"강미숙, 지다나 (지은이)",기자 출신 저자와 함께하는 신문 읽기 & 초등 문해력 노하우,어린이(고학년),비대면,"일반 강연 인문, 사회",https://www.bookseed.kr/program/lecture/lecture_20251202145135982_0ea85e70,
파란자전거,"전현정 (지은이), 김주경 (그림), 권인기 (도움글)",<저어새 도도의 마지막 선택> 전현정 작가와의 만남 :저어새 도도와 함께 야생이 된 도시 속으로 출발!,어린이(고학년),비대면,"일반 강연 문학, 교양/문화",https://www.bookseed.kr/program/lecture/lecture_20251202094239367_7098519f,
북멘토(도서출판),"이재은 (지은이), 왕지성 (그림), 문경수 (감수)",<편의점을 털어라! : 지리편> 이재은 작가와의 만남 :편의점으로 떠나는 세계 지리 여행,어린이(고학년),비대면,"일반 강연 사회, 교과",https://www.bookseed.kr/program/lecture/lecture_20251201221239526_417b1f8d,
노란돼지,신전향,<행운과 불행을 바꾸는 상점 묘행당> 신전향 작가와의 만남 :부정적인 감정을 날려버리는 신나는 묘행당 이야기,어린이(고학년),대면/미정,일반 강연 문학,https://www.bookseed.kr/program/lecture/lecture_20251201155724061_cc3361f5,
별숲,"박현정 (지은이), 김다정 (그림)",<할머니의 자리> 박현정 작가와의 만남,어린이(고학년),비대면,"일반 강연 문학, 인문",https://www.bookseed.kr/program/lecture/lecture_20251128184314516_d9c7d0c6,https://search1.kakaocdn.net/thumb/R120x174.q85/?fname=http%3A%2F%2Ft1.daumcdn.net%2Flbook%2Fimage%2F6342524%3Ftimestamp%3D20241122155824
푸른숲주니어,"박현정 (지은이), 신민재 (그림)",<모퉁이 하얀 카페 심쿵 레시피> 박현정 작가와의 만남,어린이(고학년),비대면,"일반 강연 문학, 인문",https://www.bookseed.kr/program/lecture/lecture_20251128174346187_cd9c105a,
찰리북,"김지원 (지은이), 임미란 (그림)",<팥죽 할멈과 귀신 호랑이> 김지원 작가와의 만남 :문해력 전문가 책꿈샘과 함께하는 어린이 창작 강의,어린이(고학년),비대면,"창작 문학, art",https://www.bookseed.kr/program/lecture/lecture_20251128104306944_582e1220,
옐로스톤,"이상미 (지은이), 정희린 (그림)",<타오 씨와 뜨렌비팜> 이상미 작가와의 만남,어린이(고학년),비대면,"활동/워크숍 그림책, 교양/문화",https://www.bookseed.kr/program/lecture/lecture_20251125081547309_049b5b3b,
옐로스톤,"이상미 (지은이), 정희린 (그림), 사탕수수 (기획)",<우리를 기다려 주세요> 이상미 작가와의 만남,어린이(고학년),비대면,활동/워크숍 그림책,https://www.bookseed.kr/program/lecture/lecture_20251125075939607_61197d4c,
북멘토(도서출판),"하리라 (지은이), 정진희 (그림), 문은배 (감수)","<변신! 오방 히어로즈, 문화유산에 숨은 색 보물을 찾아라!> 하리라 작가와의 만남 :옷, 풍속, 음식, 유물에 이런 뜻이?",어린이(고학년),비대면,"일반 강연 교양/문화, art",https://www.bookseed.kr/program/lecture/lecture_20251124184826506_e5dfcee4,
다산어린이,"황지영 (지은이), 송효정 (그림)",<톡 : 소문 말고 진실> 황지영 작가와의 만남,어린이(고학년),비대면,일반 강연 문학,https://www.bookseed.kr/program/lecture/lecture_20251124101915336_436b0ba6,
한림출판사,"임화선 (지은이), 김삼현 (그림)","<두부, 꽃이 되다> 임화선 작가와의 만남",어린이(고학년),대면/미정,"일반 강연 문학, 독서활동",https://www.bookseed.kr/program/lecture/lecture_20251120121446182_08efc3b2,
주니어김영사,서피랑,「토토의 무지개 왕국」 서피랑 작가와의 만남,어린이(고학년),비대면,"일반 강연 문학, 교과",https://www.bookseed.kr/program/lecture/lecture_20251119133600577_b1c239a3,
서유재,"이병승 (지은이), 해랑 (옮긴이)",<기억을 훔치는 추억 상점> 이병승 작가와의 만남,어린이(고학년),비대면,"일반 강연 문학, 사회",https://www.bookseed.kr/program/lecture/lecture_20251119105147934_a96103f1,
양양하다어린이,"유정숙 (글), 황교범 (그림), 이정모 (기획)","<정모 박사의 지구 멸망 프로젝트 : 작전 02> 유정숙 작가와의 만남 :아이들이 만드는 미래, 통합과학으로 읽는 기후 이야기",어린이(고학년),비대면,"일반 강연 과학, 교과",https://www.bookseed.kr/program/lecture/lecture_20251114220323327_06d99c4f,
도서출판 풀빛,"이광희 (지은이), 방상호 (그림)",<한눈에 보는 전쟁 세계사 1> 이광희 작가와의 만남 :주요 전쟁들을 통해 세계사의 흐름을 꿰뚫는다. 전쟁은 세계를 어떻게 바꾸었을까?,어린이(고학년),비대면,"일반 강연 인문, 사회",https://www.bookseed.kr/program/lecture/lecture_20251114200805642_dfa46d89,
아르볼,"백혜영 (지은이), 참깨 (그림)",<구구옥 - 이별을 도와드립니다> 백혜영 작가와의 만남 :마음의 회복 탄력성을 키우자!,어린이(고학년),비대면,"일반 강연 문학, career",https://www.bookseed.kr/program/lecture/lecture_20251114153418665_9df64c21,
푸른숲주니어,"백혜영 (지은이), 신민재 (그림)",<우리말 모으기 대작전 말모이> 백혜영 작가와의 만남 :한글의 소중함,어린이(고학년),비대면,"일반 강연 문학, 기타",https://www.bookseed.kr/program/lecture/lecture_20251114151034935_917ba5ed,
개암나무,"조경희 (지은이), 양수홍 (그림), 박계현 (감수)",<우리는 내일의 전태일입니다> 조경희 작가와의 만남 :교과서에 나오는 인물 이야기 (6학년 1학기 사회),어린이(고학년),비대면,"일반 강연 인문, 사회",https://www.bookseed.kr/program/lecture/lecture_20251113180938431_7dc66337,
구름서재(다빈치기프트),박소영 (지은이),<우리가 몰랐던 우리음악 이야기> 박소영 작가와의 만남,어린이(고학년),비대면,"일반 강연 art, 교양/문화",https://www.bookseed.kr/program/lecture/lecture_20251112151142404_2945de4b,
문학과지성사,"최나미 (지은이), 정문주 (그림)",<안젤로와 안제오> 최나미 작가와의 만남,어린이(고학년),비대면,"일반 강연 문학, creative",https://www.bookseed.kr/program/lecture/lecture_20251111112730085_076910d6,
길벗스쿨,"조은비 (지은이), 국민지 (그림)",우리 사이 햇빛,어린이(고학년),비대면,일반 강연 문학,https://www.bookseed.kr/program/lecture/lecture_20251111023636985_607f3231,
잇츠북어린이,"성주희 (지은이), 임나운 (그림)",<비밀 교환 일기> 성주희 작가와의 만남 :손끝으로 전하는 마음,어린이(고학년),비대면,일반 강연 문학,https://www.bookseed.kr/program/lecture/lecture_20251106170651909_1fa5c037,
소원나무,"성주희 (지은이), 유경화 (그림)",<걱정을 없애 주는 마카롱> 성주희 작가와의 만남 :내 마음속 걱정이 달콤해지는 시간,어린이(고학년),비대면,일반 강연 문학,https://www.bookseed.kr/program/lecture/lecture_20251106165443512_a4cf7a49,
어크로스주니어,"백정연 (지은이), 김민우 (그림)",<장애를 왜 이해해야 할까요?> 백정연 작가와의 만남,어린이(고학년),비대면,"일반 강연 교양/문화, 사회",https://www.bookseed.kr/program/lecture/lecture_20251104095341372_9ad653a8,
특서주니어,"김용세, 김병섭 (지은이), 글시 (그림)","<25시 도깨비 편의점 2> 김용세, 김병섭 작가와의 만남 :진짜 변화는 내 안에서부터 시작되는 거야!",어린이(고학년),비대면,"일반 강연 문학, 교양/문화",https://www.bookseed.kr/program/lecture/lecture_20251103163858773_0d3086a7,
머핀북,"구완회 (지은이), 권동현 (그림)",<랜드마크로 보는 한국사 이야기> 구완회 작가와의 만남 :우리나라 역사와 마주하는 대한민국 랜드마크 이야기,어린이(고학년),비대면,"일반 강연 사회, 인문",https://www.bookseed.kr/program/lecture/lecture_20251028170035047_a5080b35,
코리아닷컴(Korea.com),이광렬 (지은이),<초등일타과학> 이광렬 작가와의 만남,어린이(고학년),비대면,others 과학,https://www.bookseed.kr/program/lecture/lecture_20251028105020015_fb9cbf9b,
스콜라(위즈덤하우스),"김미애 (지은이), 심윤정 (그림)",<고물상 할아버지와 쓰레기 특공대> 김미애 작가와의 만남,어린이(고학년),비대면,"일반 강연 사회, 교과",https://www.bookseed.kr/program/lecture/lecture_20251023213712871_187d68f5,
서유재,"윤해연 (지은이), 홍지혜 (그림)",<용기를 부르는 신호> 윤해연 작가와의 만남,어린이(고학년),비대면,"일반 강연 문학, 교과",https://www.bookseed.kr/program/lecture/lecture_20251023161942370_ab816fde,
도서출판 풀빛,"이규희 (지은이), 정진희 (그림)","<고종 황제의 비밀 지령: 헤이그 특사, 을사조약 무효를 주장하다> 동화로 배우는 근현대사 이야기, 이규희 작가와의 만남",어린이(고학년),비대면,"일반 강연 사회, 인문",https://www.bookseed.kr/program/lecture/lecture_20251023134435384_13dd5dfc,
썬더키즈,"신은영 (지은이), 박현주 (그림)",<딥페이크 사진이 도착했습니다> 신은영 작가와의 만남,어린이(고학년),비대면,일반 강연 문학,https://www.bookseed.kr/program/lecture/lecture_20251021165620133_d78a856a,
다산어린이,"김혜정 (지은이), 무디 (그림)",<내일은 달콤한 기분> 김혜정 작가와의 만남,어린이(고학년),비대면,일반 강연 문학,https://www.bookseed.kr/program/lecture/lecture_20251020133700878_4dead3e7,
고래가숨쉬는도서관,"정유소영 (지은이), 모예진 (그림)",<아무네 가게 2> 정유소영 작가와의 만남 :우리는 함께 도우며 살고 있어요,어린이(고학년),비대면,일반 강연 문학,https://www.bookseed.kr/program/lecture/lecture_20251017135314173_5f6e9067,
파란자전거,"김영주 (지은이), 정지윤 (그림)",노비가 관직에 올랐다고? – 『교서관 책동무』 역사동 북토크,어린이(고학년),비대면,"일반 강연 문학, 인문",https://www.bookseed.kr/program/lecture/lecture_20251016175549166_fbffa9c1,
썬더키즈,"김영주 (지은이), 서정선 (그림)","<지구를 살리는 착한 플라스틱> 김영주 작가와의 만남 :플라스틱으로 지구를 지켜라 , 생태 환경 기후 위기",어린이(고학년),비대면,"일반 강연 교과, 과학",https://www.bookseed.kr/program/lecture/lecture_20251016162536694_cd7a3ce2,
아르볼,"이현아 (지은이), 복치 (그림)",<붉은 여우 신령 1> 이현아 작가와의 만남 :판타지모험을 통해 얻는 성장과 우정!,어린이(고학년),비대면,일반 강연 문학,https://www.bookseed.kr/program/lecture/lecture_20251013144854551_4e672a55,
밝은미래,"류미정 (지은이), 손수정 (그림)",<생일엔 마라탕 6> 류미정 작가와의 만남,어린이(고학년),비대면,활동/워크숍 문학,https://www.bookseed.kr/program/lecture/lecture_20251010145213606_96611a5a,
마루비,"은정 (지은이), 최경식 (그림)",<또 다른 나의 세계> 은정 작가와의 만남 :마음을 잇는 SF감정동화,어린이(고학년),비대면,"일반 강연 문학, writing",https://www.bookseed.kr/program/lecture/lecture_20250929205137889_39f1ea8e,
머핀북,"이상인 (지은이), 편히 (그림)",<우리가 음악이 되는 시간> 이상인 작가와의 만남,어린이(고학년),비대면,"일반 강연 문학, art",https://www.bookseed.kr/program/lecture/lecture_20250929151615987_f8a1f89c,
고래가숨쉬는도서관,"차율이 (지은이), 전명진 (그림)","<인어 소녀> 차율이 작가와의 만남 :바다와 인어, 해양오염 이야기, 플라스틱 아일랜드 환경판타지동화",어린이(고학년),비대면,"일반 강연 문학, 독서활동",https://www.bookseed.kr/program/lecture/lecture_20250926001529167_e2fa0856,
사회평론주니어,"백은석, 유혜린 (지은이), BF. (그림)","<시간 여행자의 책> 백은석, 유혜린 작가와의 만남",어린이(고학년),비대면,"일반 강연 문학, 독서활동",https://www.bookseed.kr/program/lecture/lecture_20250925151035257_0d19da76,
사회평론주니어,"정설아 (지은이), 오승민 (그림)",<이루의 세상> 정설아 작가와의 만남,어린이(고학년),비대면,"일반 강연 문학, career",https://www.bookseed.kr/program/lecture/lecture_20250925145929539_b4556ce6,
길벗스쿨,"이귤희 (지은이), 김현영 (그림)",<얼음을 주세요> 이귤희 작가가 들려주는 노동의 가치와 환경의 소중함,어린이(고학년),대면/미정,"일반 강연 문학, 교양/문화",https://www.bookseed.kr/program/lecture/lecture_20250925143956048_ce662cd1,
이지북,"박미연 (지은이), 이소연 (그림)",<시간 고양이 7 - 열돔에 갇힌 도시> 박미연 작가와의 만남,어린이(고학년),대면/미정,"일반 강연 문학, creative",https://www.bookseed.kr/program/lecture/lecture_20250924195055110_f90875a5,
보리,한나빵 (지은이),<빵빵! 행복 빵집> 한나빵 작가와의 만남 :[어린이 고학년],어린이(고학년),비대면,"창작 creative, 그림책",https://www.bookseed.kr/program/lecture/lecture_20250922172652672_920674e8,
샘터사,"김송순 (지은이), 클로이 (그림)",<바람골을 찾아서> 김송순 작가와의 만남,어린이(고학년),비대면,"독서 creative, 문학",https://www.bookseed.kr/program/lecture/lecture_20250922161341373_7f3cfd10,
밝은미래,"박그루 (지은이), 김주경 (그림)",<미술관 추격 사건>으로 넓히는 시야,어린이(고학년),비대면,"활동/워크숍 문학, art",https://www.bookseed.kr/program/lecture/lecture_20250917111918981_1918f137,
특서주니어,"박현숙 (지은이), 길개 (그림)",<천개산 패밀리 6> :책임감 속에 빛나는 우리의 성장에 대하여,어린이(고학년),비대면,"일반 강연 문학, creative",https://www.bookseed.kr/program/lecture/lecture_20250917110748685_6a0abd76,
밝은미래,"박그루 (지은이), 백대승 (그림)",<편의점 도난 사건>:선택과 책임을 배우는 생활 윤리,어린이(고학년),비대면,"활동/워크숍 인문, 문학",https://www.bookseed.kr/program/lecture/lecture_20250917102640080_bae9bea1,
소원나무,"이승민 (지은이), 쏘우주 (그림)",이승민 작가는 어떻게 생각하고 글을 쓸까요? <민탐정 추리교실 1> 이승민 작가와의 만남,어린이(고학년),비대면,일반 강연 문학,https://www.bookseed.kr/program/lecture/lecture_20250911153931849_19047a8e,
소원나무,"박상기 (지은이), 불곰 (그림)",타인과 함께 행복하기! <우정 챌린지> 박상기 작가와의 만남,어린이(고학년),비대면,일반 강연 문학,https://www.bookseed.kr/program/lecture/lecture_20250911153554573_e1741b8f,
책읽는곰,"윤슬빛 (지은이), 남수현 (그림)",<우리는 여름> 윤슬빛 작가와의 만남,어린이(고학년),비대면,일반 강연 문학,https://www.bookseed.kr/program/lecture/lecture_20250910125122950_bddc41b3,
사계절,"강인송 (지은이), 안난초 (그림)","『알로하, 파!』 강인송 작가와의 만남",어린이(고학년),비대면,일반 강연 문학,https://www.bookseed.kr/program/lecture/lecture_20250909220424501_797cb7e9,https://search1.kakaocdn.net/thumb/R120x174.q85/?fname=http%3A%2F%2Ft1.daumcdn.net%2Flbook%2Fimage%2F6684700%3Ftimestamp%3D20250806143828
어크로스주니어,"전채은 (지은이), 한호진 (그림)",<동물에게도 권리가 필요하다고요?> 전채은 작가외의 만남,어린이(고학년),비대면,"일반 강연 교양/문화, 사회",https://www.bookseed.kr/program/lecture/lecture_20250904172850175_0cdb836b,
천개의바람,"양자현 (지은이), 불키드 (그림)",<어쩌다 배구> 양자현 작가와의 만남,어린이(고학년),비대면,"일반 강연 문학, creative",https://www.bookseed.kr/program/lecture/lecture_20250904142322858_7880598e,
양양하다어린이,"정원영 (글), 황교범 (그림), 이정모 (기획)",<정모 박사의 지구 멸망 프로젝트> 작가와의 만남,어린이(고학년),비대면,일반 강연 과학,https://www.bookseed.kr/program/lecture/lecture_20250903110340520_869cd603,
특서주니어,"김용세, 김병섭 (지은이), 글시 (그림)",<25시 도깨비 편의점 1> 작가와의 만남,어린이(고학년),비대면,"일반 강연 문학, 인문",https://www.bookseed.kr/program/lecture/lecture_20250902150106816_d62a6904,
보랏빛소어린이,"이경옥 (지은이), 임윤미 (그림)",<진짜 가족 맞아요> 이경옥 작가와의 만남,어린이(고학년),대면/미정,"일반 강연 문학, 사회",https://www.bookseed.kr/program/lecture/lecture_20250902092325534_3bc699e0,
바이킹,"조경희 (지은이), 박현 (그림)",<내 마음을 알아주는 좋은 친구 만들기> 조경희 작가와의 만남,어린이(고학년),비대면,일반 강연 기타,https://www.bookseed.kr/program/lecture/lecture_20250902092150373_95620861,
주니어RHK(주니어랜덤),"손정아 (지은이), 김현영 (그림)",<초경은 초면입니다만 - 궁금해? 걱정돼? 보건쌤의 시원 솔직 월경 Q&A> 손정아 작가와의 만남,어린이(고학년),비대면,"일반 강연 교양/문화, 기타",https://www.bookseed.kr/program/lecture/lecture_20250902090208094_0efb2c77,
사계절,최경식,"<건축물의 기억> :건물의 시선으로, 최경식 작가와의 만남",어린이(고학년),대면/미정,"일반 강연 art, 문학",https://www.bookseed.kr/program/lecture/e2c3e8c6-7f3f-11f0-a027-1cce51281be1,
이지북,신은영,<구미호 꽃집> :나눌수록 더해지는 행복을 찾아 보아요!,어린이(고학년),대면/미정,"일반 강연 문학, writing",https://www.bookseed.kr/program/lecture/e2c3c354-7f3f-11f0-a027-1cce51281be1,
빅피시,이광렬,<수상한 동물원에서 만난 과학> 이광렬 작가와의 만남,어린이(고학년),대면/미정,일반 강연 기타,https://www.bookseed.kr/program/lecture/e2c3ae0b-7f3f-11f0-a027-1cce51281be1,
이지북,박슬기,"<진짜, 이루다 2> :나를 찾고 자존감을 기르는 일",어린이(고학년),대면/미정,"일반 강연 문학, writing",https://www.bookseed.kr/program/lecture/e2c3a4ed-7f3f-11f0-a027-1cce51281be1,
이지북,이레,<요괴 쥐와 도깨비> :악의 유혹에 맞서는 선한 도깨비의 주문,어린이(고학년),대면/미정,"일반 강연 문학, writing",https://www.bookseed.kr/program/lecture/e2c38dbe-7f3f-11f0-a027-1cce51281be1,
자음과모음,이수경,<새로운 가족이 생겼을 때는 어떻게 해요?> :진정한 가족의 의미란 무엇일까?,어린이(고학년),대면/미정,"일반 강연 문학, writing",https://www.bookseed.kr/program/lecture/e2c38098-7f3f-11f0-a027-1cce51281be1,
한울림어린이(한울림),"연유진 (지은이), 조경옥 (그림)",《우리 동네 착한 경제를 찾아라》 _ 모두가 행복한 우리 일상 속 착한 경제 알아보기,어린이(고학년),비대면,"일반 강연 기타, 사회",https://www.bookseed.kr/program/lecture/e2c308e6-7f3f-11f0-a027-1cce51281be1,
한울림,현단,"<넌 최고야!> :장애인식개선 그림책, '장애'가 아닌 '사람'을 보는 시선",어린이(고학년),대면/미정,"활동/워크숍 사회, 기타",https://www.bookseed.kr/program/lecture/e2c2d5aa-7f3f-11f0-a027-1cce51281be1,
고래가숨쉬는도서관,차율이,"<괴담특공대> 차율이 작가와의 만남 :학교 괴담으로 우정과 내면 성장하기, 공포 동화 깊이 있게 알아보자",어린이(고학년),비대면,"일반 강연 문학, creative",https://www.bookseed.kr/program/lecture/e2c28f7c-7f3f-11f0-a027-1cce51281be1,
청개구리,정광덕,<맑은 날> :엉뚱한 생각과 상상력 동시집,어린이(고학년),대면/미정,"일반 강연 문학, creative",https://www.bookseed.kr/program/lecture/e2c206e5-7f3f-11f0-a027-1cce51281be1,
노란돼지,정관성,<무심코 단 댓글도 죄가 되나요?>와 함께하는 어린이 법률 교양,어린이(고학년),비대면,"일반 강연 사회, 교양/문화",https://www.bookseed.kr/program/lecture/e2c0934d-7f3f-11f0-a027-1cce51281be1,
그린애플,김수은,<풀꽃선생님과 함께하는 맞춤법 고수 대작전> :어린이 맞춤법 고수 만들기 대작전!,어린이(고학년),대면/미정,일반 강연 writing,https://www.bookseed.kr/program/lecture/e2c08332-7f3f-11f0-a027-1cce51281be1,
어크로스주니어,김청연,<무심코 했는데 혐오와 차별이라고요?> 김청연 작가와의 만남,어린이(고학년),비대면,"일반 강연 교양/문화, 사회",https://www.bookseed.kr/program/lecture/e2c07cf9-7f3f-11f0-a027-1cce51281be1,
뜨인돌어린이,오홍선이,<어느 특별한 다과회> :일제강점기 한국을 사랑한 8인의 대한외국인,어린이(고학년),대면/미정,"일반 강연 사회, 교양/문화",https://www.bookseed.kr/program/lecture/e2c07900-7f3f-11f0-a027-1cce51281be1,
크레용하우스,김해우,<77번지 쓰레기집의 비밀> 김해우 작가와의 만남 :관심과 배려/나도 작가!,어린이(고학년),비대면,"일반 강연 문학, writing",https://www.bookseed.kr/program/lecture/e2c011ed-7f3f-11f0-a027-1cce51281be1,
어크로스주니어,임수경,<안 때렸는데 폭력이라고요?> 임수경 작가와의 만남,어린이(고학년),비대면,"일반 강연 교양/문화, 사회",https://www.bookseed.kr/program/lecture/e2bfec6b-7f3f-11f0-a027-1cce51281be1,
청어람미디어,박재용,"<여기는 기상청! 내일의 날씨를 알려드립니다> :기후 변화, 인공지능, 미래의 우리는",어린이(고학년),비대면,"일반 강연 기타, 교양/문화",https://www.bookseed.kr/program/lecture/e2be9d0a-7f3f-11f0-a027-1cce51281be1,
그린애플,류미정,<힘을 내요 젤리 파워!> :누군가에게 힘이 되어 준다면! 힘을 얻는 우리들만의 특별한 방법,어린이(고학년),대면/미정,"활동/워크숍 writing, 문학",https://www.bookseed.kr/program/lecture/e2be9795-7f3f-11f0-a027-1cce51281be1,
이지북,신현수,<이크 에크>:서로의 문화를 주고받으며 만들어 가는 빛나는 우정!,어린이(고학년),대면/미정,"일반 강연 creative, writing",https://www.bookseed.kr/program/lecture/e2be6afd-7f3f-11f0-a027-1cce51281be1,
이지북,"이재문 (지은이), 무디 (그림)",<마이 가디언 2 > 이재문 작가와의 만남 :사랑하는 마음 들여다보기,어린이(고학년),대면/미정,"일반 강연 creative, writing",https://www.bookseed.kr/program/lecture/e2be622c-7f3f-11f0-a027-1cce51281be1,
북멘토(도서출판),공수경,<말 거품 펑!> : 말에 대한 책임,어린이(고학년),비대면,"일반 강연 문학, 기타",https://www.bookseed.kr/program/lecture/e2be266c-7f3f-11f0-a027-1cce51281be1,
오늘책,공수경,<무서운 곶감 위에 나는 호랑이가 있었으니>: 누군가를 위한 용기,어린이(고학년),비대면,"일반 강연 문학, 교과",https://www.bookseed.kr/program/lecture/e2be1c09-7f3f-11f0-a027-1cce51281be1,
별숲,공수경,"<울지 않으면 산타가 올까요> : 우정, 희망 그리고 사랑",어린이(고학년),비대면,"일반 강연 문학, creative",https://www.bookseed.kr/program/lecture/e2be1758-7f3f-11f0-a027-1cce51281be1,
느림보,이민희,<옛날에는 돼지들이 아주 똑똑했어요> :인간똑똑 AI똑똑,어린이(고학년),비대면,"활동/워크숍 인문, 사회",https://www.bookseed.kr/program/lecture/e2bd6f87-7f3f-11f0-a027-1cce51281be1,
(주)학교도서관저널,"김동식 (지은이), 이강훈 (그림)",우주 학교 - 김동식 연작 주니어소설,어린이(고학년),대면/미정,"일반 강연 문학, creative",https://www.bookseed.kr/program/lecture/e2bd2025-7f3f-11f0-a027-1cce51281be1,https://search1.kakaocdn.net/thumb/R120x174.q85/?fname=http%3A%2F%2Ft1.daumcdn.net%2Flbook%2Fimage%2F6661694%3Ftimestamp%3D20260611122547
나무의말,최은영,<기억은행> 최은영 작가와의 만남 :기억 은행원이 찾아왔어요,어린이(고학년),비대면,"활동/워크숍 문학, creative",https://www.bookseed.kr/program/lecture/e2bce827-7f3f-11f0-a027-1cce51281be1,
이지출판,정은미,<신문지가 만난 진짜 세상> 정은미 작가와의 만남,어린이(고학년),비대면,"others 문학, writing",https://www.bookseed.kr/program/lecture/e2bc89b9-7f3f-11f0-a027-1cce51281be1,
작은코도마뱀,김정미,<플라밍GO!> :동화로 생각하는 동물권,어린이(고학년),대면/미정,"일반 강연 문학, 교양/문화",https://www.bookseed.kr/program/lecture/e2bc766b-7f3f-11f0-a027-1cce51281be1,
작은코도마뱀,하선영,나를 좋아하게 된 친구에게,어린이(고학년),대면/미정,"활동/워크숍 문학, creative",https://www.bookseed.kr/program/lecture/e2bc7166-7f3f-11f0-a027-1cce51281be1,
작은코도마뱀,하선영,<명랑춘향시리즈> :우리 고전 새롭게 읽기,어린이(고학년),대면/미정,"활동/워크숍 문학, creative",https://www.bookseed.kr/program/lecture/e2bc6c2e-7f3f-11f0-a027-1cce51281be1,
밝은미래,류미정,<생일엔 마라탕 5> :걱정 날리는 글쓰기활동,어린이(고학년),대면/미정,"활동/워크숍 writing, 문학",https://www.bookseed.kr/program/lecture/e2bb4e0e-7f3f-11f0-a027-1cce51281be1,
바이킹,박효연,초등학생을 위한 개념 정치 150 - 정치와 사회를 이해하는 지혜로운 사회 탐구활동 교과서,어린이(고학년),비대면,"bookplay 사회, 교양/문화",https://www.bookseed.kr/program/lecture/e2bb01c8-7f3f-11f0-a027-1cce51281be1,
어크로스주니어,윤선아,<잔소리탈출연구소1 - 집중력 도둑을 잡아라> 윤선아 작가와의 만남,어린이(고학년),비대면,"일반 강연 교양/문화, creative",https://www.bookseed.kr/program/lecture/e2ba1cc9-7f3f-11f0-a027-1cce51281be1,
서사원주니어,이혜정,<초등 필독 신문> 이혜정 작가와의 만남,어린이(고학년),대면/미정,"일반 강연 writing, 교양/문화",https://www.bookseed.kr/program/lecture/e2b9d02a-7f3f-11f0-a027-1cce51281be1,
지에밥,이현정,<명화 안에 수학 과학 있다!> 이현정 작가와의 만남,어린이(고학년),비대면,"일반 강연 art, 기타",https://www.bookseed.kr/program/lecture/e2b904e9-7f3f-11f0-a027-1cce51281be1,
파란자전거,"강민경 / 김태진, 박은정",<고전에게 물어봐!> 작가들과의 만남,어린이(고학년),대면/미정,"일반 강연 philosophy, 사회",https://www.bookseed.kr/program/lecture/e2b8853c-7f3f-11f0-a027-1cce51281be1,
옐로스톤,정은수,<밤에만 여는 복덕방> :에로의 초대,어린이(고학년),비대면,"활동/워크숍 문학, writing",https://www.bookseed.kr/program/lecture/e2b829e9-7f3f-11f0-a027-1cce51281be1,
초록개구리,풀피리(박영란),<저어새 케이를 찾아서> :생태계를 지키는 작은 영웅이 되어 저어새 케이와 함께 모험을 떠나요,어린이(고학년),비대면,"일반 강연 문학, 기타",https://www.bookseed.kr/program/lecture/e2b7ebba-7f3f-11f0-a027-1cce51281be1,
이지북,정화영,<퍼플 빅> :인공 지능의 미래와 인간 윤리,어린이(고학년),비대면,"일반 강연 문학, 기타",https://www.bookseed.kr/program/lecture/e2b7dcbe-7f3f-11f0-a027-1cce51281be1,
이지북,정화영,<너와 가족이 되고 싶어> :유기견과 가족 되기,어린이(고학년),비대면,"일반 강연 문학, 교양/문화",https://www.bookseed.kr/program/lecture/e2b7d14b-7f3f-11f0-a027-1cce51281be1,
비룡소,차율이,"<방울방울 목욕탕> :내 마음 알아보기, 상처 받은 마음 치유하는 힐링 동화",어린이(고학년),비대면,"일반 강연 문학, creative",https://www.bookseed.kr/program/lecture/e2b78624-7f3f-11f0-a027-1cce51281be1,
다정한시민,나승위,<평등한 세상이 너무 멀어> :평등한 세상을 향한 스웨덴의 법과 제도,어린이(고학년),비대면,"일반 강연 사회, 교양/문화",https://www.bookseed.kr/program/lecture/e2b69fa0-7f3f-11f0-a027-1cce51281be1,
비룡소,이혜령,<브로콜리 도서관의 마녀들> :네 마음은 온전히 네 것이야,어린이(고학년),비대면,"일반 강연 문학, 기타",https://www.bookseed.kr/program/lecture/e2b6920c-7f3f-11f0-a027-1cce51281be1,
잇츠북,이혜령,<우리 동네에 혹등고래가 산다> 이혜령 작가와의 만남,어린이(고학년),비대면,"일반 강연 기타, 문학",https://www.bookseed.kr/program/lecture/e2b66c3b-7f3f-11f0-a027-1cce51281be1,
해와나무,이혜령,<녹우천 요괴 야시장> :보이지 않는 세계를 상상하다,어린이(고학년),비대면,"일반 강연 문학, 기타",https://www.bookseed.kr/program/lecture/e2b6679c-7f3f-11f0-a027-1cce51281be1,
창비교육,금준경,『슬기로운 인공지능 AI 활용법』금준경 작가와의 만남!,어린이(고학년),대면/미정,"일반 강연 사회, 기타",https://www.bookseed.kr/program/lecture/e2b65621-7f3f-11f0-a027-1cce51281be1,
파랑서재,박효연,생태 환경 동화 <눈떠 보니 코끼리> 작가와의 만남,어린이(고학년),비대면,"독서 교양/문화, 인문",https://www.bookseed.kr/program/lecture/e2b62bc9-7f3f-11f0-a027-1cce51281be1,
특서주니어,박현숙,<천개산 패밀리 5> :엄마의 사랑과 책임감에 대하여,어린이(고학년),비대면,"일반 강연 문학, creative",https://www.bookseed.kr/program/lecture/e2b61a52-7f3f-11f0-a027-1cce51281be1,
특서주니어,박현숙,<천개산 패밀리 4>:진짜 리더의 자격이란 뭘까?,어린이(고학년),비대면,"일반 강연 문학, creative",https://www.bookseed.kr/program/lecture/e2b610b4-7f3f-11f0-a027-1cce51281be1,
어린이 나무생각,홍종의,<칼을 이긴 큰 붓> :붓 한 자루로 이름을 당당히 남긴 임진왜란 소년 포로 홍운해,어린이(고학년),대면/미정,"일반 강연 문학, 교양/문화",https://www.bookseed.kr/program/lecture/e2b60088-7f3f-11f0-a027-1cce51281be1,
나무생각,유윤한,"<궁금했어, 태양계> :지구를 타고 우주를 여행해 볼까?",어린이(고학년),대면/미정,"일반 강연 기타, 교양/문화",https://www.bookseed.kr/program/lecture/e2b5fc70-7f3f-11f0-a027-1cce51281be1,
위즈덤하우스,"이수용 (지은이), 김도아 (그림)",6분 소설가 하준수 2 : 매운맛,어린이(고학년),비대면,"일반 강연 writing, career",https://www.bookseed.kr/program/lecture/e2b5f903-7f3f-11f0-a027-1cce51281be1,
마루비,은경,<어린이 만세!> :친구들과 함께 외치고 싶은 말은 무엇인가요?(100년 전 어린이들은 무엇을 하며 놀았을까요?),어린이(고학년),대면/미정,"일반 강연 문학, 사회",https://www.bookseed.kr/program/lecture/e2b5a1f3-7f3f-11f0-a027-1cce51281be1,
고래책빵,박상희,<옥매산 쇠말뚝> 박상희 작가와의 만남,어린이(고학년),대면/미정,"일반 강연 인문, 사회",https://www.bookseed.kr/program/lecture/e2b58d54-7f3f-11f0-a027-1cce51281be1,
청개구리,박상희,<돌탑이 된 사람들> 박상희 작가와의 만남,어린이(고학년),대면/미정,"일반 강연 인문, creative",https://www.bookseed.kr/program/lecture/e2b588d7-7f3f-11f0-a027-1cce51281be1,
별숲,김온,《연두 안에 보라》 김온 작가와의 만남 :사랑하는 이와 이별하는 방법,어린이(고학년),비대면,"활동/워크숍 문학, 기타",https://www.bookseed.kr/program/lecture/e2b50cc2-7f3f-11f0-a027-1cce51281be1,
다른,지호진,<우리가 간다 인천> 지호진 작가와의 만남,어린이(고학년),대면/미정,"일반 강연 인문, 기타",https://www.bookseed.kr/program/lecture/e2b4997b-7f3f-11f0-a027-1cce51281be1,
밝은미래,강담마,<쥐들 G들> 강담마 작가와의 만남 :생명 존중과 공존의 가치,어린이(고학년),대면/미정,"일반 강연 문학, 기타",https://www.bookseed.kr/program/lecture/e2b3fed5-7f3f-11f0-a027-1cce51281be1,
이지북,박현숙,<지금도 늦지 않았어 고마워> :꼭꼭 숨은 내 진짜 마음을 드러내는 방법,어린이(고학년),대면/미정,"일반 강연 문학, writing",https://www.bookseed.kr/program/lecture/e2b36cfc-7f3f-11f0-a027-1cce51281be1,
이지북,박현숙,"<지금도 늦지 않았어 미안해> :아무리 빨리해도 너무 늦은 말, 미안해",어린이(고학년),대면/미정,"일반 강연 creative, 문학",https://www.bookseed.kr/program/lecture/e2b366e1-7f3f-11f0-a027-1cce51281be1,
이지북,박현숙,"<지금도 늦지 않았어 사랑해> :말하지 않으면 결코 모르는 말, 사랑해",어린이(고학년),대면/미정,"일반 강연 문학, career",https://www.bookseed.kr/program/lecture/e2b361df-7f3f-11f0-a027-1cce51281be1,
노란상상,소연,<느티나무의 기억>을 통해 기억의 중요성 알기,어린이(고학년),대면/미정,"일반 강연 기타, 문학",https://www.bookseed.kr/program/lecture/e2b2fc93-7f3f-11f0-a027-1cce51281be1,
다섯수레,석혜원,<좀비들의 유쾌한 세계 경제사 탐험> :경제는 어떻게 발전하고 변화해 온 걸까?,어린이(고학년),대면/미정,"일반 강연 사회, 교양/문화",https://www.bookseed.kr/program/lecture/e2b2d232-7f3f-11f0-a027-1cce51281be1,
다섯수레,석혜원,<주식회사 6학년 2반> :내가 회사를 운영하게 된다면?!,어린이(고학년),대면/미정,"일반 강연 사회, career",https://www.bookseed.kr/program/lecture/e2b2cefd-7f3f-11f0-a027-1cce51281be1,https://search1.kakaocdn.net/thumb/R120x174.q85/?fname=http%3A%2F%2Ft1.daumcdn.net%2Flbook%2Fimage%2F5465141%3Ftimestamp%3D20250916134352
주니어김영사,최소혜,「초능력 탐정단」시리즈 최소혜 작가와의 만남,어린이(고학년),대면/미정,"일반 강연 문학, creative",https://www.bookseed.kr/program/lecture/e2b2ccb9-7f3f-11f0-a027-1cce51281be1,
다산어린이,탁정은,<서브> 탁정은 작가와의 만남,어린이(고학년),대면/미정,일반 강연 문학,https://www.bookseed.kr/program/lecture/e2b2c29d-7f3f-11f0-a027-1cce51281be1,
비룡소,"차율이 (지은이), 샤토 (그림)",<미지의 파랑 1> 차율이 작가와의 만남,어린이(고학년),비대면,"일반 강연 문학, creative",https://www.bookseed.kr/program/lecture/e2b264fa-7f3f-11f0-a027-1cce51281be1,
내일을 여는 책,박현아,<상처사진기 나혼네컷> :내 상처를 곰곰히 들여다 보는 공간에 오신 걸 환영합니다.,어린이(고학년),비대면,"일반 강연 문학, 인문",https://www.bookseed.kr/program/lecture/e2b16ca6-7f3f-11f0-a027-1cce51281be1,
우리학교,백혜영,<스으읍 스읍 잠 먹는 귀신> 백혜영 작가와의 만남,어린이(고학년),대면/미정,"일반 강연 문학, creative",https://www.bookseed.kr/program/lecture/e2b15c90-7f3f-11f0-a027-1cce51281be1,
우리학교,김세진,<즐거운 토끼 님이 채팅방에 입장했습니다> :현직 교사 이자 디지털 미디어 교육 전문가가 알려주는 안전하고 슬기로운 온라인 채팅 생활,어린이(고학년),대면/미정,일반 강연 기타,https://www.bookseed.kr/program/lecture/e2b1560d-7f3f-11f0-a027-1cce51281be1,
우리학교,이유리,"＜왜 유명한 거야, 이 그림? : 한국 미술＞ 이유리 미술 칼럼니스트와의 만남",어린이(고학년),대면/미정,"일반 강연 art, 교양/문화",https://www.bookseed.kr/program/lecture/e2b15282-7f3f-11f0-a027-1cce51281be1,
보랏빛소,신은영,<색깔을 훔치는 아이> :올바른 가치에 대해 생각하기,어린이(고학년),대면/미정,"일반 강연 문학, creative",https://www.bookseed.kr/program/lecture/e2b12fc7-7f3f-11f0-a027-1cce51281be1,
우리학교,이귤희,<가짜 가족> 이귤희 동화작가와의 만남,어린이(고학년),대면/미정,"일반 강연 문학, creative",https://www.bookseed.kr/program/lecture/e2b0b061-7f3f-11f0-a027-1cce51281be1,
우리학교,어윤정,<빅뱅 마켓> 어윤정 작가와의 만남,어린이(고학년),대면/미정,"일반 강연 문학, creative",https://www.bookseed.kr/program/lecture/e2b0a8a7-7f3f-11f0-a027-1cce51281be1,
우리학교,은경,"<검은 소, 깜산> 은경 동화작가와의 만남",어린이(고학년),대면/미정,"일반 강연 문학, creative",https://www.bookseed.kr/program/lecture/e2b0a1c3-7f3f-11f0-a027-1cce51281be1,
열림원어린이,김경은,『숙주인간 천승주』네 안에 사는 ZERO를 만나 봐!,어린이(고학년),대면/미정,"일반 강연 문학, writing",https://www.bookseed.kr/program/lecture/e2b07afb-7f3f-11f0-a027-1cce51281be1,
파랑새,이규희,"『사도세자의 눈물』역사동화의 여왕, 이규희 작가가 돌아왔다!",어린이(고학년),대면/미정,"일반 강연 문학, writing",https://www.bookseed.kr/program/lecture/e2b0773d-7f3f-11f0-a027-1cce51281be1,
머핀북,안지은,"<반려 돼지 구진심의 특별한 동물 상담> 안지은 작가와의 만남 :동물의 행복과 권리, 생명 존중 이야기",어린이(고학년),대면/미정,"일반 강연 사회, 문학",https://www.bookseed.kr/program/lecture/e2b04980-7f3f-11f0-a027-1cce51281be1,
우리학교,오승현,<지피지기 챗GPT> :십 대를 위한 챗GPT의 모든 것,어린이(고학년),대면/미정,"일반 강연 교양/문화, 기타",https://www.bookseed.kr/program/lecture/e2b00880-7f3f-11f0-a027-1cce51281be1,
리틀씨앤톡,하영희,<교실에서 찾은 법 이야기> 하영희 작가와의 만남,어린이(고학년),비대면,"일반 강연 교양/문화, 기타",https://www.bookseed.kr/program/lecture/e2afbe11-7f3f-11f0-a027-1cce51281be1,
열림원어린이,이경아,『천왕성에서 유턴』이경아 작가와 만드는 우리만의 유니버스,어린이(고학년),대면/미정,"일반 강연 문학, writing",https://www.bookseed.kr/program/lecture/e2af9757-7f3f-11f0-a027-1cce51281be1,
열림원어린이,서윤빈,『장난기』서윤빈 SF작가와의 코딩 같은 만남,어린이(고학년),비대면,"others 문학, writing",https://www.bookseed.kr/program/lecture/e2af86b8-7f3f-11f0-a027-1cce51281be1,
별숲,유순희,"《축구공을 누가 찼을까》유순희 작가 : 축구와 인생의 닮은 점을 찾아보고, 의미있는 인생을 어떻게 살아갈 것인가 생각해보기",어린이(고학년),비대면,"일반 강연 문학, creative",https://www.bookseed.kr/program/lecture/e2ae4499-7f3f-11f0-a027-1cce51281be1,
이지북,고수진,<은하수꽃> :인간의 욕심으로 망가진 지구에 싱그러운 초록빛을 되찾기 위한 모험!,어린이(고학년),대면/미정,"일반 강연 문학, 기타",https://www.bookseed.kr/program/lecture/e2adede1-7f3f-11f0-a027-1cce51281be1,
다산어린이,김영주,<루미너스 오늘부터 데뷔합니다> 김영주 작가와의 만남,어린이(고학년),비대면,"일반 강연 career, 문학",https://www.bookseed.kr/program/lecture/e2adb704-7f3f-11f0-a027-1cce51281be1,
인문산책,이향우,<한양도성과 경복궁> :초등학생을 위한 한양도성과 경복궁,어린이(고학년),대면/미정,"일반 강연 기타, 사회",https://www.bookseed.kr/program/lecture/e2ad1a89-7f3f-11f0-a027-1cce51281be1,
한울림어린이(한울림),채상우 (지은이),"《고릴라와 파랑새》 _ 사춘기, 나를 찾고 성장하는 시간",어린이(고학년),비대면,"일반 강연 그림책, 문학",https://www.bookseed.kr/program/lecture/e2acfd22-7f3f-11f0-a027-1cce51281be1,
서사원,임정민,<똑 부러지게 내 생각을 전하는 쓰기 연습> 임정민 작가와의 만남,어린이(고학년),대면/미정,"일반 강연 교양/문화, 인문",https://www.bookseed.kr/program/lecture/e2aced12-7f3f-11f0-a027-1cce51281be1,
노란상상,김예원,<주머니 쏙! 인권> :인권 변호사 김예원 선생님과 함께 주머니에서 쏙 꺼내어 읽는 인권 이야기!,어린이(고학년),비대면,"일반 강연 사회, 교양/문화",https://www.bookseed.kr/program/lecture/e2acd09b-7f3f-11f0-a027-1cce51281be1,
국민서관,이현아,<하늘고래의 노래> :외로운 이들의 연대와 성장 이현아 작가와의 만남,어린이(고학년),비대면,"일반 강연 기타, writing",https://www.bookseed.kr/program/lecture/e2acb14b-7f3f-11f0-a027-1cce51281be1,
다정한시민,김지숙,<동물의 행복이 너무 멀어> :한겨레신문 애니멀피플 김지숙 기자와 함께하는 동물 사랑,어린이(고학년),대면/미정,"일반 강연 사회, 교양/문화",https://www.bookseed.kr/program/lecture/e2abe20c-7f3f-11f0-a027-1cce51281be1,
푸른숲주니어,한윤섭,<숲속 가든> 한윤섭 작가와의 만남,어린이(고학년),대면/미정,"일반 강연 문학, 기타",https://www.bookseed.kr/program/lecture/e2abb34c-7f3f-11f0-a027-1cce51281be1,
서유재,이병승,<비밀 정원의 기적> :기후변화와 우리,어린이(고학년),대면/미정,"일반 강연 문학, 사회",https://www.bookseed.kr/program/lecture/e2ab2255-7f3f-11f0-a027-1cce51281be1,
창비,포푸라기,『새처럼』:새처럼 날개를 펼쳐 보아요,어린이(고학년),비대면,"일반 강연 문학, art",https://www.bookseed.kr/program/lecture/e2aa8c95-7f3f-11f0-a027-1cce51281be1,
도서출판 풀빛,석혜원,"<공유경제가 뭐예요?> :사지 마세요, 빌려 쓰세요! 지구를 살리는 현명한 소비 공유 경제에 대해 알아보아요!",어린이(고학년),대면/미정,"일반 강연 사회, 기타",https://www.bookseed.kr/program/lecture/e2aa7bd9-7f3f-11f0-a027-1cce51281be1,
도서출판 풀빛,김영숙,<제주가 굼굼하우꽈?> :들을수록 더 굼굼해지는 제주가 품은 놀라운 이야기들,어린이(고학년),대면/미정,"일반 강연 사회, 기타",https://www.bookseed.kr/program/lecture/e2aa781c-7f3f-11f0-a027-1cce51281be1,
도서출판 풀빛,이은정,"<독립운동가,난민이 되다> :난민이 된 독립운동가들의 이야기",어린이(고학년),대면/미정,일반 강연 기타,https://www.bookseed.kr/program/lecture/e2aa74b2-7f3f-11f0-a027-1cce51281be1,
도서출판 풀빛,장성익,<제로 웨이스트가 뭐예요?> :‘5R’과 ‘비헹분섞’으로 실천하는 제로 웨이스트가 궁금하다면?,어린이(고학년),대면/미정,일반 강연 기타,https://www.bookseed.kr/program/lecture/e2aa6f39-7f3f-11f0-a027-1cce51281be1,
보리,공수경,<꿀꺽 쓰레기통> :내 마음을 바르게 지켜요,어린이(고학년),비대면,일반 강연 문학,https://www.bookseed.kr/program/lecture/e2a9f9f7-7f3f-11f0-a027-1cce51281be1,
서사원,황현하,<열 살 내 꿈이 궁금해!> 황현하 작가와의 만남,어린이(고학년),대면/미정,"일반 강연 career, 교양/문화",https://www.bookseed.kr/program/lecture/e2a97383-7f3f-11f0-a027-1cce51281be1,
한림출판사,민경혜,<눈물 쏙 매운 떡볶이> :소통과 자존감 이야기,어린이(고학년),대면/미정,"일반 강연 문학, 기타",https://www.bookseed.kr/program/lecture/e2a94ce5-7f3f-11f0-a027-1cce51281be1,
밝은미래,류미정,<생일엔 마라탕 4> : 마라탕과 함께 하는 재밌는 글쓰기,어린이(고학년),대면/미정,"활동/워크숍 writing, 문학",https://www.bookseed.kr/program/lecture/e2a94728-7f3f-11f0-a027-1cce51281be1,
머스트비,이여주,<저어새 엄마> :날아라! 저어새 엄마! 날아라! 내 꿈!,어린이(고학년),대면/미정,"일반 강연 문학, career",https://www.bookseed.kr/program/lecture/e2a8ce76-7f3f-11f0-a027-1cce51281be1,
한울림어린이,남지민,《아무도 지지 않는 카드 게임》 :경쟁이 아닌 모두가 즐거운 게임 만들기 활동,어린이(고학년),대면/미정,"일반 강연 문학, creative",https://www.bookseed.kr/program/lecture/e2a8b597-7f3f-11f0-a027-1cce51281be1,
한권의책,이성희,<숫자로 알아보는 환경 과학 이야기> 이성희 작가와의 만남,어린이(고학년),대면/미정,"일반 강연 사회, 기타",https://www.bookseed.kr/program/lecture/e2a89baf-7f3f-11f0-a027-1cce51281be1,
한권의책,이성희,<못난이 채소 크롬꼬머> 이성희 작가와의 만남,어린이(고학년),대면/미정,"일반 강연 사회, 기타",https://www.bookseed.kr/program/lecture/e2a897a8-7f3f-11f0-a027-1cce51281be1,
봄개울,윤미경,<특별한 학교의 최우수 선생님> :특별한 선생님과 아이들이 꿈꾸는 특별한 평화,어린이(고학년),대면/미정,"일반 강연 문학, writing",https://www.bookseed.kr/program/lecture/e2a87b83-7f3f-11f0-a027-1cce51281be1,
다산스마트에듀,심선민,<차원의 골드랜드 1 차원의 문을 건너다> :창의적 사고 여행,어린이(고학년),대면/미정,"일반 강연 문학, 교양/문화",https://www.bookseed.kr/program/lecture/e2a7f884-7f3f-11f0-a027-1cce51281be1,
한울림어린이,안오일,《여순에 핀 빨간 봉선화》:기억하지 않는 역사는 되풀이된다(그림책으로 만나는 여순항쟁),어린이(고학년),대면/미정,"일반 강연 문학, 사회",https://www.bookseed.kr/program/lecture/e2a7d7c0-7f3f-11f0-a027-1cce51281be1,
월천상회,조경숙,『내가 섬이었을 때』사람과 사람의 관계 이야기 '오늘도 우리는 다리를 놓아갑니다.',어린이(고학년),대면/미정,"일반 강연 문학, 인문",https://www.bookseed.kr/program/lecture/e2a76b53-7f3f-11f0-a027-1cce51281be1,
한울림어린이(한울림),"정란희 (지은이), 양상용 (그림)",《사할린 아리랑》 _ 잊지 말아야 할 일제강점기 우리의 아픈 역사,어린이(고학년),비대면,"일반 강연 문학, 사회",https://www.bookseed.kr/program/lecture/e2a763f3-7f3f-11f0-a027-1cce51281be1,
한울림어린이,김미승,《다랑쉬굴 아이》:폭력은 절대 안 돼요! (제주 4‧3 항쟁 이야기),어린이(고학년),대면/미정,"일반 강연 문학, 인문",https://www.bookseed.kr/program/lecture/e2a74169-7f3f-11f0-a027-1cce51281be1,
한울림어린이(한울림),오이어 (지은이),《곱슬도치 아저씨의 달콤한 친절》 _ 건강한 경계를 알고 스스로 자신을 보호하는 법,어린이(고학년),비대면,"일반 강연 문학, 사회",https://www.bookseed.kr/program/lecture/e2a6ff4a-7f3f-11f0-a027-1cce51281be1,
한울림어린이(한울림),"박혜선 (지은이), 임효영 (그림)",《바다가 검은 기름으로 덮인 날》 _ 태안 앞바다 기름유출 사고 그리고 생태시민,어린이(고학년),대면/미정,"일반 강연 기타, 교양/문화",https://www.bookseed.kr/program/lecture/e2a6e671-7f3f-11f0-a027-1cce51281be1,
웅진주니어,김해우,<새빨간 구슬> 김해우 작가와의 만남 :우리 가족은 내가 시킨다!,어린이(고학년),비대면,"일반 강연 문학, 인문",https://www.bookseed.kr/program/lecture/e2a6a261-7f3f-11f0-a027-1cce51281be1,
한울림어린이(한울림),"박혜선 (지은이), 정인성, 천복주 (그림)",《푸른 비단옷을 입은 책》 _ 프랑스에 약탈당한 조선 어람용 의궤 이야기를 통해 우리 문화재의 소중함을 알아보아요,어린이(고학년),대면/미정,"일반 강연 기타, 문학",https://www.bookseed.kr/program/lecture/e2a68e6c-7f3f-11f0-a027-1cce51281be1,
푸른책들,김해우,"<일곱 발, 열아홉 발> 김해우 작가와의 만남 :사랑과 양보, 그리고 꿈",어린이(고학년),비대면,"일반 강연 문학, 인문",https://www.bookseed.kr/program/lecture/e2a6833d-7f3f-11f0-a027-1cce51281be1,
이지북,박미연,<시간 고양이 6: 깨어난 북극 바이러스> :녹아내린 영구동토층과 좀비바이러스,어린이(고학년),대면/미정,"일반 강연 문학, 기타",https://www.bookseed.kr/program/lecture/e2a651b6-7f3f-11f0-a027-1cce51281be1,
낮은산,하은경,<백산의 책> 하은경 작가와의 만남,어린이(고학년),비대면,"일반 강연 문학, 인문",https://www.bookseed.kr/program/lecture/e2a631d8-7f3f-11f0-a027-1cce51281be1,
서사원,임정민,<똑 부러지게 내 감정을 전하는 말하기 연습> 임정민 작가와의 만남,어린이(고학년),대면/미정,"일반 강연 교양/문화, 기타",https://www.bookseed.kr/program/lecture/e2a60e92-7f3f-11f0-a027-1cce51281be1,
다산어린이,박현숙,<절교의 여왕> 박현숙 작가와의 만남,어린이(고학년),비대면,"일반 강연 문학, creative",https://www.bookseed.kr/program/lecture/e2a5ba28-7f3f-11f0-a027-1cce51281be1,
바람의 아이들,이은영,<미루와 그림자> 이은영 작가와의 만남,어린이(고학년),대면/미정,"일반 강연 문학, art",https://www.bookseed.kr/program/lecture/e2a5350d-7f3f-11f0-a027-1cce51281be1,https://search1.kakaocdn.net/thumb/R120x174.q85/?fname=http%3A%2F%2Ft1.daumcdn.net%2Flbook%2Fimage%2F5794340%3Ftimestamp%3D20251016140521
찰리북 출판사,원유순,<카림은 유령이 아니야> 원유순 작가와의 만남 (난민과 함께 꿈꾸는 세상),어린이(고학년),비대면,"others 문학, writing",https://www.bookseed.kr/program/lecture/e2a51dfd-7f3f-11f0-a027-1cce51281be1,
밝은미래,이미성,<친구를 찾는 회색 연기> :지구가 찾는 좋은 친구 되기,어린이(고학년),대면/미정,"활동/워크숍 문학, 기타",https://www.bookseed.kr/program/lecture/e2a50516-7f3f-11f0-a027-1cce51281be1,
크레용하우스,전건우,<괴물 사용 설명서> :내면의 공존하는 선과 악,어린이(고학년),비대면,"일반 강연 문학, writing",https://www.bookseed.kr/program/lecture/e2a50177-7f3f-11f0-a027-1cce51281be1,
크레용하우스,김성진,<외계인 학교> :동화로 알아보는 이야기의 구성,어린이(고학년),비대면,"일반 강연 문학, writing",https://www.bookseed.kr/program/lecture/e2a4ff88-7f3f-11f0-a027-1cce51281be1,
크레용하우스,김성진,<초콜릿벌 초코비> :초코비의 위대한 도전을 통해 알아보는 공동체와 개인,어린이(고학년),비대면,"일반 강연 문학, writing",https://www.bookseed.kr/program/lecture/e2a4fd81-7f3f-11f0-a027-1cce51281be1,
크레용하우스,은상,<외로챗봇을 설치하겠습니까?> :인공 지능을 대하는 우리의 자세,어린이(고학년),비대면,"일반 강연 문학, 기타",https://www.bookseed.kr/program/lecture/e2a4fb83-7f3f-11f0-a027-1cce51281be1,
크레용하우스,박혜선,<떠나자! 그리스 원정대> :그리스로 떠나는 인문학 여행,어린이(고학년),비대면,"일반 강연 문학, 인문",https://www.bookseed.kr/program/lecture/e2a4ed58-7f3f-11f0-a027-1cce51281be1,
크레용하우스,제성은,<달빛 천사 구미호> :동화로 알아보는 아동 학대와 가정 폭력,어린이(고학년),비대면,"일반 강연 문학, 사회",https://www.bookseed.kr/program/lecture/e2a4e293-7f3f-11f0-a027-1cce51281be1,
크레용하우스,제성은,<4분의 기적> :동화로 배워 보는 심폐 소생술,어린이(고학년),비대면,"일반 강연 문학, 기타",https://www.bookseed.kr/program/lecture/e2a4ddfa-7f3f-11f0-a027-1cce51281be1,
크레용하우스,고정욱,<진실동 만행 박물관> :동화를 통해 일본과의 역사 바로알기,어린이(고학년),비대면,"일반 강연 문학, 사회",https://www.bookseed.kr/program/lecture/e2a4da12-7f3f-11f0-a027-1cce51281be1,
크레용하우스,고정욱,"<다산, 조선을 바꾸다> :다산 정약용의 창의융합적 삶과 지헤 엿보기",어린이(고학년),비대면,"일반 강연 문학, 교양/문화",https://www.bookseed.kr/program/lecture/e2a4d795-7f3f-11f0-a027-1cce51281be1,
크레용하우스,고정욱,<스마트폰 전쟁> :동화를 통해 알아보는 스마트폰 중독과 절제,어린이(고학년),비대면,"일반 강연 문학, 교양/문화",https://www.bookseed.kr/program/lecture/e2a4d4dc-7f3f-11f0-a027-1cce51281be1,
보랏빛소,김근혜,<들개들의 숲> 작가와의 만남 :동물권과 생명 존중,어린이(고학년),대면/미정,"활동/워크숍 사회, 문학",https://www.bookseed.kr/program/lecture/e2a4cc5a-7f3f-11f0-a027-1cce51281be1,
웅진주니어,"이향지 (지은이), 하민석 (그림)",꿀풍단의 비밀 - 제15회 웅진주니어 문학상 단편 부문 대상 수상작,어린이(고학년),비대면,"활동/워크숍 독서활동, 문학",https://www.bookseed.kr/program/lecture/e2a46622-7f3f-11f0-a027-1cce51281be1,
한솔수북,소연,<우리들의 마음 노트> :시작을 응원하는 마음,어린이(고학년),대면/미정,"일반 강연 문학, 기타",https://www.bookseed.kr/program/lecture/e2a449b5-7f3f-11f0-a027-1cce51281be1,
문학과지성사,김민경,<우리 동네에 놀러 올래?> 김민경 작가와의 만남 :다 같이 어울려 살아요!,어린이(고학년),비대면,"활동/워크숍 문학, 교양/문화",https://www.bookseed.kr/program/lecture/e2a4316b-7f3f-11f0-a027-1cce51281be1,https://search1.kakaocdn.net/thumb/R120x174.q85/?fname=http%3A%2F%2Ft1.daumcdn.net%2Flbook%2Fimage%2F495639%3Ftimestamp%3D20230406145913
소원나무,윤혜경,<요괴 수호자> :나다움의 수호자! 용기를 품고 세상을 밝히자!,어린이(고학년),대면/미정,"일반 강연 문학, 기타",https://www.bookseed.kr/program/lecture/e2a3b8f2-7f3f-11f0-a027-1cce51281be1,
마루비,지슬영,<사냥꾼 두실> :신석기 시대 어린이의 꿈과 도전!,어린이(고학년),대면/미정,"일반 강연 문학, 인문",https://www.bookseed.kr/program/lecture/e2a30f09-7f3f-11f0-a027-1cce51281be1,
마리북스,진정,<쉬워요 맞춤법!> 진정 작가와의 만남,어린이(고학년),비대면,"일반 강연 교양/문화, 기타",https://www.bookseed.kr/program/lecture/e2a2f0e8-7f3f-11f0-a027-1cce51281be1,
크레용하우스,고정욱,<유령 유실물 보관소> :고정욱 선생님과 함께 물건의 소중함을 느껴요!,어린이(고학년),비대면,"일반 강연 문학, 기타",https://www.bookseed.kr/program/lecture/e2a293e6-7f3f-11f0-a027-1cce51281be1,
샘터,소연,<루이치 인형> :나바호족을 통해 배우는 우정,어린이(고학년),대면/미정,"일반 강연 문학, 기타",https://www.bookseed.kr/program/lecture/e2a255d0-7f3f-11f0-a027-1cce51281be1,
별숲,김두를빛,《벽을 타는 생쥐 바타》김두를빛 작가 : 내가 만드는 삶의 의미,어린이(고학년),비대면,"일반 강연 문학, 기타",https://www.bookseed.kr/program/lecture/e2a19b10-7f3f-11f0-a027-1cce51281be1,
보리,"이현아 (지은이), 오승민 (그림)","<소원을 들어 드립니다, 달떡연구소> 변하지 않는 가치와 관계",어린이(고학년),비대면,"일반 강연 writing, 기타",https://www.bookseed.kr/program/lecture/e2a0c38a-7f3f-11f0-a027-1cce51281be1,
노란돼지,박현아,<돈이 좋은 열한 살>과 함께하는 용돈관리의 기초,어린이(고학년),비대면,"일반 강연 사회, 교양/문화",https://www.bookseed.kr/program/lecture/e2a0a5b5-7f3f-11f0-a027-1cce51281be1,
비아에듀,최수일,자기주도적 초등수학 개념학습법 강의(최수일 박사),어린이(고학년),대면/미정,활동/워크숍 기타,https://www.bookseed.kr/program/lecture/e2a066bf-7f3f-11f0-a027-1cce51281be1,
월천상회,장혜련,<그네탈래>,어린이(고학년),대면/미정,"창작 creative, art",https://www.bookseed.kr/program/lecture/e2a04014-7f3f-11f0-a027-1cce51281be1,
비아에듀,이종관,<개념연결 초등 세계사 사전> :요즘 아이들을 위한 최소한의 세계사 이종관 선생님과의 만남,어린이(고학년),대면/미정,"일반 강연 사회, 인문",https://www.bookseed.kr/program/lecture/e2a0185f-7f3f-11f0-a027-1cce51281be1,
창비,혜원,『거기에서 만나』 혜원 작가와의 만남 (그림책이 된 산책),어린이(고학년),비대면,"일반 강연 art, 문학",https://www.bookseed.kr/program/lecture/e29fa5cf-7f3f-11f0-a027-1cce51281be1,
창비,진형민,진형민 작가의『왜왜왜 동아리』이야기,어린이(고학년),비대면,"일반 강연 문학, 기타",https://www.bookseed.kr/program/lecture/e29f9b15-7f3f-11f0-a027-1cce51281be1,https://search1.kakaocdn.net/thumb/R120x174.q85/?fname=http%3A%2F%2Ft1.daumcdn.net%2Flbook%2Fimage%2F6748574%3Ftimestamp%3D20260404125717
위즈덤하우스,이수용,『6분 소설가 하준수』나도 6분 만에 작가 되기,어린이(고학년),비대면,"일반 강연 writing, creative",https://www.bookseed.kr/program/lecture/e29e706a-7f3f-11f0-a027-1cce51281be1,
이지북,이재문,<마이 가디언> :나를 지킬 사람 바로 나,어린이(고학년),대면/미정,일반 강연 문학,https://www.bookseed.kr/program/lecture/e29df87f-7f3f-11f0-a027-1cce51281be1,
서사원,양영심,<초등 노트 정리> 양영심 작가와의 만남,어린이(고학년),대면/미정,"일반 강연 기타, 교양/문화",https://www.bookseed.kr/program/lecture/e29ce399-7f3f-11f0-a027-1cce51281be1,
문학동네,보린,<귀서각> :이야기 보따리에서 나온 한국의 귀신들,어린이(고학년),대면/미정,"일반 강연 인문, 교양/문화",https://www.bookseed.kr/program/lecture/e29c3e17-7f3f-11f0-a027-1cce51281be1,
도서출판 키다리,주미경,<고백 타이밍> :너의 짝사랑을 환영해!,어린이(고학년),대면/미정,"일반 강연 문학, writing",https://www.bookseed.kr/program/lecture/e29c12c8-7f3f-11f0-a027-1cce51281be1,
그래도봄,박민경,<사람이 사는 미술관> :명화를 보며 인권을 배워요(어린이를 위한 인권 수업),어린이(고학년),대면/미정,"일반 강연 사회, 교양/문화",https://www.bookseed.kr/program/lecture/e29b7eb3-7f3f-11f0-a027-1cce51281be1,
이지북,고수진,"귀주대첩의 작은 영웅 <1019, 고려 아이들>",어린이(고학년),비대면,"일반 강연 기타, 문학",https://www.bookseed.kr/program/lecture/e29b4836-7f3f-11f0-a027-1cce51281be1,
별숲,주나무,《세상에서 가장 더러운 모험》주나무 작가 : 나만의 우주 만들기,어린이(고학년),비대면,"일반 강연 문학, 기타",https://www.bookseed.kr/program/lecture/e29a70a4-7f3f-11f0-a027-1cce51281be1,https://search1.kakaocdn.net/thumb/R120x174.q85/?fname=http%3A%2F%2Ft1.daumcdn.net%2Flbook%2Fimage%2F6722924%3Ftimestamp%3D20251105152147
크레용하우스,김해우,<요괴 도서관> 김해우 작가와의 만남 :소중한 생명,어린이(고학년),비대면,"일반 강연 문학, 인문",https://www.bookseed.kr/program/lecture/e299d168-7f3f-11f0-a027-1cce51281be1,
고래뱃속,손소영,<사막여행> 손소영 작가와의 만남:사막에서 펼쳐지는 우리들의 이야기,어린이(고학년),비대면,"활동/워크숍 문학, art",https://www.bookseed.kr/program/lecture/e299befd-7f3f-11f0-a027-1cce51281be1,
단비어린이,박지숙,탄생의 기적과 가족의 의미 <우리들의 히든스토리>,어린이(고학년),대면/미정,"일반 강연 문학, writing",https://www.bookseed.kr/program/lecture/e2996362-7f3f-11f0-a027-1cce51281be1,
크레용하우스,장혜련,<날다> : 마음이 날다,어린이(고학년),대면/미정,"창작 art, creative",https://www.bookseed.kr/program/lecture/e2995563-7f3f-11f0-a027-1cce51281be1,
팜파스,천윤정,"아빠 엄마와 함께 듣는 <가상현실, 메타버스 이야기>",어린이(고학년),대면/미정,"일반 강연 기타, 사회",https://www.bookseed.kr/program/lecture/e2990aa3-7f3f-11f0-a027-1cce51281be1,
마음이음,최혜련,내 책상 위의 비밀이 내 마음 속의 이야기로 <내 책상 위의 비밀>,어린이(고학년),비대면,"일반 강연 문학, writing",https://www.bookseed.kr/program/lecture/e298fdf1-7f3f-11f0-a027-1cce51281be1,
도서출판 풀빛,연유진,<똑똑한 내가 위험하다고?> :슬기로운 디지털미디어 생활,어린이(고학년),대면/미정,일반 강연 기타,https://www.bookseed.kr/program/lecture/e298f517-7f3f-11f0-a027-1cce51281be1,
초록개구리,이정아,<학교에 멧돼지가 나타났다!> :재난을 겪으며 성장하는 아이들,어린이(고학년),비대면,"일반 강연 문학, creative",https://www.bookseed.kr/program/lecture/e298eff2-7f3f-11f0-a027-1cce51281be1,
초록개구리,최은영,<검은 바다가 밀려온다!> :안전한 환경을 만들고 지키려면?,어린이(고학년),비대면,"일반 강연 문학, creative",https://www.bookseed.kr/program/lecture/e298e30d-7f3f-11f0-a027-1cce51281be1,
도서출판 다림,김성호,인간의 역사는 화장실의 역사! <똥 묻은 세계사>,어린이(고학년),대면/미정,"일반 강연 인문, 교양/문화",https://www.bookseed.kr/program/lecture/e297f351-7f3f-11f0-a027-1cce51281be1,
서사원,전병규,<단단한 문해력> 전병규 작가와의 만남,어린이(고학년),대면/미정,"일반 강연 writing, 교양/문화",https://www.bookseed.kr/program/lecture/e2979109-7f3f-11f0-a027-1cce51281be1,
밝은미래,류미정,<생일엔 마라탕 3> 작가 강연: 일기를 잘 쓰는 마법 비법,어린이(고학년),대면/미정,"활동/워크숍 writing, 문학",https://www.bookseed.kr/program/lecture/e296a697-7f3f-11f0-a027-1cce51281be1,
단비어린이,유영주,일본에 두부 만드는 법을 전해준 조선 소년 이야기,어린이(고학년),비대면,"일반 강연 문학, writing",https://www.bookseed.kr/program/lecture/e296700e-7f3f-11f0-a027-1cce51281be1,
크레용하우스,김해우,<표절 교실> 김해우 작가와의 만남 :저작권과 양심,어린이(고학년),비대면,"일반 강연 문학, creative",https://www.bookseed.kr/program/lecture/e296256e-7f3f-11f0-a027-1cce51281be1,
바람의아이들,김해우,<내가 진짜 기자야> 김해우 작가와의 만남 :미디어의 역할과 책임,어린이(고학년),비대면,"일반 강연 문학, creative",https://www.bookseed.kr/program/lecture/e296034a-7f3f-11f0-a027-1cce51281be1,
함께자람(교학사),김해우,<뒷간 지키는 아이> 김해우 작가와의 만남,어린이(고학년),비대면,"일반 강연 문학, creative",https://www.bookseed.kr/program/lecture/e2950b46-7f3f-11f0-a027-1cce51281be1,https://search1.kakaocdn.net/thumb/R120x174.q85/?fname=http%3A%2F%2Ft1.daumcdn.net%2Flbook%2Fimage%2F376069%3Ftimestamp%3D20260605110755
도서출판 다림,박세랑,"겉바속촉 하루 한 입, 일기의 세계",어린이(고학년),대면/미정,"창작 writing, 기타",https://www.bookseed.kr/program/lecture/e2946f10-7f3f-11f0-a027-1cce51281be1,
도서출판 다림,박세랑,단짠단짠 맛있는 동시의 세계,어린이(고학년),대면/미정,"창작 creative, writing",https://www.bookseed.kr/program/lecture/e2946cf2-7f3f-11f0-a027-1cce51281be1,
우리학교,이나영,『별점 반장 나우주』 이나영 작가와 온 우주만큼 특별한 우리를 만나는 시간,어린이(고학년),비대면,"일반 강연 문학, 기타",https://www.bookseed.kr/program/lecture/e2945862-7f3f-11f0-a027-1cce51281be1,
소원나무,양승현,<4학년 4춘기> 양승현 작가,어린이(고학년),대면/미정,일반 강연 문학,https://www.bookseed.kr/program/lecture/e294287c-7f3f-11f0-a027-1cce51281be1,
잇츠북어린이,임근희,"<귓속말 NO, 뒷담화 NO>",어린이(고학년),비대면,"일반 강연 문학, creative",https://www.bookseed.kr/program/lecture/e293db1b-7f3f-11f0-a027-1cce51281be1,
한솔수북,임수정,칙칙 폭폭~~ 그리운 감정 찾으러 추억 여행을 떠나요~~~,어린이(고학년),대면/미정,"일반 강연 문학, art",https://www.bookseed.kr/program/lecture/e2936b29-7f3f-11f0-a027-1cce51281be1,
주니어김영사,"김미애 (지은이), 김민준 (그림)",<무적 수첩> 김미애 작가와의 만남,어린이(고학년),비대면,"활동/워크숍 문학, 교과",https://www.bookseed.kr/program/lecture/e29243e4-7f3f-11f0-a027-1cce51281be1,
이지북,이규희,용강하고 정의로운 라이브 방송 이야기 <정의의 라방>,어린이(고학년),대면/미정,일반 강연 문학,https://www.bookseed.kr/program/lecture/e2911ae2-7f3f-11f0-a027-1cce51281be1,
고래책빵,정혜원,<우리들의 치악산 학교> :인간과 동물이 같이 학교에 다니면 생기는 일,어린이(고학년),비대면,"일반 강연 문학, 인문",https://www.bookseed.kr/program/lecture/e2909a20-7f3f-11f0-a027-1cce51281be1,
크레용하우스,최명서,최명서 작가와 함께 동화책 낭독극,어린이(고학년),대면/미정,"일반 강연 문학, art",https://www.bookseed.kr/program/lecture/e2904e14-7f3f-11f0-a027-1cce51281be1,
서유재,백혜진,[글자 없는 편지]역사동화로 본 일제강점기,어린이(고학년),대면/미정,"일반 강연 문학, 사회",https://www.bookseed.kr/program/lecture/e29043a6-7f3f-11f0-a027-1cce51281be1,
서유재,박현숙,[뻔뻔한 약속]말 한마디의 힘,어린이(고학년),대면/미정,"일반 강연 문학, 교양/문화",https://www.bookseed.kr/program/lecture/e28ffe25-7f3f-11f0-a027-1cce51281be1,
빨간콩,김바다 글,우주의 여행자 쌍둥이보이저호 만나기!,어린이(고학년),대면/미정,"일반 강연 문학, 기타",https://www.bookseed.kr/program/lecture/e28f74f9-7f3f-11f0-a027-1cce51281be1,
그린애플,"박현정 (지은이), 이영주 (그림)",설탕으로 만든 집,어린이(고학년),비대면,"일반 강연 문학, 인문",https://www.bookseed.kr/program/lecture/e28f28db-7f3f-11f0-a027-1cce51281be1,
대교북스주니어,공수경,<혹부리 영감이 도깨비를 고소했대> : 편견과 차별에 대하여,어린이(고학년),비대면,일반 강연 문학,https://www.bookseed.kr/program/lecture/e28ec0b8-7f3f-11f0-a027-1cce51281be1,
리틀씨앤톡,강미숙,우리 모두 다문화! <한국에서 찾은 다문화 이야기>,어린이(고학년),비대면,"일반 강연 교양/문화, 기타",https://www.bookseed.kr/program/lecture/e28e726f-7f3f-11f0-a027-1cce51281be1,
책읽는곰,곽영미,"들개왕, 나와 우리들의 세계",어린이(고학년),비대면,"일반 강연 문학, 인문",https://www.bookseed.kr/program/lecture/e28e61bb-7f3f-11f0-a027-1cce51281be1,
라임,김혜정,<시간 유전자> : 삶에서 중요한 가치는 무엇일까?,어린이(고학년),대면/미정,"일반 강연 문학, 기타",https://www.bookseed.kr/program/lecture/e28d6025-7f3f-11f0-a027-1cce51281be1,
샘터사,"최인정 (지은이), 클로이 (그림)",열세 살의 트라이앵글 - 제13회 정채봉 문학상 대상 수상작,어린이(고학년),비대면,"일반 강연 문학, creative",https://www.bookseed.kr/program/lecture/e28d2227-7f3f-11f0-a027-1cce51281be1,
문학과지성사,김지완,<아일랜드> 김지완 작가와의 만남,어린이(고학년),비대면,"일반 강연 문학, creative",https://www.bookseed.kr/program/lecture/e28ced8f-7f3f-11f0-a027-1cce51281be1,
이지북,우설리,싸움 대신 협력을 선택해 우정과 연대의 힘을 보여 주는 SF 환경동화 <아가미 소년>,어린이(고학년),대면/미정,일반 강연 문학,https://www.bookseed.kr/program/lecture/e28c9164-7f3f-11f0-a027-1cce51281be1,
리틀씨앤톡,임근희,<누군가를 위해 달리고 달리는 마음>,어린이(고학년),비대면,"일반 강연 문학, creative",https://www.bookseed.kr/program/lecture/e28c312c-7f3f-11f0-a027-1cce51281be1,
단비 어린이,임근희,<공포보다 감동을 전하는 귀신 이야기>,어린이(고학년),비대면,"일반 강연 문학, creative",https://www.bookseed.kr/program/lecture/e28c1355-7f3f-11f0-a027-1cce51281be1,
단비어린이,임근희,<소원을 말해봐!>,어린이(고학년),비대면,"일반 강연 문학, creative",https://www.bookseed.kr/program/lecture/e28ae09c-7f3f-11f0-a027-1cce51281be1,
책읽는곰,임근희,<서툴지만 오늘도 최선을 다하는 다섯 초짜의 이야기>,어린이(고학년),비대면,"일반 강연 문학, creative",https://www.bookseed.kr/program/lecture/e28aa793-7f3f-11f0-a027-1cce51281be1,
책읽는곰,임근희,<여러분의 양심은 안녕한가요?>,어린이(고학년),비대면,"일반 강연 문학, creative",https://www.bookseed.kr/program/lecture/e28a8790-7f3f-11f0-a027-1cce51281be1,
책읽는곰,임근희,"<나의 재능은? 그 재능 지킬까요, 교환할까요?>",어린이(고학년),비대면,"일반 강연 문학, creative",https://www.bookseed.kr/program/lecture/e28a6f96-7f3f-11f0-a027-1cce51281be1,
서사원,강미선,고양이 수학 B,어린이(고학년),대면/미정,일반 강연 기타,https://www.bookseed.kr/program/lecture/e289e1d3-7f3f-11f0-a027-1cce51281be1,
이지북,우신영,어린이가 처한 현실과 아픔을 어루만지는 판타지 동화! <맨홀에 빠진 앨리스>,어린이(고학년),대면/미정,일반 강연 문학,https://www.bookseed.kr/program/lecture/e2895394-7f3f-11f0-a027-1cce51281be1,
리틀씨앤톡,김미현,음식에서 찾은 공정한 경제이야기,어린이(고학년),비대면,"bookplay 기타, creative",https://www.bookseed.kr/program/lecture/e288d9bb-7f3f-11f0-a027-1cce51281be1,
리틀씨앤톡,김미현,SNS에서 찾은 연대이야기,어린이(고학년),비대면,"bookplay 기타, creative",https://www.bookseed.kr/program/lecture/e288d763-7f3f-11f0-a027-1cce51281be1,
올리출판사,김미현,아보카도가 사막을 만든다고?,어린이(고학년),비대면,"bookplay 기타, creative",https://www.bookseed.kr/program/lecture/e288d4fe-7f3f-11f0-a027-1cce51281be1,
리틀씨앤톡,김미현,세계마을에서 찾은 공동체 이야기,어린이(고학년),비대면,"bookplay 기타, creative",https://www.bookseed.kr/program/lecture/e288d2cb-7f3f-11f0-a027-1cce51281be1,
도서출판 다림,오승현,"<선을 넘는 세계사>와 국경, 세계 이야기",어린이(고학년),대면/미정,"일반 강연 인문, 교양/문화",https://www.bookseed.kr/program/lecture/e287dd79-7f3f-11f0-a027-1cce51281be1,
바우솔,장성자,팬마와 춤추면 행복이 커져!,어린이(고학년),대면/미정,"일반 강연 문학, creative",https://www.bookseed.kr/program/lecture/e2873c0c-7f3f-11f0-a027-1cce51281be1,
이지북,김진원,플라스틱 인간의 탄생 <호모 플라스티쿠스>,어린이(고학년),대면/미정,일반 강연 문학,https://www.bookseed.kr/program/lecture/e286d3ca-7f3f-11f0-a027-1cce51281be1,
이지북,정유리,가정 형태의 변화로 무기력한 아이들에게 건네는 응원 <레고 가족>,어린이(고학년),대면/미정,일반 강연 문학,https://www.bookseed.kr/program/lecture/e286cf51-7f3f-11f0-a027-1cce51281be1,
소원나무,신은영,<동생이 배송되었습니다> 신은영 작가,어린이(고학년),대면/미정,"일반 강연 문학, 기타",https://www.bookseed.kr/program/lecture/e286bbba-7f3f-11f0-a027-1cce51281be1,
서사원,박재찬,"초등 문해력 교과 어휘가 답! 사회,과학 1단계",어린이(고학년),대면/미정,"일반 강연 기타, 교양/문화",https://www.bookseed.kr/program/lecture/e28681e4-7f3f-11f0-a027-1cce51281be1,
이지북,임지형,마음에 상처가 가득한 아이를 위한 다정한 위로 <바퀴 달린 강아지와 초콜릿 상자>,어린이(고학년),대면/미정,일반 강연 문학,https://www.bookseed.kr/program/lecture/e2860999-7f3f-11f0-a027-1cce51281be1,
주니어RHK,"이시우, 서평화",『재밌게 걷자! 창덕궁·창경궁』작가와의 만남 #문화유산교육전문가 #한국사,어린이(고학년),대면/미정,"활동/워크숍 기타, 교양/문화",https://www.bookseed.kr/program/lecture/e284b4a2-7f3f-11f0-a027-1cce51281be1,
자음과모음,정윤선,깊숙이 다가갈수록 더 놀라운 우주 이야기! <엘리베이터를 타고 우주로 나가 볼까?>,어린이(고학년),대면/미정,일반 강연 기타,https://www.bookseed.kr/program/lecture/e284a06c-7f3f-11f0-a027-1cce51281be1,
썬더키즈,강미숙,"출동! 기후 위기 원정대(기후 위기 범인을 찾아라, 내 식탁을 지켜라)",어린이(고학년),대면/미정,"활동/워크숍 교양/문화, 기타",https://www.bookseed.kr/program/lecture/e2846e70-7f3f-11f0-a027-1cce51281be1,
한림출판사,"박그루 (지은이), 모예진 (그림)",어린이 서사 속 애도의 윤리 《사라진 연필깎이》,어린이(고학년),비대면,"일반 강연 인문, 문학",https://www.bookseed.kr/program/lecture/e2840d2b-7f3f-11f0-a027-1cce51281be1,
주니어RHK,"잠자, 히히","『잠자는 비밀을 얘기해』잠자, 히히 작가와의 만남",어린이(고학년),대면/미정,"활동/워크숍 문학, creative",https://www.bookseed.kr/program/lecture/e28136d9-7f3f-11f0-a027-1cce51281be1,
브와포레,서유진 글 그림,<네가 되는 꿈> 그림책 몸짓 1인극 공연,어린이(고학년),대면/미정,"others 문학, 기타",https://www.bookseed.kr/program/lecture/e28103b9-7f3f-11f0-a027-1cce51281be1,
밝은미래,백혜영,꿈을 걷는 소녀 - 기억과 공감이 필요한 이유,어린이(고학년),대면/미정,"일반 강연 문학, career",https://www.bookseed.kr/program/lecture/e280e6de-7f3f-11f0-a027-1cce51281be1,
별숲,조영서,<빨간 우산>으로 본 우정과 집착에 대하여,어린이(고학년),비대면,"일반 강연 문학, creative",https://www.bookseed.kr/program/lecture/e28063a9-7f3f-11f0-a027-1cce51281be1,
우리학교,조영서,<오홍홍홍 홍콩 할매3> 우리나라 전통 귀신 알아보기,어린이(고학년),비대면,"일반 강연 문학, 인문",https://www.bookseed.kr/program/lecture/e280104d-7f3f-11f0-a027-1cce51281be1,
주니어김영사,선시야,「기량 탐정 사무소」 시리즈 선시야 작가 강연회,어린이(고학년),대면/미정,"일반 강연 creative, 문학",https://www.bookseed.kr/program/lecture/e27f7ea0-7f3f-11f0-a027-1cce51281be1,
나무생각,유윤한,우리는 로봇과 친구가 될 수 있을까?,어린이(고학년),대면/미정,"일반 강연 기타, 교양/문화",https://www.bookseed.kr/program/lecture/e27f53f6-7f3f-11f0-a027-1cce51281be1,
나무생각,임지원,탄단-지 비! 무! 영양소는 우리 몸에서 어떤 일을 할까?,어린이(고학년),대면/미정,"일반 강연 기타, 교양/문화",https://www.bookseed.kr/program/lecture/e27f51b6-7f3f-11f0-a027-1cce51281be1,
단비어린이,백나영,"<두근두근 첫사랑> 두근거리는 우리들의 처음에 대하여, 편견과 차별을 이겨내고 지속하는 힘 기르기",어린이(고학년),대면/미정,"일반 강연 문학, career",https://www.bookseed.kr/program/lecture/e27f3d60-7f3f-11f0-a027-1cce51281be1,
이지북,박미연,수상한 아마존 마을에서 사라진 소년들을 구하고 위기에 처한 지구를 사수하라! <시간 고양이 5>,어린이(고학년),대면/미정,"일반 강연 문학, 기타",https://www.bookseed.kr/program/lecture/e27ef2b3-7f3f-11f0-a027-1cce51281be1,
길벗스쿨,박현경,『우리들의 여름 크리스마스』 박현경 작가와의 만남_건강한 소통과 행복한 꿈,어린이(고학년),비대면,"일반 강연 문학, career",https://www.bookseed.kr/program/lecture/e27ebd83-7f3f-11f0-a027-1cce51281be1,
푸른숲주니어,"김미애 (지은이), 이경석 (그림)",<미션온파서블> 김미애 작가와의 만남 :유기 동물을 구하라!,어린이(고학년),비대면,"활동/워크숍 문학, philosophy",https://www.bookseed.kr/program/lecture/e27e2e40-7f3f-11f0-a027-1cce51281be1,
이지북,박슬기,"나는 오늘도 내일도 진짜, 이루다 <진짜, 이루다 >",어린이(고학년),대면/미정,일반 강연 문학,https://www.bookseed.kr/program/lecture/e27d2fcc-7f3f-11f0-a027-1cce51281be1,
이지북,지슬영,어쩌면 우리가 머지않은 미래에 만나게 될 이웃 이야기 <꿈꾸는 로봇 마젠타>,어린이(고학년),대면/미정,일반 강연 문학,https://www.bookseed.kr/program/lecture/e27d0acd-7f3f-11f0-a027-1cce51281be1,
도서출판 풀빛,고수산나,동화로 배우는 역사이야기(6.25) 교과서 수록 작가와의 만남,어린이(고학년),대면/미정,"일반 강연 기타, creative",https://www.bookseed.kr/program/lecture/e27cf081-7f3f-11f0-a027-1cce51281be1,
이지북,김은영,"우리를 짓누르던 숙제가 사라졌다! <안녕, 걱정 인형 2: 숙제가 사라졌다>",어린이(고학년),대면/미정,"일반 강연 문학, 기타",https://www.bookseed.kr/program/lecture/e27bc3b6-7f3f-11f0-a027-1cce51281be1,
머핀북,안재욱,경희대 경제학과 안재욱 교수님이 들려주는 '어린이를 위한 돈과 경제 이야기',어린이(고학년),대면/미정,"일반 강연 사회, 기타",https://www.bookseed.kr/program/lecture/e27b6941-7f3f-11f0-a027-1cce51281be1,
풀빛,박지숙,아픈 역사도 기억해야 하는 이유-관동대지진 조선인 대학살 사건,어린이(고학년),비대면,"일반 강연 기타, 사회",https://www.bookseed.kr/program/lecture/e27b55a1-7f3f-11f0-a027-1cce51281be1,
자음과모음,정윤선,달이 세운 천문대는 우리에게 어떤 것을 보여 줄까? <달에 천문대를 세워 볼까?>,어린이(고학년),대면/미정,"일반 강연 기타, 교양/문화",https://www.bookseed.kr/program/lecture/e27b4b7d-7f3f-11f0-a027-1cce51281be1,
어린이 나무생각,안미란,"있지만 없는 존재, 투명한 아이. 나도 ‘투명한 아이’일까?",어린이(고학년),비대면,"일반 강연 문학, 인문",https://www.bookseed.kr/program/lecture/e27b3416-7f3f-11f0-a027-1cce51281be1,
라임,오선경,<정글 인 더 스쿨> : 정글보다 더 살벌한 ‘교실’ 이야기,어린이(고학년),비대면,"일반 강연 문학, 기타",https://www.bookseed.kr/program/lecture/e27af1db-7f3f-11f0-a027-1cce51281be1,
단비어린이문학,임서경,<충분히 존경받을 만해> 임서경 작가와의 만남,어린이(고학년),비대면,"일반 강연 문학, 교양/문화",https://www.bookseed.kr/program/lecture/e27a8a7a-7f3f-11f0-a027-1cce51281be1,
어린이 나무생각,안미란,나의 드라마는 내가 만들어 간다,어린이(고학년),비대면,"일반 강연 문학, career",https://www.bookseed.kr/program/lecture/e27a4ace-7f3f-11f0-a027-1cce51281be1,
서사원,차수현,구멍가게 CEO,어린이(고학년),대면/미정,"일반 강연 교양/문화, 기타",https://www.bookseed.kr/program/lecture/e27a3f68-7f3f-11f0-a027-1cce51281be1,
단비어린이,한영미,민주주의의 새싹을 키워보세요.,어린이(고학년),비대면,"일반 강연 문학, 인문",https://www.bookseed.kr/program/lecture/e27a06f6-7f3f-11f0-a027-1cce51281be1,
단비어린이,권지영,"우리 함께 지켜야 할 <비밀의 숲>은 어디에 있을까/ 동화로 보는 환경,생태 이야기",어린이(고학년),대면/미정,"일반 강연 기타, 문학",https://www.bookseed.kr/program/lecture/e279f8f8-7f3f-11f0-a027-1cce51281be1,
밝은미래,조호재,<나 혼자 우주 전쟁> 강연,어린이(고학년),대면/미정,"일반 강연 문학, writing",https://www.bookseed.kr/program/lecture/e279be0c-7f3f-11f0-a027-1cce51281be1,
밝은미래,류미정,생일엔 마라탕 2 강연 계획,어린이(고학년),대면/미정,"일반 강연 문학, writing",https://www.bookseed.kr/program/lecture/e279a7bf-7f3f-11f0-a027-1cce51281be1,
우리학교,김하은,우리는 지구를 지키는 요리사,어린이(고학년),비대면,"일반 강연 인문, 사회",https://www.bookseed.kr/program/lecture/e27984fe-7f3f-11f0-a027-1cce51281be1,
다정한시민,오찬호,오찬호 작가와 함께 차별 없는 세상으로!,어린이(고학년),대면/미정,"일반 강연 사회, 교양/문화",https://www.bookseed.kr/program/lecture/e27966b5-7f3f-11f0-a027-1cce51281be1,
도서출판 풀빛,박지숙,역사 동화로 만나는 그날 -13살 어린이의 눈에 비친 4·19 혁명의 뜨거운 순간,어린이(고학년),대면/미정,일반 강연 creative,https://www.bookseed.kr/program/lecture/e2790776-7f3f-11f0-a027-1cce51281be1,
키위북스,김미희,동물의 털을 빼앗지 말아요 <꼬리 여덟 개 잘린 구미호가 다녀갔어 _김미희 작가와 함께>,어린이(고학년),대면/미정,"일반 강연 문학, 사회",https://www.bookseed.kr/program/lecture/e278ec95-7f3f-11f0-a027-1cce51281be1,
빨간콩,김미희,노동의 가치 <미싱과 리코더_ 김미희 작가와 함께>,어린이(고학년),대면/미정,"일반 강연 문학, 사회",https://www.bookseed.kr/program/lecture/e278d82e-7f3f-11f0-a027-1cce51281be1,
별숲,이현아,《백호 소녀 은가비》이현아 작가 : 내가 선택하는 삶,어린이(고학년),비대면,"일반 강연 문학, 기타",https://www.bookseed.kr/program/lecture/e27887fa-7f3f-11f0-a027-1cce51281be1,https://search1.kakaocdn.net/thumb/R120x174.q85/?fname=http%3A%2F%2Ft1.daumcdn.net%2Flbook%2Fimage%2F6633502%3Ftimestamp%3D20250905142806
종이종,장한애,나'를 '나'일 수 있게 하는 마음속 보물 찾기,어린이(고학년),대면/미정,"일반 강연 문학, career",https://www.bookseed.kr/program/lecture/e27821e4-7f3f-11f0-a027-1cce51281be1,
이지북,박경희,"광주 송정 고려인 마을을 찾아온 11살 소년, 제2의 BTS를 꿈꾸다! <고려인 마을 무지개 학교>",어린이(고학년),대면/미정,"일반 강연 문학, 사회",https://www.bookseed.kr/program/lecture/e277fdd9-7f3f-11f0-a027-1cce51281be1,
주니어RHK,"최은영, 메","『나, 유시헌』최은영, 메 작가와의 만남 #성역할 #자아주체성",어린이(고학년),대면/미정,"일반 강연 교양/문화, writing",https://www.bookseed.kr/program/lecture/e2775724-7f3f-11f0-a027-1cce51281be1,
주니어RHK,"이시우, 서평화",『재밌게 걷자! 경복궁』작가와의 만남 #문화유산교육전문가 #한국사,어린이(고학년),대면/미정,"활동/워크숍 기타, 교양/문화",https://www.bookseed.kr/program/lecture/e2774ffa-7f3f-11f0-a027-1cce51281be1,
종이종,송언,이야기 산타로 변신한 동화 작가 송언의 세계 옛이야기,어린이(고학년),대면/미정,"일반 강연 문학, 기타",https://www.bookseed.kr/program/lecture/e27713fc-7f3f-11f0-a027-1cce51281be1,
특서주니어,이재은,이대로 기후 위기를 멈출 수 없다면 어떻게 될까?,어린이(고학년),비대면,"일반 강연 교양/문화, 인문",https://www.bookseed.kr/program/lecture/e2770398-7f3f-11f0-a027-1cce51281be1,
노란상상,김진희,나는 어떤 그릇일까?,어린이(고학년),대면/미정,"활동/워크숍 문학, creative",https://www.bookseed.kr/program/lecture/e276d9b8-7f3f-11f0-a027-1cce51281be1,
한솔수북,한유진,"<맘대로 피구 규칙> 한유진 작가와의 만남 :이기는 것보다 중요한 건 당당한 마음! (경쟁과 비교 속에서도 자존감이 자라는 성장 동화, 온책읽기)",어린이(고학년),비대면,"일반 강연 문학, writing",https://www.bookseed.kr/program/lecture/e2766dc3-7f3f-11f0-a027-1cce51281be1,
베틀북,최승한,《나는 뚱뚱하다》 작가와 나누는 맛있는 책 읽기!,어린이(고학년),대면/미정,"others 문학, writing",https://www.bookseed.kr/program/lecture/e275bd03-7f3f-11f0-a027-1cce51281be1,
그린애플,서민재,더 이상 지구를 아프지 않게 하는 방법,어린이(고학년),대면/미정,"일반 강연 교양/문화, 기타",https://www.bookseed.kr/program/lecture/e275801f-7f3f-11f0-a027-1cce51281be1,
상상의집,"박현정 (지은이), 리페 (그림)",에이스 김준수,어린이(고학년),비대면,"일반 강연 문학, 인문",https://www.bookseed.kr/program/lecture/e27528fe-7f3f-11f0-a027-1cce51281be1,
크레용하우스,이혜린,<친구랑 마음이 통하는 대화법>으로 생각해 보는 우정,어린이(고학년),대면/미정,"일반 강연 교양/문화, writing",https://www.bookseed.kr/program/lecture/e273ba24-7f3f-11f0-a027-1cce51281be1,
우리학교,황지영,<햇빛초 대나무 숲의 모든 글이 삭제되었습니다> 황지영 작가와의 만남,어린이(고학년),대면/미정,"일반 강연 문학, writing",https://www.bookseed.kr/program/lecture/e27314e8-7f3f-11f0-a027-1cce51281be1,
이지북,현민,진실을 마주할 때 새로운 우주가 열린다! <꿀벌이 사라졌다>,어린이(고학년),대면/미정,"일반 강연 기타, 문학",https://www.bookseed.kr/program/lecture/e271c9d4-7f3f-11f0-a027-1cce51281be1,
이지북,김은주,반려동물과 따뜻하게 이별하는 방법 <나의 꼬마 집사에게>,어린이(고학년),대면/미정,"일반 강연 문학, 기타",https://www.bookseed.kr/program/lecture/e271bd4f-7f3f-11f0-a027-1cce51281be1,
바람의아이들,주애령,충영초 학생회를 지켜라,어린이(고학년),비대면,"일반 강연 교양/문화, philosophy",https://www.bookseed.kr/program/lecture/e271b229-7f3f-11f0-a027-1cce51281be1,
주니어김영사,이은재,「혹시나 세탁소」 시리즈 이은재 작가 강연회,어린이(고학년),대면/미정,"일반 강연 문학, creative",https://www.bookseed.kr/program/lecture/e27167c1-7f3f-11f0-a027-1cce51281be1,
밝은미래,문경민,<우투리 하나린> 시리즈 - 이야기의 즐거움,어린이(고학년),대면/미정,"일반 강연 문학, 기타",https://www.bookseed.kr/program/lecture/e270f445-7f3f-11f0-a027-1cce51281be1,
밝은미래,이규희,<건축왕 정세권> 알아 보기,어린이(고학년),대면/미정,"일반 강연 문학, 사회",https://www.bookseed.kr/program/lecture/e270f12a-7f3f-11f0-a027-1cce51281be1,
밝은미래,박그루,추리 동화<도서관 낙서 사건> 작가와의 만남,어린이(고학년),대면/미정,"일반 강연 문학, 기타",https://www.bookseed.kr/program/lecture/e270e374-7f3f-11f0-a027-1cce51281be1,
소원나무,박선화,외계인과 떠나는 동화 여행,어린이(고학년),대면/미정,"일반 강연 문학, 기타",https://www.bookseed.kr/program/lecture/e270c1f2-7f3f-11f0-a027-1cce51281be1,
한겨레아이들,박현경,또마의 그네' 작가와의 만남,어린이(고학년),비대면,"일반 강연 문학, 교양/문화",https://www.bookseed.kr/program/lecture/e26ffd42-7f3f-11f0-a027-1cce51281be1,https://search1.kakaocdn.net/thumb/R120x174.q85/?fname=http%3A%2F%2Ft1.daumcdn.net%2Flbook%2Fimage%2F1596634%3Ftimestamp%3D20221011183956
잇츠북,박현경,그때너왜울었어?' 작가와의 만남,어린이(고학년),비대면,"일반 강연 문학, 교양/문화",https://www.bookseed.kr/program/lecture/e26f8182-7f3f-11f0-a027-1cce51281be1,
해와나무,박현경,동생을 데리고 미술관에 갔어요' 작가와의 만남,어린이(고학년),비대면,"일반 강연 문학, 교양/문화",https://www.bookseed.kr/program/lecture/e26f4f2a-7f3f-11f0-a027-1cce51281be1,
금성출판사,김은중 글,상상여행을 떠나요!!,어린이(고학년),비대면,"일반 강연 문학, 기타",https://www.bookseed.kr/program/lecture/e26e81e8-7f3f-11f0-a027-1cce51281be1,
북멘토,오진희,<초록이와 마녀와 느티나무 소년> 오진희 작가와의 만남 : 나와 천년나무와 이야기,어린이(고학년),대면/미정,"일반 강연 문학, 기타",https://www.bookseed.kr/program/lecture/e26e7320-7f3f-11f0-a027-1cce51281be1,
분홍고래,최영민,- 최초의 에너지부터 미래 에너지까지 만나는 신나는 여행,어린이(고학년),대면/미정,"일반 강연 사회, 인문",https://www.bookseed.kr/program/lecture/e26e63ad-7f3f-11f0-a027-1cce51281be1,
다산스마트에듀,조아리(다산스마트에듀 SW교육센터장),그래서 인공지능이란 정확히 무엇일까요? <인공지능 쏙쏙 with 엔트리>,어린이(고학년),대면/미정,"활동/워크숍 기타, 교양/문화",https://www.bookseed.kr/program/lecture/e26e2465-7f3f-11f0-a027-1cce51281be1,
분홍고래,현선호,과학기자와 함께 읽는 미래를 위한 화학,어린이(고학년),대면/미정,일반 강연 기타,https://www.bookseed.kr/program/lecture/e26df46d-7f3f-11f0-a027-1cce51281be1,
다산스마트에듀,조아리(다산스마트에듀 SW교육센터장),상상력을 키울 스토리텔링과 함께하는 코딩 <모험! 골드랜드>,어린이(고학년),대면/미정,"창작 기타, 교양/문화",https://www.bookseed.kr/program/lecture/e26dc784-7f3f-11f0-a027-1cce51281be1,
특별한서재,박현숙,"천개산 들개와 인간의 공존, 배려와 이해, 우정, 꿈!",어린이(고학년),비대면,"일반 강연 문학, 교양/문화",https://www.bookseed.kr/program/lecture/e26d4d59-7f3f-11f0-a027-1cce51281be1,
빈빈책방,김양오,전쟁의 희생양에서 우정의 다리가 된 사람들,어린이(고학년),대면/미정,"일반 강연 문학, art",https://www.bookseed.kr/program/lecture/e26d2be2-7f3f-11f0-a027-1cce51281be1,
도서출판 꿈터,한지선,포옹하고 포용하는 우리들의 노노식당을 위해!,어린이(고학년),대면/미정,"일반 강연 문학, creative",https://www.bookseed.kr/program/lecture/e26bc787-7f3f-11f0-a027-1cce51281be1,
국민서관(주),임지형,"『기후 위기를 막아라, 유튜브 스타 금은동』 작가와의 만남",어린이(고학년),대면/미정,"일반 강연 문학, 교양/문화",https://www.bookseed.kr/program/lecture/e26ba859-7f3f-11f0-a027-1cce51281be1,
다정한시민,백정연,장애인을 어떻게 대해야 하는지 배우기,어린이(고학년),비대면,"일반 강연 사회, 교양/문화",https://www.bookseed.kr/program/lecture/e26b8cee-7f3f-11f0-a027-1cce51281be1,
바람의아이들,오시은,그림책으로 알아보는 제주4.3,어린이(고학년),대면/미정,"일반 강연 문학, 사회",https://www.bookseed.kr/program/lecture/e26af8c4-7f3f-11f0-a027-1cce51281be1,
별숲,고재현,《내일은 해가 뜬다》고재현 작가 : 함께 잘 사는 세상,어린이(고학년),대면/미정,"일반 강연 문학, 기타",https://www.bookseed.kr/program/lecture/e26a6727-7f3f-11f0-a027-1cce51281be1,https://search1.kakaocdn.net/thumb/R120x174.q85/?fname=http%3A%2F%2Ft1.daumcdn.net%2Flbook%2Fimage%2F6557407%3Ftimestamp%3D20250508163848
도서출판 봄볕,윤민용,"1795년, 화성원행도 따라 역사 여행",어린이(고학년),대면/미정,"일반 강연 art, 인문",https://www.bookseed.kr/program/lecture/e26a129c-7f3f-11f0-a027-1cce51281be1,
도서출판 봄볕,안미란,지키는 우리가 주인! 혹돔 영감 따라 독도 한 바퀴!,어린이(고학년),비대면,"일반 강연 교양/문화, 기타",https://www.bookseed.kr/program/lecture/e269b924-7f3f-11f0-a027-1cce51281be1,
주니어RHK,"박효미, 임나운","『일단 치킨 먹고, 사춘기!』박효미, 임나운 작가와의 만남",어린이(고학년),대면/미정,"활동/워크숍 creative, writing",https://www.bookseed.kr/program/lecture/e268d679-7f3f-11f0-a027-1cce51281be1,
별숲,고재현,《우리 다시 만나요》고재현 작가 : 전쟁 속에 피어난 인류애,어린이(고학년),대면/미정,"일반 강연 creative, 문학",https://www.bookseed.kr/program/lecture/e268bc59-7f3f-11f0-a027-1cce51281be1,
우주나무,박현경,<이상한 숲속에 나 홀로> 박현경 작가님과 만나요,어린이(고학년),대면/미정,"일반 강연 문학, creative",https://www.bookseed.kr/program/lecture/e2688b06-7f3f-11f0-a027-1cce51281be1,
와이즈만북스,백명식,백명식 작가와 함께하는 『기후 위기 해결사 사이다 탐정』,어린이(고학년),대면/미정,일반 강연 기타,https://www.bookseed.kr/program/lecture/e26728f1-7f3f-11f0-a027-1cce51281be1,
분홍고래,석혜원,말하는 자전거와 똑똑한 경제 여행,어린이(고학년),대면/미정,"bookplay 사회, career",https://www.bookseed.kr/program/lecture/e26679da-7f3f-11f0-a027-1cce51281be1,
썬더키즈,장예진,"안전한 디지털 발자국, 당당한 디지털 시민",어린이(고학년),대면/미정,"활동/워크숍 교양/문화, 기타",https://www.bookseed.kr/program/lecture/e266312a-7f3f-11f0-a027-1cce51281be1,
빈빈책방,김양오,우리 것을 지키자! 아리아리 얼쑤!,어린이(고학년),대면/미정,"일반 강연 문학, art",https://www.bookseed.kr/program/lecture/e2654c03-7f3f-11f0-a027-1cce51281be1,
해와나무,신운선,헤어짐과 만남에 대해 이야기 나누어요,어린이(고학년),비대면,"활동/워크숍 문학, writing",https://www.bookseed.kr/program/lecture/e2649034-7f3f-11f0-a027-1cce51281be1,
안녕로빈,신지명,내가 좋아하는 것들로 나를 알아 가기,어린이(고학년),대면/미정,"일반 강연 문학, career",https://www.bookseed.kr/program/lecture/e2646144-7f3f-11f0-a027-1cce51281be1,
크레용하우스,김리하,김리하 작가님과 함께 알아보는 진정한 아름다움과 책임감,어린이(고학년),대면/미정,"일반 강연 교양/문화, 문학",https://www.bookseed.kr/program/lecture/e262f1e2-7f3f-11f0-a027-1cce51281be1,https://search1.kakaocdn.net/thumb/R120x174.q85/?fname=http%3A%2F%2Ft1.daumcdn.net%2Flbook%2Fimage%2F7189922%3Ftimestamp%3D20260408153337
크레용하우스,김리하,동화로 살펴보는 디지털 성범죄,어린이(고학년),대면/미정,"일반 강연 교양/문화, 문학",https://www.bookseed.kr/program/lecture/e262d8c0-7f3f-11f0-a027-1cce51281be1,
우리학교,"정명섭, 임지형, 김민성","<종말 후 첫 수요일, 날씨 맑음> 작가와의 만남",어린이(고학년),대면/미정,"일반 강연 문학, writing",https://www.bookseed.kr/program/lecture/e26295fb-7f3f-11f0-a027-1cce51281be1,
머핀북,구완회,역사 저술가 구완회 선생님이 들려주는 세계의 랜드마크 이야기,어린이(고학년),대면/미정,"일반 강연 교양/문화, 사회",https://www.bookseed.kr/program/lecture/e26223c2-7f3f-11f0-a027-1cce51281be1,
도서출판 단비,이현서,부정한 시대를 극복한 해녀들의 삶,어린이(고학년),대면/미정,"일반 강연 문학, 교양/문화",https://www.bookseed.kr/program/lecture/e260ce59-7f3f-11f0-a027-1cce51281be1,
동아시아,이현서,인공지능과 사람은 친구가 될 수 있을까요?,어린이(고학년),대면/미정,"일반 강연 기타, 교양/문화",https://www.bookseed.kr/program/lecture/e260cc96-7f3f-11f0-a027-1cce51281be1,
북멘토,지경애,<우리는 모두 사랑하는 사람을 위해 일을 합니다> 지경애 작가와의 만남 : 사랑하는 사람의 이름으로 문자도 그리기,어린이(고학년),대면/미정,"일반 강연 문학, creative",https://www.bookseed.kr/program/lecture/e2606931-7f3f-11f0-a027-1cce51281be1,
특별한서재,정명섭,우리가 역사를 기억해야 하는 이유,어린이(고학년),대면/미정,"일반 강연 문학, 교양/문화",https://www.bookseed.kr/program/lecture/e25f6562-7f3f-11f0-a027-1cce51281be1,
특별한서재,지혜진,“다르기 때문에 함께 더 많은 것을 해낼 수 있어요!”,어린이(고학년),대면/미정,"일반 강연 문학, 교양/문화",https://www.bookseed.kr/program/lecture/e25f5572-7f3f-11f0-a027-1cce51281be1,
와이즈만북스,서지원,서지원 작가와 함께하는 [빨간 내복의 코딱지 히어로],어린이(고학년),대면/미정,일반 강연 기타,https://www.bookseed.kr/program/lecture/e25ece88-7f3f-11f0-a027-1cce51281be1,
고래책빵,엄은희,혼자가 아닌 우리,어린이(고학년),비대면,"일반 강연 문학, creative",https://www.bookseed.kr/program/lecture/e25ec3b3-7f3f-11f0-a027-1cce51281be1,
이지북,임지형,"<세상에서 가장 가난한 편의점> :세상에서 가장 가난한, 그렇지만 가장 따뜻한 편의점!",어린이(고학년),대면/미정,"일반 강연 문학, writing",https://www.bookseed.kr/program/lecture/e25d66c0-7f3f-11f0-a027-1cce51281be1,
북이십일,서원호,초등 교과 속 과학 원리를 비밀요원 레너드의 과학수사로 시작해 보자! <비밀요원 레너드 과학X파일>,어린이(고학년),대면/미정,활동/워크숍 기타,https://www.bookseed.kr/program/lecture/e25c8284-7f3f-11f0-a027-1cce51281be1,
마리북스,정도영,톰스랜드 사람들의 쓰레기 활용법,어린이(고학년),비대면,"일반 강연 creative, 기타",https://www.bookseed.kr/program/lecture/e25c32b4-7f3f-11f0-a027-1cce51281be1,
별숲,지슬영,《세계를 향해 강슛》지슬영 작가 : 꿈은 이루어진다,어린이(고학년),대면/미정,"일반 강연 문학, 기타",https://www.bookseed.kr/program/lecture/e25bed9d-7f3f-11f0-a027-1cce51281be1,
우리학교,제성은,<이모티콘은 우릴 보고 웃지> 제성은 작가와의 만남,어린이(고학년),대면/미정,"일반 강연 문학, writing",https://www.bookseed.kr/program/lecture/e25b8098-7f3f-11f0-a027-1cce51281be1,
썬더키즈,김영주,플라스틱으로 지구를 지켜라 <스쿨버스터즈 출동!>,어린이(고학년),대면/미정,"활동/워크숍 문학, 사회",https://www.bookseed.kr/program/lecture/e25b1003-7f3f-11f0-a027-1cce51281be1,
킨더랜드,이혜령,<우리 반에 고민 휴지통이 생긴다면?>,어린이(고학년),대면/미정,"일반 강연 문학, creative",https://www.bookseed.kr/program/lecture/e25aa317-7f3f-11f0-a027-1cce51281be1,
책읽는곰,김온,<요리하는 이순신> 김온 작가와의 만남 :꿈을 향해 가는 우리,어린이(고학년),비대면,"일반 강연 writing, creative",https://www.bookseed.kr/program/lecture/e25a9972-7f3f-11f0-a027-1cce51281be1,
이지북,박미연,녹색 지구를 만들기 위한 액션 SF 환경 동화 『시간 고양이 4 - 물과 불의 열차』,어린이(고학년),대면/미정,"일반 강연 기타, 문학",https://www.bookseed.kr/program/lecture/e259fe49-7f3f-11f0-a027-1cce51281be1,
와이즈만북스,서지원,서지원 작가와 함께 하는 『빨간내복의 초능력자 시즌 2』,어린이(고학년),대면/미정,일반 강연 기타,https://www.bookseed.kr/program/lecture/e2592284-7f3f-11f0-a027-1cce51281be1,
문학과지성사,장영복,『친애하는 마동지』에게 듣는 막내 광복군들 이야기,어린이(고학년),비대면,"일반 강연 문학, 교양/문화",https://www.bookseed.kr/program/lecture/e257c5cd-7f3f-11f0-a027-1cce51281be1,
와이즈만북스,서지원,서지원 작가와 함께하는『빨간 내복의 초능력자 시즌 1』,어린이(고학년),대면/미정,일반 강연 기타,https://www.bookseed.kr/program/lecture/e257b1be-7f3f-11f0-a027-1cce51281be1,
서사원,오현선,초등 한국사 용어 일력 365,어린이(고학년),대면/미정,"일반 강연 기타, 교양/문화",https://www.bookseed.kr/program/lecture/e2579e36-7f3f-11f0-a027-1cce51281be1,
행복한나무,조욱,『수상한 안경점』 조욱 작가와의 만남(청소년 소설로 만나는 공감 프로젝트),어린이(고학년),대면/미정,"일반 강연 문학, 사회",https://www.bookseed.kr/program/lecture/e255610d-7f3f-11f0-a027-1cce51281be1,
문학과지성사,전성현,<비밀의 행성 노아> 전성현 작가와의 만남,어린이(고학년),대면/미정,"일반 강연 문학, creative",https://www.bookseed.kr/program/lecture/e254f6db-7f3f-11f0-a027-1cce51281be1,
바우솔,유미희,갯벌 학교,어린이(고학년),대면/미정,일반 강연 문학,https://www.bookseed.kr/program/lecture/e254ad69-7f3f-11f0-a027-1cce51281be1,
바우솔,이정록,시 그림책 <달팽이 학교>,어린이(고학년),대면/미정,일반 강연 문학,https://www.bookseed.kr/program/lecture/e254a87d-7f3f-11f0-a027-1cce51281be1,
바우솔,공광규,시 그림책 흰 눈,어린이(고학년),대면/미정,일반 강연 문학,https://www.bookseed.kr/program/lecture/e254a0dd-7f3f-11f0-a027-1cce51281be1,
바우솔,장성자,군함도,어린이(고학년),대면/미정,일반 강연 문학,https://www.bookseed.kr/program/lecture/e254498f-7f3f-11f0-a027-1cce51281be1,
행복한나무,홍근하,『수상한 이름가게』 홍근하 작가와의 만남(청소년 소설로 만나는 자신감이란 무엇인가?),어린이(고학년),대면/미정,"일반 강연 문학, 교양/문화",https://www.bookseed.kr/program/lecture/e253474e-7f3f-11f0-a027-1cce51281be1,
도서출판 꿈터,서지원,미래의 리더로 키우기 위한 <과학 인재 교육법>,어린이(고학년),대면/미정,"일반 강연 career, 기타",https://www.bookseed.kr/program/lecture/e252b8fa-7f3f-11f0-a027-1cce51281be1,
서사원,오현선,초등 미니 논술 일력 365,어린이(고학년),대면/미정,"일반 강연 기타, 교양/문화",https://www.bookseed.kr/program/lecture/e2514f16-7f3f-11f0-a027-1cce51281be1,
리틀씨앤톡,정복현,"더 나은 세상을 위한 역사 강연 <제주 소녀, 수선화>",어린이(고학년),비대면,"일반 강연 문학, 기타",https://www.bookseed.kr/program/lecture/e25056de-7f3f-11f0-a027-1cce51281be1,
머핀북,임성훈,고전 및 인문학 강사 임성훈 선생님이 들려주는 어린이 명심보감 이야기,어린이(고학년),대면/미정,"일반 강연 교양/문화, 인문",https://www.bookseed.kr/program/lecture/e24de3da-7f3f-11f0-a027-1cce51281be1,
푸른숲주니어,제성은,<언니 폰좀비 만들기> 제성은 작가와의 만남,어린이(고학년),대면/미정,"일반 강연 문학, 기타",https://www.bookseed.kr/program/lecture/e24b3cf1-7f3f-11f0-a027-1cce51281be1,
국민서관(주),윤미경,『짱돌 던지는 아이』:꿈을 위해 던져라!,어린이(고학년),비대면,"활동/워크숍 문학, creative",https://www.bookseed.kr/program/lecture/e24af7dc-7f3f-11f0-a027-1cce51281be1,
브와포레,서유진,네가 되는 꿈 활동워크숍,어린이(고학년),대면/미정,"활동/워크숍 문학, creative",https://www.bookseed.kr/program/lecture/e24af44b-7f3f-11f0-a027-1cce51281be1,
도서출판 풀빛,정은주,우리 강으로 만나는 우리 역사 우리 지리,어린이(고학년),대면/미정,"일반 강연 사회, 기타",https://www.bookseed.kr/program/lecture/e24aef28-7f3f-11f0-a027-1cce51281be1,
도서출판 풀빛,연유진,아이들이 꼭 알아야 할 돈의 진정한 가치와 흐름!,어린이(고학년),대면/미정,"일반 강연 사회, 기타",https://www.bookseed.kr/program/lecture/e24ae9b5-7f3f-11f0-a027-1cce51281be1,
꿈섬,박효연,<지구에게 남은 시간은 얼마일까?> 지구를 지키는 특별한 만남,어린이(고학년),비대면,"일반 강연 교양/문화, 사회",https://www.bookseed.kr/program/lecture/e24aa8c7-7f3f-11f0-a027-1cce51281be1,
파란의자,정지윤,정지윤 작가와의 만남,어린이(고학년),대면/미정,"활동/워크숍 art, 기타",https://www.bookseed.kr/program/lecture/e24a8828-7f3f-11f0-a027-1cce51281be1,https://search1.kakaocdn.net/thumb/R120x174.q85/?fname=http%3A%2F%2Ft1.daumcdn.net%2Flbook%2Fimage%2F7104437%3Ftimestamp%3D20251217154235
바우솔,이규희,돌아오지 않은 우키시마호,어린이(고학년),대면/미정,일반 강연 문학,https://www.bookseed.kr/program/lecture/e249557a-7f3f-11f0-a027-1cce51281be1,
바우솔,이규희,남원성의 눈물,어린이(고학년),대면/미정,일반 강연 문학,https://www.bookseed.kr/program/lecture/e2495177-7f3f-11f0-a027-1cce51281be1,
바우솔,이규희,대한 제국이 사라진 날,어린이(고학년),대면/미정,일반 강연 문학,https://www.bookseed.kr/program/lecture/e2494ba5-7f3f-11f0-a027-1cce51281be1,
바우솔,이규희,진짜 가족입니다,어린이(고학년),대면/미정,일반 강연 문학,https://www.bookseed.kr/program/lecture/e24948d1-7f3f-11f0-a027-1cce51281be1,
출판사 클,박래군,우리에겐 기억할 것이 있다,어린이(고학년),대면/미정,"일반 강연 사회, 인문",https://www.bookseed.kr/program/lecture/e2494411-7f3f-11f0-a027-1cce51281be1,https://search1.kakaocdn.net/thumb/R120x174.q85/?fname=http%3A%2F%2Ft1.daumcdn.net%2Flbook%2Fimage%2F6591285%3Ftimestamp%3D20260521122807
특서주니어,박현숙,서로를 신뢰할 때 우리가 이룰 수 있는 것들,어린이(고학년),대면/미정,"일반 강연 문학, 교양/문화",https://www.bookseed.kr/program/lecture/e2483033-7f3f-11f0-a027-1cce51281be1,
특서주니어,박현숙,<천개산 패밀리 1>: 함께라서 행복해,어린이(고학년),비대면,"일반 강연 문학, 교양/문화",https://www.bookseed.kr/program/lecture/e247f9f6-7f3f-11f0-a027-1cce51281be1,
(주)한솔수북,노훈,4차산업혁명과 인공지능시대 무엇을 어떻게 배워야 하나,어린이(고학년),비대면,"일반 강연 교양/문화, 기타",https://www.bookseed.kr/program/lecture/e245ce64-7f3f-11f0-a027-1cce51281be1,
리틀씨앤톡,조윤주,식탁 위 음식으로 만나는 세계시민 <식탁에서 찾은 세계시민 이야기>,어린이(고학년),비대면,"일반 강연 교양/문화, 사회",https://www.bookseed.kr/program/lecture/e245c6b6-7f3f-11f0-a027-1cce51281be1,
지학사아르볼,지은지,일상에서 쉽게 구할수 있는 물건으로 실험해 봐요!,어린이(고학년),대면/미정,"활동/워크숍 기타, creative",https://www.bookseed.kr/program/lecture/e245315c-7f3f-11f0-a027-1cce51281be1,
지학사아르볼,오선경,고민해결사무소: 기쁨은 나누면 배가 되고 슬픔은 나누면 반이 된다,어린이(고학년),대면/미정,"일반 강연 career, 교양/문화",https://www.bookseed.kr/program/lecture/e2452fc1-7f3f-11f0-a027-1cce51281be1,
미래엔아이세움,곽민수,<하루 15분 질문하는 세계사> 곽민수 작가와의 만남,어린이(고학년),비대면,"일반 강연 교양/문화, 인문",https://www.bookseed.kr/program/lecture/e2452906-7f3f-11f0-a027-1cce51281be1,
아울북,박효연,<벌거벗은 세계사2_천년 제국 로마와 이집트의 클레오파트라>,어린이(고학년),비대면,"일반 강연 교양/문화, 사회",https://www.bookseed.kr/program/lecture/e244ec2d-7f3f-11f0-a027-1cce51281be1,
별숲,정제광,"《가구들이 화났다》정제광 작가 : 갈등, 어떻게 풀어야 할까요?",어린이(고학년),대면/미정,"일반 강연 문학, 기타",https://www.bookseed.kr/program/lecture/e244ce1d-7f3f-11f0-a027-1cce51281be1,https://search1.kakaocdn.net/thumb/R120x174.q85/?fname=http%3A%2F%2Ft1.daumcdn.net%2Flbook%2Fimage%2F6386670%3Ftimestamp%3D20250107153500
창비,"안미란 (지은이), 유시연 (그림)",『그냥 씨의 동물 직업 상담소』:달라도 함께 안미란 작가와의 만남,어린이(고학년),비대면,"일반 강연 문학, 기타",https://www.bookseed.kr/program/lecture/e242840e-7f3f-11f0-a027-1cce51281be1,
와이즈만북스,유다정,유다정 작가와 함께하는 함께 하는『고래를 삼킨 바다 쓰레기』,어린이(고학년),대면/미정,일반 강연 기타,https://www.bookseed.kr/program/lecture/e2428051-7f3f-11f0-a027-1cce51281be1,
북멘토,전건우,<에코 히어로즈 1.5사수단> 전건우 작가와의 만남 : 1.5 사수단과 함께 지구 지키기,어린이(고학년),대면/미정,"일반 강연 문학, 기타",https://www.bookseed.kr/program/lecture/e241b952-7f3f-11f0-a027-1cce51281be1,
서사원,"권오훈, 이세나",제제수학 4-2,어린이(고학년),대면/미정,일반 강연 기타,https://www.bookseed.kr/program/lecture/e23f9c80-7f3f-11f0-a027-1cce51281be1,
서사원,오현선,뚝딱! 미니논술,어린이(고학년),대면/미정,"일반 강연 writing, 기타",https://www.bookseed.kr/program/lecture/e23f31ae-7f3f-11f0-a027-1cce51281be1,
테라미아,한영미,오늘은 마음의 근육이 생기는 날,어린이(고학년),비대면,"일반 강연 문학, 교양/문화",https://www.bookseed.kr/program/lecture/e23edd93-7f3f-11f0-a027-1cce51281be1,
주니어RHK,이선주,<태구는 이웃들이 궁금하다> 이선주 작가와의 만남 :함께 줄거리 및 감상 나누기!,어린이(고학년),대면/미정,"일반 강연 문학, writing",https://www.bookseed.kr/program/lecture/e23e6ea2-7f3f-11f0-a027-1cce51281be1,
마루비,최은영,[일주일 스타] 칭찬과 관심의 힘 / 나에게 소중한 것 / 자아존중감,어린이(고학년),대면/미정,"일반 강연 문학, 교양/문화",https://www.bookseed.kr/program/lecture/e23d3433-7f3f-11f0-a027-1cce51281be1,
단비어린이,윤지현,우리 반 회장의 조건,어린이(고학년),비대면,"일반 강연 문학, creative",https://www.bookseed.kr/program/lecture/e23d011d-7f3f-11f0-a027-1cce51281be1,
리틀씨앤톡,은경,"‘나’를 찾는 길, ‘나라’를 되찾는 길! - 독립운동가 이봉창 의사 이야기 <우리 반 이봉창>",어린이(고학년),비대면,"일반 강연 사회, career",https://www.bookseed.kr/program/lecture/e23cf3ac-7f3f-11f0-a027-1cce51281be1,
라임,박슬기,"<오늘의 마법> : 마법이 필요한 순간, 앞으로 나아갈 용기를 주는 판타지 동화",어린이(고학년),비대면,"일반 강연 문학, 기타",https://www.bookseed.kr/program/lecture/e23c6d6b-7f3f-11f0-a027-1cce51281be1,
플루토,권윤정,<수와 측정의 역사> 권윤정 작가와의 만남,어린이(고학년),비대면,일반 강연 기타,https://www.bookseed.kr/program/lecture/e23bed88-7f3f-11f0-a027-1cce51281be1,
주니어김영사,김하은,"미켈란젤로, 공존을 살피다!",어린이(고학년),대면/미정,"bookplay 문학, 인문",https://www.bookseed.kr/program/lecture/e23a7bc5-7f3f-11f0-a027-1cce51281be1,
주니어김영사,김하은,마더 테레사를 통해 살펴본 나눔과 평화,어린이(고학년),대면/미정,"bookplay 문학, 인문",https://www.bookseed.kr/program/lecture/e23a3fe1-7f3f-11f0-a027-1cce51281be1,
주니어김영사,김하은,소크라테스를 통해 살펴본 질문과 지혜로운 삶,어린이(고학년),대면/미정,"bookplay 문학, 인문",https://www.bookseed.kr/program/lecture/e23a02b3-7f3f-11f0-a027-1cce51281be1,
썬더키즈,전은희,환경세를 아시나요?,어린이(고학년),대면/미정,"일반 강연 교양/문화, 기타",https://www.bookseed.kr/program/lecture/e23969c2-7f3f-11f0-a027-1cce51281be1,
사계절,이해진,노릇노릇 따끈따끈 나만의 햇볕 토스트 만들기,어린이(고학년),비대면,"활동/워크숍 art, 기타",https://www.bookseed.kr/program/lecture/e2394549-7f3f-11f0-a027-1cce51281be1,
창비,전성현,<잃어버린 일기장> 전성현 작가와의 만남 :내 마음이 보이니?,어린이(고학년),비대면,"일반 강연 문학, creative",https://www.bookseed.kr/program/lecture/e238e7da-7f3f-11f0-a027-1cce51281be1,
뜨인돌어린이,김미희,오늘은 우리가 시인,어린이(고학년),대면/미정,"창작 문학, writing",https://www.bookseed.kr/program/lecture/e2367f5b-7f3f-11f0-a027-1cce51281be1,
주니어RHK,"정다빈 선생님, 권성희 선생님","『열두 달 지구하자』정다빈, 권성희 선생님과 함께하는 떡 메모지 만들기",어린이(고학년),대면/미정,"활동/워크숍 기타, 교양/문화",https://www.bookseed.kr/program/lecture/e2366df9-7f3f-11f0-a027-1cce51281be1,
해냄출판사,김성효,초등 문해력 멘토 성효샘이 알려주는 독서활동지 활용법,어린이(고학년),비대면,"bookplay 문학, writing",https://www.bookseed.kr/program/lecture/e2361f31-7f3f-11f0-a027-1cce51281be1,
서사원,권귀헌,완주 50일 바꿔쓰기,어린이(고학년),대면/미정,"일반 강연 writing, 기타",https://www.bookseed.kr/program/lecture/e2359fee-7f3f-11f0-a027-1cce51281be1,
문학과지성사,유영소,<네가 오니 좋구나!> 유영소 작가와의 만남,어린이(고학년),비대면,"일반 강연 문학, creative",https://www.bookseed.kr/program/lecture/e234e26e-7f3f-11f0-a027-1cce51281be1,
소원나무,양승현,<댓글왕 곰손 선생님> 양승현 작가강연,어린이(고학년),대면/미정,"일반 강연 교양/문화, 사회",https://www.bookseed.kr/program/lecture/e23405da-7f3f-11f0-a027-1cce51281be1,
서유재,이병승,도서관에서만 누릴 수 있는 기쁨들,어린이(고학년),대면/미정,"일반 강연 문학, 기타",https://www.bookseed.kr/program/lecture/e233bb08-7f3f-11f0-a027-1cce51281be1,
초록개구리,김하연,대변 초등학교 사례로 만나는 민주주의 이야기 - 똥 학교는 싫어요!,어린이(고학년),비대면,"일반 강연 사회, 문학",https://www.bookseed.kr/program/lecture/e23354e8-7f3f-11f0-a027-1cce51281be1,
서사원,박명선,초등 문해력 한자 어휘가 답! 3단계,어린이(고학년),대면/미정,"일반 강연 기타, writing",https://www.bookseed.kr/program/lecture/e233061b-7f3f-11f0-a027-1cce51281be1,
리틀씨앤톡,이여니,"인물 따라 삼천리 <우리 반 갈릴레이, 에디슨>",어린이(고학년),비대면,"창작 문학, 기타",https://www.bookseed.kr/program/lecture/e232a587-7f3f-11f0-a027-1cce51281be1,
별숲,지슬영,《영원한 페이스메이커》지슬영 작가 : 가상세계와 진짜 친구,어린이(고학년),비대면,"일반 강연 문학, 기타",https://www.bookseed.kr/program/lecture/e22fd150-7f3f-11f0-a027-1cce51281be1,https://search1.kakaocdn.net/thumb/R120x174.q85/?fname=http%3A%2F%2Ft1.daumcdn.net%2Flbook%2Fimage%2F6318533%3Ftimestamp%3D20250711143321
서사원,박명선,초등 문해력 한자 어휘가 답! 2단계,어린이(고학년),대면/미정,일반 강연 기타,https://www.bookseed.kr/program/lecture/e22fa53f-7f3f-11f0-a027-1cce51281be1,
토토북,안미란,안미란 작가와 함께-한글 사랑을 꽃피운 멋진 만남,어린이(고학년),비대면,"일반 강연 문학, 사회",https://www.bookseed.kr/program/lecture/e22f168e-7f3f-11f0-a027-1cce51281be1,https://search1.kakaocdn.net/thumb/R120x174.q85/?fname=http%3A%2F%2Ft1.daumcdn.net%2Flbook%2Fimage%2F931637%3Ftimestamp%3D20260501111046
마음이음,안미란,모든 스토리는 꿈에 대한 기록이다-안미란작가와 함께,어린이(고학년),비대면,"일반 강연 문학, 기타",https://www.bookseed.kr/program/lecture/e22ee926-7f3f-11f0-a027-1cce51281be1,
머핀북,임성훈,바른 인성과 한자 어휘력을 키워 주는 사자소학 이야기 (<날마다 사자소학> 임성훈 선생님),어린이(고학년),대면/미정,"일반 강연 교양/문화, writing",https://www.bookseed.kr/program/lecture/e22d6120-7f3f-11f0-a027-1cce51281be1,
머핀북,공우석,"환경 운동 실천가 공우석 박사님이 들려 주는 기후 변화 이야기 (<뜨거운 지구가 보내는 차가운 경고, 기후 위기>)",어린이(고학년),대면/미정,"일반 강연 기타, 사회",https://www.bookseed.kr/program/lecture/e22d35ba-7f3f-11f0-a027-1cce51281be1,
밝은미래,고윤곤,<읽똑 만화 과학사> 고윤곤 작가와의 만남,어린이(고학년),대면/미정,"일반 강연 기타, creative",https://www.bookseed.kr/program/lecture/e22b9aac-7f3f-11f0-a027-1cce51281be1,
북멘토(도서출판),오드 (지은이),<외계인 게스트하우스> 오드 작가와의 만남 : 그리고 쓰고 상상하며 책 읽기,어린이(고학년),대면/미정,"일반 강연 교양/문화, 기타",https://www.bookseed.kr/program/lecture/e2296d5f-7f3f-11f0-a027-1cce51281be1,
특별한서재,조미형,오염된 바다 환경을 위해 우리가 할 수 있는 일!,어린이(고학년),대면/미정,"일반 강연 교양/문화, 인문",https://www.bookseed.kr/program/lecture/e2281cae-7f3f-11f0-a027-1cce51281be1,
현북스,김바다,진짜 부자들 이야기,어린이(고학년),비대면,"일반 강연 문학, 교양/문화",https://www.bookseed.kr/program/lecture/e2278366-7f3f-11f0-a027-1cce51281be1,
루크하우스(상상의집),정관영,<어린왕자가 사랑한 지구별> 정관영 작가와의 만남,어린이(고학년),비대면,"일반 강연 기타, 교양/문화",https://www.bookseed.kr/program/lecture/e22761a5-7f3f-11f0-a027-1cce51281be1,
리틀씨앤톡,장경선,어린이는 미래의 인간이 아니라 이미 인간입니다. <우리 반 방정환>,어린이(고학년),비대면,"활동/워크숍 인문, 문학",https://www.bookseed.kr/program/lecture/e22753f7-7f3f-11f0-a027-1cce51281be1,
한림출판사,김바다,지구를 지키자!,어린이(고학년),비대면,"일반 강연 문학, 교양/문화",https://www.bookseed.kr/program/lecture/e22643ce-7f3f-11f0-a027-1cce51281be1,
창비,김바다,북극곰을 구하라!,어린이(고학년),비대면,"일반 강연 교양/문화, 기타",https://www.bookseed.kr/program/lecture/e2261e57-7f3f-11f0-a027-1cce51281be1,
단비어린이,김바다,돈돈왕국을 막아라!,어린이(고학년),비대면,"일반 강연 문학, 교양/문화",https://www.bookseed.kr/program/lecture/e2260077-7f3f-11f0-a027-1cce51281be1,
리틀씨앤톡,하영희,쓰레기에서 찾은 불평등,어린이(고학년),비대면,"활동/워크숍 사회, 기타",https://www.bookseed.kr/program/lecture/e223f517-7f3f-11f0-a027-1cce51281be1,
우리학교,문경민,<열세 살 우리는> 문경민 작가와의 만남,어린이(고학년),대면/미정,일반 강연 문학,https://www.bookseed.kr/program/lecture/e2239a45-7f3f-11f0-a027-1cce51281be1,
도서출판 봄볕,심순 (심아진),"내가 아는 행복, 그게 전부일까?",어린이(고학년),대면/미정,"활동/워크숍 문학, art",https://www.bookseed.kr/program/lecture/e2217eda-7f3f-11f0-a027-1cce51281be1,
보랏빛소어린이,김근혜,진짜 내 마음을 들여다보는 진로 찾기 게임,어린이(고학년),비대면,"활동/워크숍 career, creative",https://www.bookseed.kr/program/lecture/e2205cc0-7f3f-11f0-a027-1cce51281be1,
웅진주니어,김영주,하얀빛의 수수께끼: 진짜 내가 원하는 건 뭘까?,어린이(고학년),비대면,"일반 강연 기타, 문학",https://www.bookseed.kr/program/lecture/e21ff2fe-7f3f-11f0-a027-1cce51281be1,
북극곰,황선옥,<솜다리꽃의 약속> 동화작가와의 만남,어린이(고학년),비대면,"일반 강연 문학, 교양/문화",https://www.bookseed.kr/program/lecture/e21d3a67-7f3f-11f0-a027-1cce51281be1,
써네스트,김결,역사를 지킨 안의와 손홍록,어린이(고학년),대면/미정,"일반 강연 교양/문화, philosophy",https://www.bookseed.kr/program/lecture/e21d3649-7f3f-11f0-a027-1cce51281be1,
리틀씨앤톡,이미례,나만의 그릇에 어떤 꿈을 담을까? <바다를 담은 그릇>,어린이(고학년),대면/미정,"일반 강연 문학, writing",https://www.bookseed.kr/program/lecture/e21cea77-7f3f-11f0-a027-1cce51281be1,
리틀씨앤톡,정복현,정복현 작가와 함께하는 다문화 인권교실 <오늘은 퓨전 요리사>,어린이(고학년),비대면,"일반 강연 문학, 기타",https://www.bookseed.kr/program/lecture/e21ce164-7f3f-11f0-a027-1cce51281be1,
한울림어린이,김윤이,<나무 그림자에 숨은 날> :마음속을 들여다보기,어린이(고학년),대면/미정,"활동/워크숍 art, writing",https://www.bookseed.kr/program/lecture/e21cd824-7f3f-11f0-a027-1cce51281be1,
산지니,김이삭,"시를 통해 창의력, 어휘력, 상상력 키우기",어린이(고학년),대면/미정,"일반 강연 기타, 문학",https://www.bookseed.kr/program/lecture/e21c1db0-7f3f-11f0-a027-1cce51281be1,
서사원,권오훈,제제수학 4-1,어린이(고학년),대면/미정,일반 강연 기타,https://www.bookseed.kr/program/lecture/e21bc3e1-7f3f-11f0-a027-1cce51281be1,
출판놀이,이경화,"이 시대 큰 스승, 첫 대법원장 가인 김병로",어린이(고학년),대면/미정,"일반 강연 문학, creative",https://www.bookseed.kr/program/lecture/e2188072-7f3f-11f0-a027-1cce51281be1,
웅진주니어,최연숙,기억'을 기억하는 데도 용기가 필요해(개인과 역사의 기억),어린이(고학년),비대면,"일반 강연 문학, 사회",https://www.bookseed.kr/program/lecture/e217cfa6-7f3f-11f0-a027-1cce51281be1,
소원나무,박상기,나는 사진을 표절한 걸까? 삶을 표절한 걸까? <고양이가 필요해> 박상기 작가 강연,어린이(고학년),대면/미정,"일반 강연 기타, 문학",https://www.bookseed.kr/program/lecture/e217a079-7f3f-11f0-a027-1cce51281be1,
서유재,박현숙,"별나도 괜찮아, 우리는 하나뿐인 다른 사람들",어린이(고학년),대면/미정,"일반 강연 문학, 기타",https://www.bookseed.kr/program/lecture/e21722d0-7f3f-11f0-a027-1cce51281be1,
국민서관(주),염연화,"생명, 자연, 함께 살아가는 지구『나를 만나러 왔니?』",어린이(고학년),비대면,"일반 강연 문학, creative",https://www.bookseed.kr/program/lecture/e2160bb6-7f3f-11f0-a027-1cce51281be1,
뜨인돌어린이,김해등,이휘소에게 배우는 물리학 놀이가 내 꿈을 이루어주는 열쇠다!,어린이(고학년),비대면,"bookplay 기타, 문학",https://www.bookseed.kr/program/lecture/e215b25d-7f3f-11f0-a027-1cce51281be1,
뜨인돌어린이,안오일,<으라차차 길고양이 나가신다!> :'나'답게 함께하는 용기,어린이(고학년),비대면,"일반 강연 문학, 기타",https://www.bookseed.kr/program/lecture/e2157937-7f3f-11f0-a027-1cce51281be1,
우리학교,이유리,"<왜 유명한 거야, 이 그림?> 작가와의 만남",어린이(고학년),대면/미정,일반 강연 art,https://www.bookseed.kr/program/lecture/e215751b-7f3f-11f0-a027-1cce51281be1,
뜨인돌,정연준,<노빈손> 작가 겸 현직 프로그래머에게 배우는 코딩의 세계,어린이(고학년),대면/미정,"일반 강연 기타, career",https://www.bookseed.kr/program/lecture/e21544f1-7f3f-11f0-a027-1cce51281be1,
머스트비,신원미,그땐 그랬지!-1970년대 레트로 감성 나눠 보기,어린이(고학년),대면/미정,"others 문학, 교양/문화",https://www.bookseed.kr/program/lecture/e214e3e5-7f3f-11f0-a027-1cce51281be1,
파란자전거,이윤주,또 다른 세계에서 온 메시지,어린이(고학년),비대면,"일반 강연 문학, 기타",https://www.bookseed.kr/program/lecture/e213821b-7f3f-11f0-a027-1cce51281be1,
이지북,임지형,“오늘 우리 가족 다 같이 화투 한번 쳐요!”_임지형 <화투 쳐 주는 아이>,어린이(고학년),비대면,"일반 강연 문학, creative",https://www.bookseed.kr/program/lecture/e21360a2-7f3f-11f0-a027-1cce51281be1,
쉼어린이,이성엽,탄소중립을위해! 쓰레기를 자원으로,어린이(고학년),비대면,"일반 강연 사회, 인문",https://www.bookseed.kr/program/lecture/e2126429-7f3f-11f0-a027-1cce51281be1,
파란자전거,이성엽,집나간 명태를 찾습니다 - 우리땅 우리생명의 소중함,어린이(고학년),비대면,"일반 강연 문학, 인문",https://www.bookseed.kr/program/lecture/e21251d4-7f3f-11f0-a027-1cce51281be1,
국민서관(주),백혜영,외로움을 슬기롭게 다루는 방법『외로움 반장』,어린이(고학년),비대면,"일반 강연 문학, creative",https://www.bookseed.kr/program/lecture/e21222d0-7f3f-11f0-a027-1cce51281be1,
써네스트,김용안,지리산 반달곰 이야기-사람들은 왜 반달곰을 지리산에 풀어 놓았나?,어린이(고학년),대면/미정,"일반 강연 기타, 사회",https://www.bookseed.kr/program/lecture/e211c47f-7f3f-11f0-a027-1cce51281be1,
이지북,김영주,편견에 갇힌 마음을 열어라!_<마고의 날개> 김영주 작가와의 만남,어린이(고학년),비대면,"일반 강연 문학, 교양/문화",https://www.bookseed.kr/program/lecture/e2118d19-7f3f-11f0-a027-1cce51281be1,
마루비,최은영,[일주일 왕따] 왕따 없는 교실 만들기,어린이(고학년),대면/미정,"일반 강연 문학, 교양/문화",https://www.bookseed.kr/program/lecture/e210e526-7f3f-11f0-a027-1cce51281be1,
도서출판 꿈터,김용세,"고민, 변화의 시작",어린이(고학년),대면/미정,"일반 강연 문학, 교양/문화",https://www.bookseed.kr/program/lecture/e210d07e-7f3f-11f0-a027-1cce51281be1,
창비,이소영,『서랍에서 꺼낸 미술관 』:내 삶을 바꾼 아웃사이더 아트 이소영 작가와의 만남,어린이(고학년),비대면,"일반 강연 사회, 교양/문화",https://www.bookseed.kr/program/lecture/e2108ccf-7f3f-11f0-a027-1cce51281be1,
놀궁리,남찬숙,<또 하나의 집> 남찬숙 작가와의 만남,어린이(고학년),비대면,일반 강연 문학,https://www.bookseed.kr/program/lecture/e21046f8-7f3f-11f0-a027-1cce51281be1,
북멘토(도서출판),"이재은 (지은이), 박은애 (그림)",<편의점을 털어라! : 역사편> 이재은 작가와의 만남 :편의점에서 역사 찾기,어린이(고학년),비대면,"일반 강연 교양/문화, 사회",https://www.bookseed.kr/program/lecture/e20fdd21-7f3f-11f0-a027-1cce51281be1,
서유재,이병승,"공감과 치유의 공간, 이상한 도서관 이야기",어린이(고학년),대면/미정,"일반 강연 문학, philosophy",https://www.bookseed.kr/program/lecture/e20f8dec-7f3f-11f0-a027-1cce51281be1,
별숲,백혜영,내가 진짜 원하는 것을 찾는 방법,어린이(고학년),비대면,"일반 강연 문학, 기타",https://www.bookseed.kr/program/lecture/e20f65dc-7f3f-11f0-a027-1cce51281be1,
별숲,조은진,정직한 돈의 가치,어린이(고학년),비대면,"일반 강연 문학, 기타",https://www.bookseed.kr/program/lecture/e20f481e-7f3f-11f0-a027-1cce51281be1,
그린북,정명섭,<비차를 찾아라> 정명섭 작가 강연,어린이(고학년),대면/미정,"일반 강연 문학, creative",https://www.bookseed.kr/program/lecture/e20e297f-7f3f-11f0-a027-1cce51281be1,
마루비,박라솔,"[세렝게티의 아이들-전사의탄생] We are special! -너와 나는 달라, 그래서 특별한 거지!-",어린이(고학년),대면/미정,"일반 강연 문학, 인문",https://www.bookseed.kr/program/lecture/e20e1b0e-7f3f-11f0-a027-1cce51281be1,
마루비,노수미,[AI 디케] AI가 우리의 미래를 결정한다면?,어린이(고학년),대면/미정,"일반 강연 문학, 사회",https://www.bookseed.kr/program/lecture/e20dc10d-7f3f-11f0-a027-1cce51281be1,
책이라는신화,양익승,비행기는 뒤로 갈 수 있나요?--과학으로 나는 비행기,어린이(고학년),대면/미정,"일반 강연 기타, 교양/문화",https://www.bookseed.kr/program/lecture/e20cc1ab-7f3f-11f0-a027-1cce51281be1,
잇츠북어린이,소연,감정 표현하기-사이떡볶이(소연 선생님),어린이(고학년),비대면,"일반 강연 creative, 기타",https://www.bookseed.kr/program/lecture/e20c835b-7f3f-11f0-a027-1cce51281be1,
상상아카데미,국립과천과학관 유만선,에너지의 모든 것,어린이(고학년),비대면,일반 강연 기타,https://www.bookseed.kr/program/lecture/e20c0db7-7f3f-11f0-a027-1cce51281be1,
상상아카데미,국립과천과학관 박진녕,"로봇의 과거와 현재, 미래",어린이(고학년),비대면,일반 강연 기타,https://www.bookseed.kr/program/lecture/e20c00f5-7f3f-11f0-a027-1cce51281be1,
가문비어린이,정혜원,<삐삐 백의 가족사진 > :새가족 프로젝트,어린이(고학년),비대면,"일반 강연 문학, 인문",https://www.bookseed.kr/program/lecture/e20a0a62-7f3f-11f0-a027-1cce51281be1,
좋은꿈,정혜원,<뽀꾸의 사라진 왕국 > :뽀꾸를 신고합니다,어린이(고학년),비대면,"일반 강연 문학, 인문",https://www.bookseed.kr/program/lecture/e2096d14-7f3f-11f0-a027-1cce51281be1,
해와나무,신운선,<바람과 함께 살아지다>,어린이(고학년),비대면,"일반 강연 문학, writing",https://www.bookseed.kr/program/lecture/e2083ded-7f3f-11f0-a027-1cce51281be1,
마루비,이경순,"[사라질 아이] 선사시대의 타임캡슐, 반구대 암각화 속으로!",어린이(고학년),대면/미정,"일반 강연 문학, 사회",https://www.bookseed.kr/program/lecture/e208157e-7f3f-11f0-a027-1cce51281be1,
마루비,신은영,[절교가위] 인간관계의 어려움 이해하기,어린이(고학년),대면/미정,"일반 강연 문학, 교양/문화",https://www.bookseed.kr/program/lecture/e208039f-7f3f-11f0-a027-1cce51281be1,
마루비,장성자,[70년 만에 돌아온 편지] 6.25전쟁과 유해발굴의 의미,어린이(고학년),대면/미정,"일반 강연 문학, 사회",https://www.bookseed.kr/program/lecture/e207e76c-7f3f-11f0-a027-1cce51281be1,
루크하우스(상상의집),방미진,<13일의 단톡방> 방미진 작가와의 만남,어린이(고학년),비대면,"일반 강연 문학, 사회",https://www.bookseed.kr/program/lecture/e207d15a-7f3f-11f0-a027-1cce51281be1,
루크하우스(상상의집),신현수,"소중한 인권, 함께 지켜요! <세상을 앞으로 바꾼 인권> 신현수 작가와의 만남",어린이(고학년),비대면,"일반 강연 교양/문화, 사회",https://www.bookseed.kr/program/lecture/e207c7f7-7f3f-11f0-a027-1cce51281be1,
루크하우스(상상의집),신현수,"정조 임금과 수원 화성 이야기, <정조 대왕께 올림> 신현수 작가와의 만남",어린이(고학년),비대면,"일반 강연 기타, 교양/문화",https://www.bookseed.kr/program/lecture/e207c096-7f3f-11f0-a027-1cce51281be1,
위즈덤하우스,이연우,<찾아봐요! 복작복작 서울에 사는 동물들> 도감 만들기,어린이(고학년),대면/미정,"활동/워크숍 기타, 교양/문화",https://www.bookseed.kr/program/lecture/e205c874-7f3f-11f0-a027-1cce51281be1,
그린애플,이귤희,지구와 공존하는 우리!,어린이(고학년),대면/미정,"일반 강연 문학, 교양/문화",https://www.bookseed.kr/program/lecture/e2047240-7f3f-11f0-a027-1cce51281be1,
달그림,신유미,【청소년/어린이/성인】피아노연주로 듣는 그림책콘서트 『알바트로스의 꿈』 ‘진짜 나의 꿈을 찾아서 떠나는 길’,어린이(고학년),비대면,"활동/워크숍 문학, art",https://www.bookseed.kr/program/lecture/e2041f55-7f3f-11f0-a027-1cce51281be1,
리듬문고(아름다운사람들),고정욱,나를 알수록 나의길이 보인다,어린이(고학년),대면/미정,"일반 강연 career, 기타",https://www.bookseed.kr/program/lecture/e2032403-7f3f-11f0-a027-1cce51281be1,
우리학교,최은영,자기 사랑 연습,어린이(고학년),비대면,일반 강연 문학,https://www.bookseed.kr/program/lecture/e2022f15-7f3f-11f0-a027-1cce51281be1,
우리학교,홍종의,"생명의 소중함, 생태적 삶",어린이(고학년),비대면,일반 강연 문학,https://www.bookseed.kr/program/lecture/e202275f-7f3f-11f0-a027-1cce51281be1,
리틀씨앤톡,이미례,어린이와 길고양이가 함께 부르는 희망의 노래 <시계 수리점의 아기 고양이>,어린이(고학년),대면/미정,"일반 강연 문학, writing",https://www.bookseed.kr/program/lecture/e1ff845b-7f3f-11f0-a027-1cce51281be1,
별숲,은경,나와 반려동물이 만나기까지 일어날 수 있는 일들,어린이(고학년),비대면,"일반 강연 문학, creative",https://www.bookseed.kr/program/lecture/e1feed59-7f3f-11f0-a027-1cce51281be1,
상상아카데미,국립과천과학관 김선자,코로나19가 인간에게 전하는 메시지,어린이(고학년),비대면,일반 강연 기타,https://www.bookseed.kr/program/lecture/e1fed009-7f3f-11f0-a027-1cce51281be1,
상상아카데미,국립과천과학관 박대영,태양계를 소개합니다!,어린이(고학년),비대면,일반 강연 기타,https://www.bookseed.kr/program/lecture/e1feccc4-7f3f-11f0-a027-1cce51281be1,
상상아카데미,국립과천과학관 정원영,지구의 바다를 소개합니다!,어린이(고학년),비대면,일반 강연 기타,https://www.bookseed.kr/program/lecture/e1fec81d-7f3f-11f0-a027-1cce51281be1,
(도서출판)봄볕,이소완,『맹물 옆에 콩짱 옆에 깜돌이』 작가와의 만남,어린이(고학년),대면/미정,"일반 강연 문학, writing",https://www.bookseed.kr/program/lecture/e1fb16ad-7f3f-11f0-a027-1cce51281be1,
나무말미,용민하,작가와 함께하는 책읽기 책놀이,어린이(고학년),비대면,"bookplay 문학, creative",https://www.bookseed.kr/program/lecture/e1fb0864-7f3f-11f0-a027-1cce51281be1,
서사원,신영환,1등급 공부법,어린이(고학년),비대면,"일반 강연 기타, career",https://www.bookseed.kr/program/lecture/e1fa428a-7f3f-11f0-a027-1cce51281be1,
서사원,류유,초등생을 위한 수학 공부몸 만들기,어린이(고학년),비대면,"일반 강연 기타, 교양/문화",https://www.bookseed.kr/program/lecture/e1fa3b14-7f3f-11f0-a027-1cce51281be1,
특별한서재,이상권,"마음의 소리에 귀를 기울여 봐, 꿈이 생겨날 거야!",어린이(고학년),비대면,"일반 강연 문학, 교양/문화",https://www.bookseed.kr/program/lecture/e1f9c0a7-7f3f-11f0-a027-1cce51281be1,
지학사아르볼,신현수,"슬기로운 경제생활과 똑똑한 돈 관리법 배우기, <출동! 머니 뭐니 클럽> 신현수 작가와의 만남",어린이(고학년),비대면,"일반 강연 문학, 교양/문화",https://www.bookseed.kr/program/lecture/e1f944d4-7f3f-11f0-a027-1cce51281be1,
이지북,명소정,내가 누구인지는 바로 내가 정해! <북극여우 리사> 명소정 작가와의 만남,어린이(고학년),대면/미정,"일반 강연 교양/문화, 기타",https://www.bookseed.kr/program/lecture/e1f909d0-7f3f-11f0-a027-1cce51281be1,
서유재,김태호,나를 지키는 방법,어린이(고학년),대면/미정,"일반 강연 문학, 사회",https://www.bookseed.kr/program/lecture/e1f7aa25-7f3f-11f0-a027-1cce51281be1,
그린애플,이규희,진정한 우정은 무엇일까?,어린이(고학년),대면/미정,"일반 강연 문학, 기타",https://www.bookseed.kr/program/lecture/e1f75d88-7f3f-11f0-a027-1cce51281be1,
한솔수북,이명환,아버지와 삶과 예술,어린이(고학년),비대면,"일반 강연 art, 사회",https://www.bookseed.kr/program/lecture/e1f737de-7f3f-11f0-a027-1cce51281be1,
리틀씨앤톡,정복현,두근두근 설레는 이벤트 <이벤트 왕 뽑기 대회>,어린이(고학년),비대면,"일반 강연 문학, 기타",https://www.bookseed.kr/program/lecture/e1f69963-7f3f-11f0-a027-1cce51281be1,
리틀씨앤톡,차유진,우리 반 다빈치 : 상상력은 관찰에서 시작된다.,어린이(고학년),비대면,"일반 강연 문학, art",https://www.bookseed.kr/program/lecture/e1f67cce-7f3f-11f0-a027-1cce51281be1,
리틀씨앤톡,차유진,김홍도와 [송하맹호도]의 비밀 - <우리 반 김홍도>,어린이(고학년),비대면,"일반 강연 문학, art",https://www.bookseed.kr/program/lecture/e1f65e2c-7f3f-11f0-a027-1cce51281be1,
리틀씨앤톡,김하은,혐오와 차별을 넘어 평화의 손을 잡자! <우리 반 안중근>,어린이(고학년),비대면,"일반 강연 문학, 사회",https://www.bookseed.kr/program/lecture/e1f64508-7f3f-11f0-a027-1cce51281be1,
리틀씨앤톡,윤해연,지구 소년 보고서 함께 읽기 <지구 소년 보고서>,어린이(고학년),비대면,"일반 강연 문학, career",https://www.bookseed.kr/program/lecture/e1f5e399-7f3f-11f0-a027-1cce51281be1,
리틀씨앤톡,은경,팬데믹 시대에 만난 허준 <우리 반 허준>,어린이(고학년),비대면,"일반 강연 사회, career",https://www.bookseed.kr/program/lecture/e1f5ddca-7f3f-11f0-a027-1cce51281be1,
이지북,남세오,마지막 드래곤 에린의 모험!_남세오 작가와의 만남,어린이(고학년),비대면,"일반 강연 교양/문화, 기타",https://www.bookseed.kr/program/lecture/e1f5d4ff-7f3f-11f0-a027-1cce51281be1,
별숲,최은영,진짜 멋진 ‘나’로 살기,어린이(고학년),비대면,"일반 강연 문학, 기타",https://www.bookseed.kr/program/lecture/e1f50e16-7f3f-11f0-a027-1cce51281be1,
서유재,이병승,지구를 살리는 방법,어린이(고학년),대면/미정,"일반 강연 문학, 사회",https://www.bookseed.kr/program/lecture/e1f467c3-7f3f-11f0-a027-1cce51281be1,
서유재,이병승,좋은 삶에 대한 질문,어린이(고학년),대면/미정,"일반 강연 문학, 사회",https://www.bookseed.kr/program/lecture/e1f42c49-7f3f-11f0-a027-1cce51281be1,
리틀씨앤톡,양인자,편견과 차별의 끝은 무엇일까 <사람을 찾습니다>,어린이(고학년),대면/미정,"창작 문학, 인문",https://www.bookseed.kr/program/lecture/e1f3bb96-7f3f-11f0-a027-1cce51281be1,https://search1.kakaocdn.net/thumb/R120x174.q85/?fname=http%3A%2F%2Ft1.daumcdn.net%2Flbook%2Fimage%2F5585957%3Ftimestamp%3D20241123144920
계수나무,이범재,꾸고 - 나의 바다를 찾아요.,어린이(고학년),비대면,"일반 강연 creative, 기타",https://www.bookseed.kr/program/lecture/e1f394d6-7f3f-11f0-a027-1cce51281be1,
계수나무,장준영,나무 모자를 만들어요,어린이(고학년),비대면,"창작 art, 기타",https://www.bookseed.kr/program/lecture/e1f38e40-7f3f-11f0-a027-1cce51281be1,
리틀씨앤톡,박남희,"해상왕, 무역왕, 외교왕 장보고 <우리 반 장보고>",어린이(고학년),비대면,"활동/워크숍 creative, 기타",https://www.bookseed.kr/program/lecture/e1f2d2ee-7f3f-11f0-a027-1cce51281be1,
리틀씨앤톡,정복현,정복현 작가와 함께하는 인권교실 <오월의 편지>,어린이(고학년),비대면,"활동/워크숍 문학, 기타",https://www.bookseed.kr/program/lecture/e1f29f37-7f3f-11f0-a027-1cce51281be1,
책고래,박예분,<우리 형> :나에게 아주 특별한 우리 형,어린이(고학년),비대면,"일반 강연 문학, 기타",https://www.bookseed.kr/program/lecture/e1f1b345-7f3f-11f0-a027-1cce51281be1,
신아,박예분,<달이의 신랑감은 누구일까?> :먼지차별,어린이(고학년),비대면,"일반 강연 그림책, 기타",https://www.bookseed.kr/program/lecture/e1f178f3-7f3f-11f0-a027-1cce51281be1,
별숲,윤주성,요괴를 통해 나의 마음과 사회 문제 알아보기,어린이(고학년),비대면,"일반 강연 문학, 기타",https://www.bookseed.kr/program/lecture/e1eff657-7f3f-11f0-a027-1cce51281be1,
별숲,오민영,네 꿈을 펼쳐 봐!,어린이(고학년),대면/미정,"일반 강연 문학, career",https://www.bookseed.kr/program/lecture/e1efc34e-7f3f-11f0-a027-1cce51281be1,
숨쉬는책공장,윤영선,장영실과 갈릴레오 갈릴레이,어린이(고학년),비대면,"일반 강연 문학, 교양/문화",https://www.bookseed.kr/program/lecture/e1efb064-7f3f-11f0-a027-1cce51281be1,
숨쉬는책공장,윤영선,유관순과 잔 다르크,어린이(고학년),비대면,"일반 강연 문학, 교양/문화",https://www.bookseed.kr/program/lecture/e1efab43-7f3f-11f0-a027-1cce51281be1,
숨쉬는책공장,윤영선,울림에 울림을 더하여,어린이(고학년),비대면,"일반 강연 문학, 교양/문화",https://www.bookseed.kr/program/lecture/e1efa04a-7f3f-11f0-a027-1cce51281be1,
창비,김중미,"『곁에 있다는 것 』:파수꾼처럼 우리 곁을 든든히 지켜 온 작가 김중미, 다시 희망을 이야기하다",어린이(고학년),비대면,"일반 강연 문학, creative",https://www.bookseed.kr/program/lecture/e1ef9644-7f3f-11f0-a027-1cce51281be1,
마술피리,"김하연 (지은이), 송효정 (그림)",나만의 '소능력'을 찾아라!,어린이(고학년),비대면,"일반 강연 문학, 기타",https://www.bookseed.kr/program/lecture/e1ef8230-7f3f-11f0-a027-1cce51281be1,
파란자전거,원유순,"노동자의 권리, 인권",어린이(고학년),대면/미정,"일반 강연 문학, 사회",https://www.bookseed.kr/program/lecture/e1ef6a2f-7f3f-11f0-a027-1cce51281be1,
초록개구리,썬(권선영),<놀다 보니 집이 뚝딱!> 썬 작가와의 만남 :어린이 건축 수업,어린이(고학년),비대면,"활동/워크숍 art, creative",https://www.bookseed.kr/program/lecture/e1edb49a-7f3f-11f0-a027-1cce51281be1,
소동,한성원,#역사 / 인권을 읽는 그림책_일본군 '위안부' 피해자 할머니를 기억합니다.,어린이(고학년),비대면,"일반 강연 사회, 기타",https://www.bookseed.kr/program/lecture/e1ecfaf6-7f3f-11f0-a027-1cce51281be1,
별숲,전성현,"<일 년 전 로드 뷰> 전성현 작가와의 만남 :어느 날, 우리에게 재난이 닥친다면?",어린이(고학년),비대면,"일반 강연 문학, 기타",https://www.bookseed.kr/program/lecture/e1ec8134-7f3f-11f0-a027-1cce51281be1,https://search1.kakaocdn.net/thumb/R120x174.q85/?fname=http%3A%2F%2Ft1.daumcdn.net%2Flbook%2Fimage%2F5736463%3Ftimestamp%3D20240529144755
별숲,이나영,진짜 ‘나’로 사는 법,어린이(고학년),비대면,"일반 강연 문학, 기타",https://www.bookseed.kr/program/lecture/e1ec1594-7f3f-11f0-a027-1cce51281be1,
이지북,박현숙,백설공주가 악플 때문에 죽었다고?_<신비한 유령 박물관> 박현숙 작가와의 만남,어린이(고학년),비대면,"일반 강연 교양/문화, 기타",https://www.bookseed.kr/program/lecture/e1ebf5dc-7f3f-11f0-a027-1cce51281be1,
이지북,박현숙,역사책에는 없는 전쟁 속 우리 삶 이야기_<스파이 박물관> 박현숙 작가와의 만남,어린이(고학년),비대면,"일반 강연 교양/문화, 기타",https://www.bookseed.kr/program/lecture/e1ebf232-7f3f-11f0-a027-1cce51281be1,
미래아이,김영주,나는 왜 하얄까,어린이(고학년),비대면,"일반 강연 기타, 교양/문화",https://www.bookseed.kr/program/lecture/e1eb8de8-7f3f-11f0-a027-1cce51281be1,
소원나무,신은영,"<숲의 아이, 스완> 저자 강연",어린이(고학년),비대면,"일반 강연 문학, creative",https://www.bookseed.kr/program/lecture/e1eb56c3-7f3f-11f0-a027-1cce51281be1,
별숲,이명희,<첫사랑 예방주사> :내 마음 예방접종,어린이(고학년),비대면,"일반 강연 문학, creative",https://www.bookseed.kr/program/lecture/e1eb41e7-7f3f-11f0-a027-1cce51281be1,https://search1.kakaocdn.net/thumb/R120x174.q85/?fname=http%3A%2F%2Ft1.daumcdn.net%2Flbook%2Fimage%2F5649176%3Ftimestamp%3D20221003225922
숨쉬는책공장,곽영미,<신기한 닮은꼴 과학> 곽영미 작가와의 만남 :자연과 과학 기술 이야기 (어린이 및 학생 대상),어린이(고학년),비대면,활동/워크숍 기타,https://www.bookseed.kr/program/lecture/e1eaf9e3-7f3f-11f0-a027-1cce51281be1,
별숲,홍민정,모두 웃는 장례식'은 정말 가능할까?,어린이(고학년),비대면,"일반 강연 문학, 기타",https://www.bookseed.kr/program/lecture/e1ea1dcc-7f3f-11f0-a027-1cce51281be1,
도서출판 꿈터,김경옥,<우리는 일년 내내 방학이에요> 김경옥 작가와의 만남,어린이(고학년),대면/미정,"일반 강연 문학, 기타",https://www.bookseed.kr/program/lecture/e1e9a62e-7f3f-11f0-a027-1cce51281be1,
다림,미우,공포시리즈' 그림책 공연 & 강연,어린이(고학년),비대면,"창작 creative, 기타",https://www.bookseed.kr/program/lecture/e1e93d23-7f3f-11f0-a027-1cce51281be1,
파랑새,우미옥,『동굴을 믿어줘』 우미옥 작가와 만남,어린이(고학년),비대면,"일반 강연 문학, writing",https://www.bookseed.kr/program/lecture/e1e92b54-7f3f-11f0-a027-1cce51281be1,
서유재,박현숙,착한 공동체주의의 힘,어린이(고학년),대면/미정,"일반 강연 문학, 사회",https://www.bookseed.kr/program/lecture/e1e7d53a-7f3f-11f0-a027-1cce51281be1,
서유재,이조은,진정한 '나다움'을 찾아서,어린이(고학년),비대면,"활동/워크숍 문학, art",https://www.bookseed.kr/program/lecture/e1e79236-7f3f-11f0-a027-1cce51281be1,
웃는돌고래,김단비,책으로 떠나는 맛 여행,어린이(고학년),비대면,"bookplay 교양/문화, 문학",https://www.bookseed.kr/program/lecture/e1e460d4-7f3f-11f0-a027-1cce51281be1,
소원나무,최상아,<고스트슛 게임> 저자 강연,어린이(고학년),비대면,"일반 강연 문학, 기타",https://www.bookseed.kr/program/lecture/e1e44763-7f3f-11f0-a027-1cce51281be1,
별숲,최은영,"우리, 같이, 함께하는 세상",어린이(고학년),비대면,"일반 강연 문학, 기타",https://www.bookseed.kr/program/lecture/e1e3d323-7f3f-11f0-a027-1cce51281be1,
소원나무,정명섭,<오싹한 경고장> 작가 강연,어린이(고학년),비대면,"일반 강연 문학, creative",https://www.bookseed.kr/program/lecture/e1e2142f-7f3f-11f0-a027-1cce51281be1,
우리학교,김예원,"같이 살아간다는 것, 장애인권 이야기",어린이(고학년),대면/미정,일반 강연 기타,https://www.bookseed.kr/program/lecture/e1e1c09b-7f3f-11f0-a027-1cce51281be1,
우리학교,김미경,"비폭력대화, 갈등 중재",어린이(고학년),비대면,일반 강연 기타,https://www.bookseed.kr/program/lecture/e1e1ab68-7f3f-11f0-a027-1cce51281be1,
우리학교,김범준,"통계물리학, 빅데이터",어린이(고학년),대면/미정,"일반 강연 기타, 교양/문화",https://www.bookseed.kr/program/lecture/e1e19db0-7f3f-11f0-a027-1cce51281be1,
우리학교,황지영,<햇빛초 대나무 숲에 새 글이 올라왔습니다> 황지영 작가와의 만남,어린이(고학년),비대면,일반 강연 문학,https://www.bookseed.kr/program/lecture/e1e181bf-7f3f-11f0-a027-1cce51281be1,
별숲,신양진,"식량문제와 유전자조작 식품(기술), 그리고 우리의 지구",어린이(고학년),비대면,"일반 강연 문학, 기타",https://www.bookseed.kr/program/lecture/e1e148bf-7f3f-11f0-a027-1cce51281be1,
창비,김중미,"위대한 약자, 길 위의 동물 <꽃섬 고양이> 김중미 작가와의 만남",어린이(고학년),비대면,"일반 강연 philosophy, 사회",https://www.bookseed.kr/program/lecture/e1e04760-7f3f-11f0-a027-1cce51281be1,https://search1.kakaocdn.net/thumb/R120x174.q85/?fname=http%3A%2F%2Ft1.daumcdn.net%2Flbook%2Fimage%2F533080%3Ftimestamp%3D20231124162805
별숲,김정숙,동화작가 김정숙과 함께 하는 친구이야기,어린이(고학년),대면/미정,"일반 강연 문학, 기타",https://www.bookseed.kr/program/lecture/e1e01dfe-7f3f-11f0-a027-1cce51281be1,
바우솔,서석영,<책 도둑 할머니> 서석영 작가와의 만남,어린이(고학년),비대면,"일반 강연 사회, 문학",https://www.bookseed.kr/program/lecture/e1df4714-7f3f-11f0-a027-1cce51281be1,
잇츠북어린이,원유순,"유튜브 활동, SNS <세상을 바꾸는 크리에이터> 원유순 작가와의 만남",어린이(고학년),대면/미정,"일반 강연 사회, philosophy",https://www.bookseed.kr/program/lecture/e1deaf74-7f3f-11f0-a027-1cce51281be1,
파란자전거,원유순,난민과 인권 <떠돌이별> 원유순 작가와의 만남,어린이(고학년),대면/미정,"일반 강연 사회, 인문",https://www.bookseed.kr/program/lecture/e1deab56-7f3f-11f0-a027-1cce51281be1,
소원나무,정설아,<거울폭포와 탐별> 작가 강연,어린이(고학년),대면/미정,"일반 강연 문학, creative",https://www.bookseed.kr/program/lecture/e1de319f-7f3f-11f0-a027-1cce51281be1,
뜨인돌어린이,박혜선,내 마음을 어루만져 주는 따뜻한 동시,어린이(고학년),대면/미정,"일반 강연 문학, 기타",https://www.bookseed.kr/program/lecture/e1db6e32-7f3f-11f0-a027-1cce51281be1,
뜨인돌어린이,안오일,<막난 할미와 로봇곰 덜덜> :만약 내가 독거노인이 된다면?,어린이(고학년),대면/미정,"일반 강연 교양/문화, 사회",https://www.bookseed.kr/program/lecture/e1db6a7e-7f3f-11f0-a027-1cce51281be1,
뜨인돌어린이,박현숙,나의 든든한 지원군 '가족' 이야기,어린이(고학년),대면/미정,"일반 강연 교양/문화, 사회",https://www.bookseed.kr/program/lecture/e1db68b9-7f3f-11f0-a027-1cce51281be1,
뜨인돌,박정완,그림책 작가와 함께 알아보는 '그림책 만들기',어린이(고학년),대면/미정,"창작 creative, 문학",https://www.bookseed.kr/program/lecture/e1db648a-7f3f-11f0-a027-1cce51281be1,
뜨인돌어린이,김현욱,동화로 착한 마음 끄집어내기,어린이(고학년),대면/미정,"일반 강연 문학, 교양/문화",https://www.bookseed.kr/program/lecture/e1db628f-7f3f-11f0-a027-1cce51281be1,
뜨인돌,곽경훈,닥터K가 들려주는 의사 그리고 응급실 이야기,어린이(고학년),대면/미정,"일반 강연 career, 교양/문화",https://www.bookseed.kr/program/lecture/e1db606a-7f3f-11f0-a027-1cce51281be1,
자음과모음,김승태,"운동을 잘하려면 수학을 잘해야 한다고요?_<이기는 스포츠, 수학·과학으로 답을 찾아라> 김승태 작가와의 만남",어린이(고학년),비대면,"일반 강연 교양/문화, 기타",https://www.bookseed.kr/program/lecture/e1db2758-7f3f-11f0-a027-1cce51281be1,
스푼북,김해등,공부 못해도 잘하는 것 하나로 세상의 중심이 될 수 있다!,어린이(고학년),대면/미정,"일반 강연 art, 교양/문화",https://www.bookseed.kr/program/lecture/e1db2400-7f3f-11f0-a027-1cce51281be1,
스푼북,임지형,따로 또 같이 행복해지는 가족이야기,어린이(고학년),비대면,"일반 강연 사회, 교양/문화",https://www.bookseed.kr/program/lecture/e1db21a4-7f3f-11f0-a027-1cce51281be1,
스푼북,신현수,"역사동화로 배우는 민주주의 이야기, <사월의 노래> 신현수 작가와의 만남",어린이(고학년),비대면,"일반 강연 사회, 교양/문화",https://www.bookseed.kr/program/lecture/e1db114c-7f3f-11f0-a027-1cce51281be1,
스푼북,신현수,"역사동화로 배우는 한국전쟁 이야기, <그해 유월은> 신현수 작가와의 만남",어린이(고학년),비대면,"일반 강연 사회, 교양/문화",https://www.bookseed.kr/program/lecture/e1db07a5-7f3f-11f0-a027-1cce51281be1,
자음과모음,이명수,욕심 많고 이기적인 아이들_<욕심을 버리고 예의를 실천해요> 이명수 작가와의 만남,어린이(고학년),비대면,"일반 강연 교양/문화, 기타",https://www.bookseed.kr/program/lecture/e1dae45c-7f3f-11f0-a027-1cce51281be1,
도담소리,이옥선,<내 마음 나도 몰라> 이옥선 작가와의 만남,어린이(고학년),대면/미정,"일반 강연 교양/문화, 문학",https://www.bookseed.kr/program/lecture/e1da7de0-7f3f-11f0-a027-1cce51281be1,
소원나무,최정환,<유라시아 라이더> 작가 강연,어린이(고학년),비대면,"일반 강연 교양/문화, 사회",https://www.bookseed.kr/program/lecture/e1da4873-7f3f-11f0-a027-1cce51281be1,
라임,김아영,<제멋대로 버디> 장애와 비장애를 나누는 세상의 편견 뛰어넘기,어린이(고학년),대면/미정,"일반 강연 문학, career",https://www.bookseed.kr/program/lecture/e1d792c3-7f3f-11f0-a027-1cce51281be1,
크레용하우스,서지원,"4차 산업과 인공지능, 미래 직업과 진로",어린이(고학년),비대면,"일반 강연 기타, career",https://www.bookseed.kr/program/lecture/e1d75be9-7f3f-11f0-a027-1cce51281be1,
별숲,백은하,<기억하자> 잊지 말아야 할 우리 사회의 의인들.,어린이(고학년),비대면,"일반 강연 문학, 사회",https://www.bookseed.kr/program/lecture/e1d72a25-7f3f-11f0-a027-1cce51281be1,
서유재,윤혜숙(글),동화로 만나는 전통문화와 역사,어린이(고학년),비대면,"일반 강연 문학, 사회",https://www.bookseed.kr/program/lecture/e1d6b47c-7f3f-11f0-a027-1cce51281be1,
라임,김하은,<꿈꾸는 극장의 비밀> 꿈을 찾는 아이들과 극장에 숨겨진 꿈,어린이(고학년),대면/미정,"일반 강연 인문, art",https://www.bookseed.kr/program/lecture/e1d69d8a-7f3f-11f0-a027-1cce51281be1,
별숲,김소연,걱정을 당당하게 마주하는 방법,어린이(고학년),비대면,"일반 강연 문학, 기타",https://www.bookseed.kr/program/lecture/e1d63808-7f3f-11f0-a027-1cce51281be1,
웃는돌고래,강창훈,어린이를 위한 우리 유물 이야기,어린이(고학년),대면/미정,"일반 강연 art, 교양/문화",https://www.bookseed.kr/program/lecture/e1d5bb3b-7f3f-11f0-a027-1cce51281be1,
웃는돌고래,정숙영,우리 유물에 얽힌 옛이야기,어린이(고학년),대면/미정,"일반 강연 문학, 교양/문화",https://www.bookseed.kr/program/lecture/e1d58cd6-7f3f-11f0-a027-1cce51281be1,
웃는돌고래,윤정선,우리도 의병이 될 수 있을까?,어린이(고학년),비대면,"일반 강연 인문, 교양/문화",https://www.bookseed.kr/program/lecture/e1d58822-7f3f-11f0-a027-1cce51281be1,
반달 (킨더랜드),이순옥,색깔이 말을 해. (작가와의 만남 + 나의 색깔풍선 만들기),어린이(고학년),비대면,"창작 art, 인문",https://www.bookseed.kr/program/lecture/e1d57872-7f3f-11f0-a027-1cce51281be1,
북멘토,최영희,<현아의 장풍>,어린이(고학년),대면/미정,"일반 강연 문학, creative",https://www.bookseed.kr/program/lecture/e1d56895-7f3f-11f0-a027-1cce51281be1,
샘터출판사,조경숙,일본은 조선을 어떻게 침략했나?,어린이(고학년),대면/미정,"일반 강연 creative, 기타",https://www.bookseed.kr/program/lecture/e1d4ea9e-7f3f-11f0-a027-1cce51281be1,
별숲,방미진,무서운 게 재밌어?,어린이(고학년),비대면,"일반 강연 문학, 기타",https://www.bookseed.kr/program/lecture/e1d4d18e-7f3f-11f0-a027-1cce51281be1,
파란자전거,정화진,<슬픈 노벨상> 정화진 작가와의 만남,어린이(고학년),대면/미정,"일반 강연 기타, 교양/문화",https://www.bookseed.kr/program/lecture/e1d4a078-7f3f-11f0-a027-1cce51281be1,
옐로스톤,김정애,환경을 살리고 더불어 살아가는 방법을 이야기 나누어요,어린이(고학년),대면/미정,"일반 강연 문학, 사회",https://www.bookseed.kr/program/lecture/e1d46c83-7f3f-11f0-a027-1cce51281be1,
도서출판 꿈터,고수산나,꼬마시장과 원자력 발전소,어린이(고학년),대면/미정,"일반 강연 문학, 기타",https://www.bookseed.kr/program/lecture/e1d3a0b5-7f3f-11f0-a027-1cce51281be1,
도서출판 꿈터,정성현,에너지를 지켜라,어린이(고학년),대면/미정,"일반 강연 교양/문화, 기타",https://www.bookseed.kr/program/lecture/e1d39f6a-7f3f-11f0-a027-1cce51281be1,
도서출판 꿈터,소중애,요코할바는 내 제자,어린이(고학년),대면/미정,"일반 강연 문학, 기타",https://www.bookseed.kr/program/lecture/e1d398e2-7f3f-11f0-a027-1cce51281be1,
도서출판 꿈터,이규희,기미년 태극기 특공대,어린이(고학년),대면/미정,"일반 강연 문학, 기타",https://www.bookseed.kr/program/lecture/e1d38de4-7f3f-11f0-a027-1cce51281be1,
별숲,이창숙,귀신보다 무서운 것은?,어린이(고학년),비대면,"일반 강연 문학, 기타",https://www.bookseed.kr/program/lecture/e1d349ac-7f3f-11f0-a027-1cce51281be1,
도서출판 우리학교,이란주,지금 여기 ‘이주민’ 이야기에 귀 기울이는 시간,어린이(고학년),대면/미정,"일반 강연 사회, 기타",https://www.bookseed.kr/program/lecture/e1d25c23-7f3f-11f0-a027-1cce51281be1,
숨쉬는책공장,곽민수,<무엇이 반짝일까?> 곽민수 작가와의 만남,어린이(고학년),비대면,"창작 기타, 사회",https://www.bookseed.kr/program/lecture/e1d1cf25-7f3f-11f0-a027-1cce51281be1,
별숲,노진희,우리를 자유롭게 하는 용기에 대하여,어린이(고학년),비대면,"일반 강연 문학, 기타",https://www.bookseed.kr/program/lecture/e1d1be6f-7f3f-11f0-a027-1cce51281be1,
북바이북,권정희,청소년을 위한 필사 가이드: 하루 5줄로 향상되는 문장력,어린이(고학년),대면/미정,"활동/워크숍 writing, 인문",https://www.bookseed.kr/program/lecture/e1d158b8-7f3f-11f0-a027-1cce51281be1,
반달 (킨더랜드),김수진,지피지기면 백전백승! 애니어그램으로 나를 알고 나만의 그림책 만들기,어린이(고학년),비대면,"창작 교양/문화, 기타",https://www.bookseed.kr/program/lecture/e1d0e1d6-7f3f-11f0-a027-1cce51281be1,
반달 (킨더랜드),김수진,"알록달록 펭귄, 지우개스탬프로 만들어요.",어린이(고학년),비대면,"활동/워크숍 creative, art",https://www.bookseed.kr/program/lecture/e1d0a697-7f3f-11f0-a027-1cce51281be1,
별숲,이귤희,우리도 월드체인저가 될 수 있어요.,어린이(고학년),대면/미정,"일반 강연 문학, 기타",https://www.bookseed.kr/program/lecture/e1d0377e-7f3f-11f0-a027-1cce51281be1,
도토리숲,김일옥,선교사의 눈으로 본 1919년,어린이(고학년),비대면,"일반 강연 문학, 교양/문화",https://www.bookseed.kr/program/lecture/e1cee371-7f3f-11f0-a027-1cce51281be1,
서유재,박현숙,관심으로 시작하는 동물복지,어린이(고학년),대면/미정,"일반 강연 문학, 기타",https://www.bookseed.kr/program/lecture/e1ce7062-7f3f-11f0-a027-1cce51281be1,
우주나무,정하섭,책과 작가의 세계- 정하섭 작가와의 만남,어린이(고학년),대면/미정,"일반 강연 creative, 교양/문화",https://www.bookseed.kr/program/lecture/e1cde9b9-7f3f-11f0-a027-1cce51281be1,
궁리,송경화,불량엄마가 들려주는 과학 이야기,어린이(고학년),대면/미정,"일반 강연 기타, 교양/문화",https://www.bookseed.kr/program/lecture/e1cdad29-7f3f-11f0-a027-1cce51281be1,
북극곰,최우근,<아! 병호> 작가와의 만남,어린이(고학년),대면/미정,"일반 강연 문학, creative",https://www.bookseed.kr/program/lecture/e1cd2c74-7f3f-11f0-a027-1cce51281be1,
별숲,최연숙,"백년 전 사람들이 상상한 현재, 현재 상상하는 백년 후 -상상력의 힘과 역사",어린이(고학년),비대면,"일반 강연 문학, creative",https://www.bookseed.kr/program/lecture/e1cd2833-7f3f-11f0-a027-1cce51281be1,
산지니,조미형,바다는 쓰레기통이 아니야!,어린이(고학년),비대면,"일반 강연 교양/문화, writing",https://www.bookseed.kr/program/lecture/e1ccea92-7f3f-11f0-a027-1cce51281be1,
사계절,진형민,"진형민 작가의 『미얀마, 마웅저 아저씨의 편지』 이야기",어린이(고학년),비대면,"일반 강연 creative, 기타",https://www.bookseed.kr/program/lecture/e1cb4a72-7f3f-11f0-a027-1cce51281be1,https://search1.kakaocdn.net/thumb/R120x174.q85/?fname=http%3A%2F%2Ft1.daumcdn.net%2Flbook%2Fimage%2F6748574%3Ftimestamp%3D20260404125717
창비,진형민,진형민 작가의 『사랑이 훅!』 이야기,어린이(고학년),비대면,"일반 강연 creative, 기타",https://www.bookseed.kr/program/lecture/e1cb2c66-7f3f-11f0-a027-1cce51281be1,https://search1.kakaocdn.net/thumb/R120x174.q85/?fname=http%3A%2F%2Ft1.daumcdn.net%2Flbook%2Fimage%2F6748574%3Ftimestamp%3D20260404125717
창비,진형민,진형민 작가의 『우리는 돈 벌러 갑니다』 이야기,어린이(고학년),비대면,"일반 강연 creative, 기타",https://www.bookseed.kr/program/lecture/e1cb16f6-7f3f-11f0-a027-1cce51281be1,https://search1.kakaocdn.net/thumb/R120x174.q85/?fname=http%3A%2F%2Ft1.daumcdn.net%2Flbook%2Fimage%2F6748574%3Ftimestamp%3D20260404125717
창비,진형민,"진형민 작가의 『소리 질러, 운동장』 이야기",어린이(고학년),비대면,"일반 강연 creative, 기타",https://www.bookseed.kr/program/lecture/e1caffd3-7f3f-11f0-a027-1cce51281be1,https://search1.kakaocdn.net/thumb/R120x174.q85/?fname=http%3A%2F%2Ft1.daumcdn.net%2Flbook%2Fimage%2F6748574%3Ftimestamp%3D20260404125717
지성사,최섭,천재 과학자들의 남다른 1% 시선,어린이(고학년),비대면,"일반 강연 교양/문화, 인문",https://www.bookseed.kr/program/lecture/e1ca6056-7f3f-11f0-a027-1cce51281be1,
지성사,문광연,"개구리, 도롱뇽, 뱀",어린이(고학년),비대면,"일반 강연 기타, 인문",https://www.bookseed.kr/program/lecture/e1ca5710-7f3f-11f0-a027-1cce51281be1,
잇츠북어린이,송아주,"착한 사람, 강한 사람(송아주선생님)",어린이(고학년),대면/미정,"일반 강연 문학, 인문",https://www.bookseed.kr/program/lecture/e1ca3d85-7f3f-11f0-a027-1cce51281be1,
별숲,이창숙,두근두근 첫사랑,어린이(고학년),비대면,"일반 강연 문학, 기타",https://www.bookseed.kr/program/lecture/e1c8600c-7f3f-11f0-a027-1cce51281be1,
별숲,이규희,"악플 없는 친구 사이, 사이좋은 친구 사이",어린이(고학년),대면/미정,"일반 강연 문학, 교양/문화",https://www.bookseed.kr/program/lecture/e1c85355-7f3f-11f0-a027-1cce51281be1,
별숲,김일옥,어린이 인권에 대해 생각해 보자,어린이(고학년),비대면,"활동/워크숍 문학, 사회",https://www.bookseed.kr/program/lecture/e1c7f09e-7f3f-11f0-a027-1cce51281be1,
북멘토(도서출판),"홍종의 (지은이), 박세영 (그림)","<몸을 씻는 냇물> 홍종의 작가와의 만남 : 세상을 이롭게 하는 냇물, ‘홍제천’이 품은 이야기",어린이(고학년),대면/미정,일반 강연 문학,https://www.bookseed.kr/program/lecture/e1c7654d-7f3f-11f0-a027-1cce51281be1,
한솔수북,이성강,애니메이션 보고 작가와 대화 나누기,어린이(고학년),대면/미정,"일반 강연 인문, 교양/문화",https://www.bookseed.kr/program/lecture/e1c75cf0-7f3f-11f0-a027-1cce51281be1,
뜨인돌,정재성,코딩 전에 알아야 할 컴퓨터 과학,어린이(고학년),대면/미정,일반 강연 기타,https://www.bookseed.kr/program/lecture/e1c723bf-7f3f-11f0-a027-1cce51281be1,
바우솔,서석영,<착한 내가 싫어> 서석영 작가와의 만남,어린이(고학년),비대면,"일반 강연 문학, 기타",https://www.bookseed.kr/program/lecture/e1c6e9f7-7f3f-11f0-a027-1cce51281be1,
수브랜드,김경혜,"600년 역사의 서울을 한 눈에, 한 손에!",어린이(고학년),대면/미정,"일반 강연 art, 기타",https://www.bookseed.kr/program/lecture/e1c6e17d-7f3f-11f0-a027-1cce51281be1,
창비,이남석,생활 속의 디자인과 창의성,어린이(고학년),대면/미정,"일반 강연 art, 교양/문화",https://www.bookseed.kr/program/lecture/e1c6d1fb-7f3f-11f0-a027-1cce51281be1,
한권의책,채인선,혼자보다 우리가 더 행복하다-다문화,어린이(고학년),비대면,"일반 강연 사회, 기타",https://www.bookseed.kr/program/lecture/e1c69153-7f3f-11f0-a027-1cce51281be1,
이야기꽃,유리,생명의 시간을 그리기 <돼지 이야기>,어린이(고학년),대면/미정,"일반 강연 art, creative",https://www.bookseed.kr/program/lecture/e1c68619-7f3f-11f0-a027-1cce51281be1,
이야기꽃,김유경,<바람의 맛> 작가와의 만남,어린이(고학년),대면/미정,"일반 강연 art, 기타",https://www.bookseed.kr/program/lecture/e1c677eb-7f3f-11f0-a027-1cce51281be1,
라임,유순희,<천하의 말 안듣는 개구리> 청개구리 우화로 살펴보는 가족 간 소통의 중요성,어린이(고학년),대면/미정,"일반 강연 문학, 기타",https://www.bookseed.kr/program/lecture/e1c4cb74-7f3f-11f0-a027-1cce51281be1,
창비,이광희,"이것이 궁금하다, 역사!",어린이(고학년),대면/미정,"일반 강연 인문, 교양/문화",https://www.bookseed.kr/program/lecture/e1c45f4d-7f3f-11f0-a027-1cce51281be1,
창비,김주현,조선 시대 위인들은 어떻게 공부했을까?,어린이(고학년),비대면,"일반 강연 인문, 기타",https://www.bookseed.kr/program/lecture/e1c457bd-7f3f-11f0-a027-1cce51281be1,
시공주니어,서석영,<고양이 카페> :상상력 학교,어린이(고학년),비대면,"일반 강연 교양/문화, 인문",https://www.bookseed.kr/program/lecture/e1c3ccea-7f3f-11f0-a027-1cce51281be1,
북극곰 출판사,이가을,동화 작가가 들려주는 이야기,어린이(고학년),대면/미정,"일반 강연 문학, writing",https://www.bookseed.kr/program/lecture/e1c26bda-7f3f-11f0-a027-1cce51281be1,https://search1.kakaocdn.net/thumb/R120x174.q85/?fname=http%3A%2F%2Ft1.daumcdn.net%2Flbook%2Fimage%2F929896%3Ftimestamp%3D20260501111100
킨더랜드(반달),허정윤,허정윤 선생님의 <노란장화> 이야기,어린이(고학년),비대면,"활동/워크숍 그림책, 기타",https://www.bookseed.kr/program/lecture/e1c0efcb-7f3f-11f0-a027-1cce51281be1,
웃는돌고래(이후),강창훈,작은 철학자가 만난 10인의 동양사상가,어린이(고학년),대면/미정,"일반 강연 philosophy, 기타",https://www.bookseed.kr/program/lecture/e1c0c959-7f3f-11f0-a027-1cce51281be1,
웃는돌고래(이후),김지연,마음이 행복해지는 미술 수업,어린이(고학년),대면/미정,"활동/워크숍 art, creative",https://www.bookseed.kr/program/lecture/e1c0c11b-7f3f-11f0-a027-1cce51281be1,
웃는돌고래(이후),오진희,"얘들아, 이모네 집에 놀러 올래?",어린이(고학년),대면/미정,"일반 강연 그림책, 교양/문화",https://www.bookseed.kr/program/lecture/e1c0b3fe-7f3f-11f0-a027-1cce51281be1,
봄볕(꿈꾸는꼬리연),유경숙,"마을 인문학, 마을 축제 이야기",어린이(고학년),대면/미정,"일반 강연 교양/문화, 사회",https://www.bookseed.kr/program/lecture/e1c0b0ff-7f3f-11f0-a027-1cce51281be1,
봄볕(꿈꾸는꼬리연),유경숙,"세계로 한 발짝, 세계 축제 탐방",어린이(고학년),대면/미정,"활동/워크숍 교양/문화, 사회",https://www.bookseed.kr/program/lecture/e1c0ae85-7f3f-11f0-a027-1cce51281be1,
웃는돌고래(이후),이효분,"옛이야기로 듣는 우리 음악, 좋을씨고!",어린이(고학년),대면/미정,"일반 강연 기타, art",https://www.bookseed.kr/program/lecture/e1c0a697-7f3f-11f0-a027-1cce51281be1,
창비,장선환,그림책 속 공룡과 로봇 그리기 및 재미있게 상상하여 이야기 만들기,어린이(고학년),대면/미정,"일반 강연 그림책, 기타",https://www.bookseed.kr/program/lecture/e1bff2c6-7f3f-11f0-a027-1cce51281be1,
별숲,송아주,"손바닥 전쟁터, 스마트폰",어린이(고학년),비대면,"일반 강연 사회, 교양/문화",https://www.bookseed.kr/program/lecture/e1bf7200-7f3f-11f0-a027-1cce51281be1,
북극곰,남강한,그림책 작가와 함께하는 ‘외계인을 만들어봐요!’,어린이(고학년),대면/미정,"활동/워크숍 그림책, 기타",https://www.bookseed.kr/program/lecture/e1bf4068-7f3f-11f0-a027-1cce51281be1,
청개구리,박예분,<뿔난 바다> :감추어진 역사의 진실을 찾아서,어린이(고학년),대면/미정,"일반 강연 교양/문화, 인문",https://www.bookseed.kr/program/lecture/e1bedf50-7f3f-11f0-a027-1cce51281be1,
청개구리,"박예분 (지은이), 홍태희 (그림)",<햇덩이 달덩이 빵 한덩이> 박예분 작가와 함께 즐거운 시쓰기,어린이(고학년),대면/미정,"일반 강연 creative, 기타",https://www.bookseed.kr/program/lecture/e1bebb4d-7f3f-11f0-a027-1cce51281be1,
창비,진형민,진형민 작가의 『기호 3번 안석뽕』 이야기,어린이(고학년),비대면,"일반 강연 creative, 기타",https://www.bookseed.kr/program/lecture/e1b6c508-7f3f-11f0-a027-1cce51281be1,https://search1.kakaocdn.net/thumb/R120x174.q85/?fname=http%3A%2F%2Ft1.daumcdn.net%2Flbook%2Fimage%2F6748574%3Ftimestamp%3D20260404125717
창비,진형민,진형민 작가의 『꼴뚜기』 이야기,어린이(고학년),비대면,"일반 강연 creative, 기타",https://www.bookseed.kr/program/lecture/e1b71f1b-7f3f-11f0-a027-1cce51281be1,https://search1.kakaocdn.net/thumb/R120x174.q85/?fname=http%3A%2F%2Ft1.daumcdn.net%2Flbook%2Fimage%2F6748574%3Ftimestamp%3D20260404125717
창비,정해영,세계의 옷 이야기,어린이(고학년),비대면,활동/워크숍 기타,https://www.bookseed.kr/program/lecture/e1b98861-7f3f-11f0-a027-1cce51281be1,
창비,정해영,패션이 역사를 흘러흘러,어린이(고학년),비대면,"활동/워크숍 art, 교양/문화",https://www.bookseed.kr/program/lecture/e1b9846a-7f3f-11f0-a027-1cce51281be1,
위즈덤하우스,정달리,내가 행크를 부르면,"어린이, 청소년, 성인",대면,"그림책 영원히 함께할 줄 알았던 '행크'가 어느 날 갑자기 먼 곳으로 떠났어요. 아무리 불러도 대답이 없어요. 아주아주 크게 부르면 행크가 듣고 돌아올 수 있을까요?
 
 그림책 《내가 행크를 부르면》은 반려동물을 떠나 보낸 슬픔을 함께 위로해 주고, 그 기억을 함께 떠올리면서 다정한 작별 인사를 건넬 수 있도록 도와줍니다. 정말 소중한 존재와 이별한 상처를 어떻게 하면 잘 극복하고 또 이겨낼 수 있을까요? 작가의 경험에서부터 비롯된 그림책을 함께 읽으며 그 답을 찾아가 보세요. 내 곁에 있는 사랑스러운 반려 동물을 떠올려 볼 수 있는 시간을 만들어 갑니다.",https://api.wisdomhouse.co.kr/api/v1/images?path=/kidsBookMeet/thumb/ad24386a7e2349678abdb14fc8947267.png,
위즈덤하우스,신순재,구석,유아(4~7세),대면,"그림책 ‘구석’하면 무엇이 떠오르나요? 모퉁이의 안쪽을 뜻하는 단어지만, ‘좋은 구석이 있다.’처럼 마음의 한 부분을 나타낼 때 쓰이는 말도 있습니다.
 
 그림책 《구석》은 구석이 가진 중의적인 의미를 잘 담고 있는 책입니다. 해수가 발견하는 찬이의 여러 구석들을 함께 읽어 가면서 나만 가지고 있는 ‘구석’이나 내 친구에게 있는 ‘구석’들을 발견해 보세요. 두 주인공의 사랑스러운 이야기를 쓴 신순재 작가와 그림책을 함께 읽으며 다양한 방법으로 내 속의 ‘구석’들을 발견해 나가는 시간입니다.",https://api.wisdomhouse.co.kr/api/v1/images?path=/kidsBookMeet/thumb/7b3c8c010cdc4761962f2b4ab2ba5b33.png,
위즈덤하우스,이재문,내 인생 치트 키,초등 4~6학년,대면,"문학 인생도 게임처럼 시간을 저장하고 불러올 수 있으면 어떤 일이 벌어질까요? 이야기가 탄생한 일화와 함께, 작가의 실패담을 듣습니다. 그리고 우리가 실수투성이 하루를 보내도 괜찮은 이유를 고민해 봅니다.
 
 1. 퀴즈로 알아보는 작품 이야기
 2. 실수투성이 하루를 보내도 괜찮은 이유
 3. 내 인생 치트 키는 무엇일까? (공유의 시간)
 4. Q&A : 질문과 답변",https://api.wisdomhouse.co.kr/api/v1/images?path=/kidsBookMeet/thumb/4f6c1b63c471446ea5cc5f38deb37a8e.JPG,
위즈덤하우스,이명환,마음 건설,"유아(4~7세), 초등 1~2학년",대면,"그림책 《마음 건설》은 마음의 작용을 집짓기라는 건축 개념에 빗대어 쉽고 재치 있게 전달하는 그림책입니다. 이명환 작가와 작업 이야기를 나누어 보고, 풍성한 독후 활동도 누려 보세요.",https://api.wisdomhouse.co.kr/api/v1/images?path=/kidsBookMeet/thumb/90c6ecb4178643d09b0b63a2b4de1828.jpg,
위즈덤하우스,이세현,하얀 여름을 데려왔어,"유아(4~7세), 초등 1~2학년",대면,"그림책 볏짚도깨비 도롱이, 하늘에서 떨어진 별똥이, 눈뭉치도깨비 조랭이가 함께 맞이하는 하얀 여름! 새하얀 만년설 과수원에서 맞이한 세상에서 가장 달콤하고 시원한 여름을 만나 보세요. 이세현 작가와 작업 이야기를 나누어 보고, 여름 모빌 만들기로 풍성한 독후 활동도 누려 보세요.",https://api.wisdomhouse.co.kr/api/v1/images?path=/kidsBookMeet/thumb/acb276810f2948e8813a09f432bd2635.jpeg,
위즈덤하우스,김하연,너무 늦은 안녕은 없다,청소년,대면,"문학 1. 들어가며 
 _작가 소개
 _집필 동기와 창작 배경
 
 2. 본 강연 
 _청소년기 관계의 빛과 그림자 : 타인에게 손을 내미는 선한 의지의 힘 
 _‘이별’이라는 불가항력 앞에서 : 우리의 삶이 이별로부터 자유로울 수 없는 이유
 _한 번뿐인 삶을 소중히 살아내는 방법에 대하여
 
 3. 학생 참여 활동
 _‘늦기 전에 건네는 5분 타임캡슐’
 : 내일 당장 이별해야 한다면, 나는 어떤 사람에게 어떤 말을 남길까?
 
 4. 작가의 비하인드
 _서사의 조력자에서 창조자로, 작가가 되기까지의 여정 
 
 5. 질의응답 및 도서 사인",https://api.wisdomhouse.co.kr/api/v1/images?path=/kidsBookMeet/thumb/f593c7e6ffe5484486f51e7521ddbcd7.jpg,
위즈덤하우스,박주혜,행운의 남신,초등 3~4학년,대면,"문학 1. 강연 개요
 
  행운은 어디에서 오는 걸까요? 많은 사람이 행운을 특별한 사건이나 우연한 기회라고 생각합니다. 하지만 『행운의 남신』 주인공 이남신은 친구들에게 좋은 일이 생길 때마다 자신도 함께 기뻐하고, 주변의 작은 행복들을 발견하며 살아갑니다.
  우리는 종종 다른 사람의 좋은 점은 쉽게 발견하면서도, 자신의 장점과 노력을 알아보는 데는 서툽니다. 그래서 스스로 부족하게 여기거나 “나는 운 없는 사람이야.”라고 생각하기도 하지요. 하지만 내가 가진 강점과 긍정성을 발견하는 순간, 행운은 멀리 있는 것이 아니라 내 안에도 있다는 것을 알게 됩니다.
  아이들과 함께 『행운의 남신』을 나누며 행운의 의미를 새롭게 생각해 봅니다. 또한 자신을 자세히 관찰하고, 스스로 장점과 가능성을 발견하며, 나를 응원하는 힘을 기르는 시간을 갖습니다. 이를 통해 아이들이 자기 자신을 긍정적으로 바라보고, 스스로 행운을 만들어 가는 사람으로 성장할 수 있도록 돕습니다.
 
 2. 강연 순서
 
  1) 작가 소개 및 『행운의 남신』 소개
  2) 책 속 이야기 탐구
  - “나는 행운이 많은 사람인가요?” 이야기 나누기
  - 남신이와 친구들은 어떻게 행운을 만들었을까요?
  - 남신이는 왜 자신을 행운의 남신이라고 생각했을까요?
  3) 단순한 ‘운’에서 ‘나’를 바라보는 이야기로
  - 나는 어떤 사람일까요?
  - 나를 응원하는 힘
  4) 활동 : 행운은 내 안에 있어!
  - 행운 네 잎 클로버 만들기 : 나의 장점을 인정하고 응원하기
  - 나에게 행운이란? 재정의하기
  5) 질의응답 및 사인",https://api.wisdomhouse.co.kr/api/v1/images?path=/kidsBookMeet/thumb/a363572c16dd4df1861ff5ad1e8d7c13.jpeg,
위즈덤하우스,김지혜,구석,"유아(4~7세), 초등 1~2학년",대면,"그림책 해수는 자꾸만 같은 반 찬이에게 눈길이 갑니다. 찬이는 귀여운 ‘구석’이 있지만 치사한 ‘구석’도 있고 엉뚱한 ‘구석’도 있는 친구입니다. 하지만 가끔씩 그런 자신의 구석들을 숨기기 위해 구석으로 숨기도 하지요. 그런 찬이에게 닿기 위해 해수는 찬이가 가장 좋아하는 종이접기로 돛단배를 접어 열심히 노를 젓습니다. 결국 구석에서 만난 두 친구는 서로의 구석구석을 인정하고, 마음 한 구석에 있던 말을 뱉을 수 있을까요? 그림책 《구석》의 그림을 그린 김지혜 작가와 함께 그림책을 읽고, 서로의 구석들을 발견해 나가는 시간을 갖습니다.",https://api.wisdomhouse.co.kr/api/v1/images?path=/kidsBookMeet/thumb/2134d38eca854fcd9a694a928e5e1a25.jpg,
위즈덤하우스,민지은,빨래탕,"유아(4~7세), 초등 1~2학년",대면,"그림책 가장 아끼는 셀리에게 커다란 얼룩이 생겼어요! 오늘도 인형들을 위한 빨래탕 앞에 꼬질꼬질한 인형들이 옹기종기 모였습니다. 시원한 물줄기로 가볍게 몸을 씻고 탕에 들어섭니다. 몸이 불면 벅벅벅 박박박 신나는 때밀이 시간을 가져요. 몽실몽실 거품 놀이와 시원한 파도 타기도 놓칠 수 없지요. 애착 인형의 즐거운 목욕 시간을 그린 그림책 《빨래탕》의 민지은 작가와 함께 그림책을 읽고, 작업 이야기를 나누어 봅니다. 언제나 상쾌한 몸과 마음으로 놀 수 있기를 바라며 우리 집 빨래탕의 간판도 직접 만들어 봅니다.",https://api.wisdomhouse.co.kr/api/v1/images?path=/kidsBookMeet/thumb/c931aa5fd3834fd9bb076f7e52e6728f.jpg,
위즈덤하우스,허교범,어린 검사,초등 4-6학년,대면,"문학 [강연 개요]
 
 재판은 계속된다. 어린 변호사에 이어 이번에는 어린 검사가 재판에 뛰어든다. 단순해 보이는 사건 속에 또 하나의 진실이 있다. 어린 시절부터 검사를 꿈꿨던 아이는 좌충우돌하며 수사를 진행한 끝에 마침내 진정한 어린 검사가 된다.
 
 『어린 검사』는 어린이 법정 스릴러 『어린 변호사』를 잇는 두 번째 이야기이다. 이 책을 통해서 어린 독자들은 재판 과정과 법률 용어, 판사와 변호사와 검사의 역할에 대해 더 익숙해지고, 어쩌면 한 역할에 더 깊게 몰입하게 될 것이다. 이 강연은 『어린 검사』가 생겨난 과정을 구체적으로 보여 주어 책을 더 깊이 이해하는 것을 목적으로 한다.
 
 
 [강연 순서]
 1. 들어가며
 - 작가 소개
 - 『어린 검사』 작품 소개
 
 2. 본 강연
 - 작가가 되기까지의 과정
 - 추리 소설과 법정 스릴러의 세계
 - 재판에서 검사의 역할
 - 기상천외한 독서 경험 나누기
 
 3. 활동
 - 직접 강연 과정에 참여해서 원하는 이야기 주제 고르기
 
 4. 마치며
 - 작품에 대한 Q&A 시간
 - 작가에 대한 Q&A 시간
 - 사진 촬영 및 사인
 (*강연 내용은 장소 및 대상, 규모 및 현장 분위기에 따라 변경될 수 있습니다.)
 
 ---------------------------------------------------------------------------
 [책 소개]
 
 『어린 검사』는 어린이 장르 문학에서 독보적인 존재감을 보이는 허교범 작가가 어린이 법정 스릴러 『어린 변호사』에 이어 두 번째로 선보이는 작품이다. 전작 『어린 변호사』는 초등 국어 교과는 물론 사회 교과(정치 단원)와도 연계되며, 전국 초등 교사들이 먼저 알아본 대표적인 교실 재판 동화로 자리매김한 바 있다.
 
 두 번째 이야기 『어린 검사』는 반에서 일어난 절도 사건과 이를 둘러싼 학급 재판 과정을 그린다. 모두가 범인은 이미 정해졌다고 믿고 있는 상황에서, 재판에서 검사 역할을 맡은 선형만은 끝까지 질문하기를 멈추지 않고 진실 추적을 시작한다. 그리고 뿔뿔이 흩어져 종잡을 수 없었던 추리의 파편과 맥락을 쌓아 마지막에 가서는 누구도 부인할 수 없는 진실에 다다른다. 작가가 아동문학에서 흔치 않은 법정 스릴러 장르를 통해 표현하려고 했던, '오락'을 뛰어넘는 주제는 과연 무엇일까. 기발한 착상과 해법의 테크닉, 그 뒤에는 상상도 못 한 숨겨진 가치와 의미가 우리를 기다리고 있다!
 
 [추천평]
 
 교실에서 아이들 사이에 다툼이 생기면 우리는 흔히 서로 사이좋게 지내야 한다고 말합니다. 하지만 무엇이 잘못되었는지, 어떻게 해야 더 공정한 해결에 이를 수 있는지 함께 살피지 않고 덮어 버릴 때도 많습니다. 현장 교사로서 늘 마음에 걸렸던 그 물음에, 이 책은 따뜻하면서도 흥미진진한 이야기로 답을 건넵니다. 교실에서 일어난 사건을 어린이가 직접 검사가 되어 하나씩 풀어 가는 과정은 무척 인상적입니다. 다음에 어떤 일이 펼쳐질지 궁금해하며 책장을 넘기다 보면, 어느새 이야기 속으로 깊이 빠져들게 됩니다. 그리고 법이 누군가를 처벌하기 위해서만 존재하는 것이 아니라 함께 살아가기 위한 약속이라는 사실을 자연스럽게 일깨워 줍니다. 배심원 제도를 비롯해 다양한 사회적 상상력과 마주하다 보면, 어린이들은 법과 정의를 바라보는 눈을 한층 넓혀 갈 수 있습니다. 법에 호기심이 있는 어린이는 물론, 더 공정하고 행복한 사회를 살아가길 바라는 부모님과 선생님들께도 이 책을 추천합니다.
 - 배성호 (전국초등사회교과모임 공동대표, 서울길음초등학교 교사)
 
 교실은 아이들에게 매일 새로운 사건이 펼쳐지는 가장 가까운 사회이자 세계입니다. 『어린 검사』는 학급에서 벌어진 사건과 학급 재판이라는 흥미로운 설정을 통해, 아이들이 마주하는 공정함과 편견의 문제를 섬세하게 그려 냅니다. 검사를 꿈꾸는 평범한 아이 ‘선형’은 재판을 준비하고 참여하는 과정 속에서 능력주의, 외모에 대한 편견 같은 세상의 논리에 맞서며 스스로 정의의 의미를 배워 갑니다. 이 책을 읽는 내내 독자들은 공부 잘하고 능력 있는 아이인 판사 ‘안솔’과 긴장감 넘치는 관계를 이어 가면서도, 끝까지 자신의 방식으로 재판에 임하는 검사 ‘선형’을 자연스럽게 응원하게 됩니다. 또한 이 책은 재판과 관련된 직업과 역할은 물론, 사건과 세상을 공정하고 균형 있게 바라본다는 것이 무엇인지 함께 고민해 볼 기회를 건넵니다.
 - 심은보 (죽백초등학교 교장)
 
 사람들은 종종 외모가 아름답거나 공부를 잘하는 사람에게는 호감을 느끼고, 그렇지 않은 사람은 낮게 평가하는 경향이 있어요. 이런 걸 ‘고정 관념’이라고 해요. 검사의 꿈을 가진 『어린 검사』의 주인공 선형의 이야기를 따라가면서 저는 ‘검사 선서’가 떠올랐습니다. 모든 검사는 힘없고 소외된 사람들을 보호하고, 진실만을 따라가는 공정한 검사가 되겠다는 다짐을 하거든요. 우리 주변에는 여전히 외모나 성적으로 사람을 판단하는 일이 많아요. 힘없고 소외된 사람들을 돌보는 일에 무관심하기도 하고요. 많은 어린이들이 『어린 검사』를 통해 ‘검사 선서’ 내용처럼 사람을 겉모습이나 성적으로 판단하지 않고, 힘없고 소외된 사람들의 어려움에 귀 기울일 줄 아는 마음을 배울 수 있기를 바랍니다. 저 역시 그런 사람이 되기 위해 함께 노력하겠습니다. 
 - 천경호 (실천교육교사모임 회장, 서울언북초등학교 교사)
 
 
 [작가 소개]
 
 1985년 강원도 홍천에서 태어나 서울대학교 사회학과를 졸업했다. 2013년 비룡소에서 주최한 제1회 스토리킹에 『스무고개 탐정과 마술사』로 당선되었다. 「스무고개 탐정」 「이리의 형제」 「대장장이 왕」 시리즈와 『어린 변호사』 등을 썼다.",https://api.wisdomhouse.co.kr/api/v1/images?path=/kidsBookMeet/thumb/65eb32133b5d4352962882a255c60fbc.jpg,
위즈덤하우스,이수용,거절당하기 숙제,어린이,대면,"문학 강연 제목: 거절에 맞서는 법
 
 살면서 수시로 겪는 거절 앞에서 우리는 좌절하기 쉽습니다. 
 거절이 두려워서 도전을 꺼리게 되기도 하고, 자연스레 소극적인 성격이 되기도 하지요.
 하지만 거절이 우리를 더 성숙한 사람으로 만들고, 
 우리의 인생 드라마를 한층 더 재미있게 만든다는 걸 알아차린다면 
 거절을 보는 눈이 바뀔지도 모릅니다.
 
 <강연 목표> 
 거절에 대한 두려움을 타파하고 거절에 의연하게 맞서기
 
 <강연 내용>
 1. 작가 소개
 2. 『거절당하기 숙제』 되짚어 보기 퀴즈
 3. 이 책은 어떻게 탄생했을까?
 4. 거절 속에 사는 우리 
 5. 거절 속 한 마디가 운명을 바꾸다
 6. 열 번의 거절이 불러온 기적
 7. 거절 체험 활동
 - 나만의 거절당하기 숙제 만들기
 - 잘 거절하고 잘 거절당하기 활동
 8. 질의응답 시간",https://api.wisdomhouse.co.kr/api/v1/images?path=/kidsBookMeet/thumb/70bb581cc32140ab92d21cd83d77bcd4.jpg,
위즈덤하우스,탁경은,카페 블러드,청소년,대면,"문학 [강연 순서]
 1. 들어가며
 - 창작 과정 (소설의 씨앗이 한 편의 소설이 되기까지) 
 - 제목에 대하여 
 
 2. 본 강연
 ① 카페 블러드에 입장한 걸 환영합니다 
 카페 메뉴 소개 
 나는 어떤 음료를 선택할 것인가? 
 ② 나결 키워드 ‘욕망’ 
 나의 욕망 / 타인의 욕망 / 사회의 욕망 
 진짜로 내가 원하는 것은 무엇인가? 
 ③ 하랑 키워드 ‘자아 발견’ 
 나의 장점을 발견하고 스스로를 존중하는 방법 
 내가 좋아하는 것, 싫어하는 것은 무엇인가?
 ④ 이모 캐릭터의 비밀 
 
 3. 활동
 나에 대해 탐구하는 시간 (활동지 채우기) 
 활동지 내용 발표하기
 
 4. 마치며
 - Q&A- 사진 촬영 및 사인
 
 
 [사전 공지]
 
 1. 사전 독서 완료 
 참여하는 친구들의 독서 완료를 권합니다. 
 책을 읽고 올 경우가 그렇지 않은 경우 차이가 무척 큽니다. 
 
 2. 장소 
 대강당, 체육관 형태의 소리가 퍼지는 강당은 피해 주세요. 
 의자가 있는 소강당은 괜찮습니다. 
 (추천 공간: 도서관, 시청각실) 
 
 3. 시간
 가급적 오전 시간은 피해 주세요. 
 사인과 촬영을 원할 경우 미리 말씀해 주세요. 
 (사인과 촬영까지 강연 시간 내에 포함됩니다.) 
 
 4. 강연료, 원고료, 교통비를 사전에 정확하게 말씀해 주세요.",https://api.wisdomhouse.co.kr/api/v1/images?path=/kidsBookMeet/thumb/1b9a53051c15414186c1b854ae3d2096.jpeg,https://search1.kakaocdn.net/thumb/R120x174.q85/?fname=http%3A%2F%2Ft1.daumcdn.net%2Flbook%2Fimage%2F7202701%3Ftimestamp%3D20260425122738
위즈덤하우스,김혜정,우리는 베프 가족입니다,어린이 (고학년),대면,"문학 “피가 섞여야 가족인가? 함께 살면서 서로 걱정해 주고 응원해 주면 그게 가족이지!”
 
 가족은 어린이가 태어나 처음 만나는 사회 집단입니다. 가족의 형태는 고정된 게 아니라 사회에 따라 변하기 마련입니다. 혈연과 법으로 연결된 가족만 꼭 가족이라 할 수 있을까요? 가족은 ‘시간’과 ‘공간’을 공유한 사람들입니다. 
 엄마와 단둘이 살고 있는 주인공 12살 윤하는 어느 날 엄마의 ‘베프’인 하나 이모, 이모 딸인 아리와 함께 살게 됩니다. 엄마 둘, 딸 둘이 갑자기 함께 사는 건 쉽지만은 않습니다. 하지만 넷은 시간과 공간을 공유하며 서로 걱정해 주고 응원해 주는 가족이 됩니다. 
 
 김혜정 작가와 함께 『우리는 베프 가족입니다』를 읽으며 가족과 관계에 대해 생각해 보는 시간을 가져 봅시다. 
 
 김혜정 작가는 이제까지 청소년을 위한 소설(「오백 년째 열다섯」 시리즈, 『하이킹 걸즈』, 『다이어트 학교』, 『오늘의 민수』 등)과 동화(『열세 살의 걷기 클럽』 『맞아 언니 상담소』, 「헌터걸」 시리즈 등), 청소년을 위한 에세이 (『흔들리는 십대를 지탱해 줄 다정한 문장들』, 『다행히 괜찮은 어른이 되었습니다』) 를 출간하였고, 1700회 이상 초중고 학생들과 작가와의 만남을 진행하였습니다.
 
 *강연 진행 순서
 1. 『우리는 베프 가족입니다』를 쓰게 된 계기. 
 (40분 내외)
 
 2. 『우리는 베프 가족입니다』 맞춤 활동지. 
 내가 생각하는 가족이란? 내가 만들고 싶은 가족이란? (10분 내외)
 
 3. 질문하고 함께 이야기하는 시간 
 (20분 내외)
 
 4. 책 사인회 및 사진 촬영
 (10분 내외)
  
 *『우리는 베프 가족입니다』 사전 독서를 해야 합니다.
 *책을 가져오면 사인을 받을 수 있습니다.",https://api.wisdomhouse.co.kr/api/v1/images?path=/kidsBookMeet/thumb/df78f0c4d4cf402296e0592970f871cc.jpg,
위즈덤하우스,허교범,파란 피,어린이 (고학년),대면,"문학 [강연 개요]
 
 다섯 가지 색깔의 이야기가 한데 모였다. 추리, 판타지, 과학 등 다양한 장르의 이야기들이 일상에서 벗어난 모험으로 독자들을 안내한다.
 
 『파란 피』는 작가의 첫 번째 단편집이다. 짧지만 가볍지는 않은, 씁쓸한 아이스크림 같은 이야기들을 통해 어린 독자들이 삶에 대해 깊이 생각해 볼 기회를 주는 책이다. 이 강연에서는 『파란 피』에 담긴 다섯 이야기들이 어떤 과정을 통해 만들어졌는지 자세히 탐구하고. 숨겨진 의미를 발견해 내기 위한 짧은 모험을 펼친다.
 
 
 [강연 순서]
 
 1. 들어가며
 - 작가 소개
 - 『파란 피』 작품 소개
 
 2. 본 강연
 - 작가가 되기까지의 과정
 - 추리 소설과 판타지 소설과 과학 소설
 - 영향을 준 작품들
 - 장편과 단편의 차이
 - 다섯 작품 소개
 
 3. 활동
 - 직접 강연 과정에 참여해서 원하는 이야기 주제 고르기
 
 4. 마치며- 작품에 대한 Q&A 시간
 - 작가에 대한 Q&A 시간
 - 사진 촬영 및 사인
 (*강연 내용은 장소 및 대상, 규모 및 현장 분위기에 따라 변경될 수 있습니다.)
 
 
 [책 소개]
 
 수록된 다섯 이야기 「1초」, 「파란 피」, 「파이널 스트라이크」, 「추리」, 「죄의 무게」는 추리, SF, 리얼리즘, 공포 등 장르는 다양하지만 모두 ‘모든 일에는 이유가 있다’는 하나의 주제로 가지런히 여며진다. ‘모든 일에는 이유가 있다’라는 메시지를 ‘무언가의 희생 없이는 아무것도 얻을 수 없다’, ‘무언가를 얻기 위해서는 동등한 대가가 필요하다’, ‘우연처럼 보이는 일도 우연은 아니다’ 같은 메시지로 다양하게 변주해 들려주는 이야기들은 혐오가 일상화된 시대를 사는 어린이들에게 세상을 이해하는 또 하나의 틀이 되어 줄 것이다. 
 
 
 [작가 소개]
 
 1985년 강원도 홍천에서 태어나 서울대학교 사회학과를 졸업했다. 2013년 비룡소에서 주최한 제1회 스토리킹에 『스무고개 탐정과 마술사』로 당선되었다. 「스무고개 탐정」 「이리의 형제」 「대장장이 왕」 시리즈와 『어린 변호사』 등을 썼다. 여전히 10대를 위한 추리와 판타지를 쓴다.",https://api.wisdomhouse.co.kr/api/v1/images?path=/kidsBookMeet/thumb/0b3ee83b14964edfac14dd61d7253c4e.jpg,
위즈덤하우스,김유진,새 친구 세 친구,"유아(4~7세), 초등 1~2학년",대면,"그림책 친구 관계는 참 어려워요. 하나도 둘도 아닌 셋이 만들어 가는 관계는 더더욱 복잡하지요. 나도 삼각 친구 관계에 놓여본 적이 있나요? 그 경험을 떠올리며 그림책 《새 친구 세 친구》를 읽어 보세요. 시도, 누렁이, 삼색이 세 친구는 과연 진짜 친한 친구가 될 수 있을까요? 알쏭달쏭하고 복잡 미묘한 세 친구 관계 그려낸 김유진 작가에게 그림책 작업 이야기를 들어 보고, 귀여운 고양이 캐릭터들을 색칠하며 ‘친구 관계’에 대해 더 속 깊은 이야기를 함께 나눠 봅니다.",https://api.wisdomhouse.co.kr/api/v1/images?path=/kidsBookMeet/thumb/a800415a7d014a7fa5712205c060ba86.png,
위즈덤하우스,고상미,조금만 기다려,"유아(4~7세), 초등 1~2학년",대면,"그림책 ""네가 혼자서 춥지 않으면 좋겠어"" 무지개 다리 위에서 반려 동물과 작별의 시간을 보내는 이들에게 건네는 새햐안 위로. 《조금만 기다려》의 고상미 작가를 만나 작업 이야기를 들어 보고, '나만의 눈송이 카드'도 만들며 풍성한 독후 활동을 나눠 보아요.",https://api.wisdomhouse.co.kr/api/v1/images?path=/kidsBookMeet/thumb/b08fa8b5bd2d4c80b284128923b632f3.jpg,
위즈덤하우스,김혜정,보름달 호텔,초등 3~4학년,대면,"문학 “즐거운 어린이가 자라서 즐거운 어른이 된다!”
 
 『보름달 호텔』의 주인공 이안은 남들이 보기에는 참 쓸데없는 거에 관심이 많습니다. 특이한 생각을 많이 하기도 하고, 궁금한 건 꼭 밝혀야 합니다. 그러다 보니 하루가 참 금방 가요. 
 어느 날, 이안에게 호텔의 상속자가 되었다는 편지가 도착하며 이야기가 시작됩니다. 그런데 이 호텔은 유령이 나타난다는 소문 때문에 망해 가고 있어요. 과연 이안은 호텔을 잘 운영할 수 있을까요?
 이안은 아주 즐거운 아이죠. 『보름달 호텔』의 작가도 어린 시절 이안 같은 어린이었지요. 왜 작가가 되었냐는 물음에 “재미있어서요.”라고 대답합니다. 이야기를 가지고 놀던 어린이가 이야기를 만드는 작가가 된 거죠. 
 김혜정 작가와 함께 『보름달 호텔』을 읽으며 자신만의 즐거움을 만들어 가는 시간을 가져 봅시다.
 
 김혜정 작가는 이제까지 청소년을 위한 소설(『오백 년째 열다섯』, 『하이킹걸즈, 『다이어트 학교』, 『오늘의 민수』등) 과 동화(『열세 살의 걷기클럽』, 『맞아언니 상담소』, 『헌터걸』 등), 청소년을 위한 에세이 (『흔들리는 십대를 지탱해줄 다정한 문장들』, 『다행히 괜찮은 어른이 되었습니다』) 을 출간하였고, 1700회 이상 초중고 학생들과 작가와의 만남을 진행하였습니다.
 
 초등학교 저학년부터 고학년까지 십대의 꿈과 성장의 의미에 대해 이야기하는 시간입니다.
 
 *강연 진행 순서
 1. 『보름달 호텔』을 쓰게 된 계기. 작가 어린 시절의 보름달 호텔에 관해.
 (40분 내외)
 
 2. 『보름달 호텔』 맞춤 활동지. 
 (10분 내외)
 
 3. 질문하고 함께 이야기하는 시간 
 (20분 내외)
 
 4. 책 사인회 및 사진 촬영
 (10분 내외)
  
 *『보름달 호텔』 사전 독서를 해야 합니다.
 *책을 가져오면 사인을 받을 수 있습니다.",https://api.wisdomhouse.co.kr/api/v1/images?path=/kidsBookMeet/thumb/a0775f98a70145c08deb7830c3e241a0.jpg,
위즈덤하우스,이필원,"안녕, 피아노 차차",초등 1~2학년,대면,"문학 [강의 소개]
 『안녕, 피아노 차차』는 한낙원과학소설상 우수작을 시작으로 어린이∙청소년의 삶에 맞닿는 주제를 포착해 작품을 펴낸 이필원 작가의 첫 동화입니다. 동화 속 아이들은 피아노 차차가 왜 버려졌는지 궁금해하며 사연에 귀 기울이고, 차차의 다시 목소리를 찾아 주고, 새로운 친구를 만나게 해 주기 위해 연주회를 열게 됩니다. ‘버려짐’에서 ‘다시 반짝임’으로 이어지는 피아노 차차의 여정은 작은 손길과 관심이 닿으면 잊힌 것들에게 새로운 생명력을 불어넣을 수 있다는 희망을 전합니다. 이필원 작가는 실제로 분리수거장에 버려진 피아노를 보며 작품의 아이디어를 얻었다고 하는데요. 이번 강연에서는 그 탄생 배경을 비롯해, 우리가 일상에서 놓치고 있던 것들을 다시 바라보는 법에 대해 함께 이야기해 봅니다. 
 
 
 [강연 순서]
 1. 작가 소개
 - 자기소개 
 - 『안녕, 피아노 차차』 소개
 
 2. 생각 나누기
 - 일상에서 이야기를 만나는 방법
 - 잘하는 일과 좋아하는 마음 사이에서
 (좋아하는 마음의 크기는 점점 작아진다. 하지만 다시 커질 수도 있다!) 
 - 또 어떤 마법과 요술이 있을까?
 (버려진 것, 잊힌 것에 새로운 의미 불어넣기)
 
 3. 마치며
 질의응답 
 
 (*강연 내용은 장소 및 대상, 규모 및 현장 분위기에 따라 변경될 수 있습니다.)",https://api.wisdomhouse.co.kr/api/v1/images?path=/kidsBookMeet/thumb/8f89868455b5497d83a0496e66bf0060.png,
위즈덤하우스,지은,활강,청소년,대면,"문학 우리는 살아가면서 누구나 두렵고 막막한 순간을 마주합니다. 마치 앞이 잘 보이지 않은 채 가파른 슬로프 위에 홀로 서 있는 것처럼요. 
 
 『활강』의 인물들도 마찬가지입니다. 대한민국 알파인 스키의 유망주이자 라이벌이던 두 천재 소녀 우희와 예리. 우희는 예기치 못한 사고로 시력을 잃고, 예리는 슬럼프로 팀에서 방출되는 상처를 겪습니다. 그럼에도 두 아이는 용기를 내 다시 일어섭니다. 서로의 상처를 이해하고, 서로의 세계를 받아들이며 함께 연대합니다. 좋아하는 스키를 계속 타기 위해서요. 
 
 시각 장애인 스키 선수와 가이드 러너로 다시 만난 우희와 예리의 여정을 따라가며, 넘어짐과 용기, 다름과 이해, 그리고 함께 나아가는 힘에 대해 함께 이야기 나누는 시간을 갖습니다.
 
 [강연 순서]
 
 1. 들어가며
 - 작가 소개
 - 책 소개 (『활강』 집필 계기)
 
 2. 본 강연
 ① 키워드 살펴보기 – ‘활강’의 중심이 되는 언어와 표현 살펴보기
 ② 넘어짐의 순간 — 우희와 예리가 겪는 고통 이해하기
 ③ 연대와 우정 — 서로의 어둠을 비춰 주는 사람들
 ④ 다시 일어서기 — 슬럼프와 회복에 대하여
 
 3. 활동
 내 삶의 ‘활강 지도’ 만들기 — 그림이나 키워드를 활용해 자신의 삶을 표현하고, 서로 이야기 나누기
 
 4. 마치며
 - Q&A
 - 사진 촬영 및 사인
 
 [책 소개]
 
 시각 장애인 스키 선수 남우희와 가이드 러너 강예리의 뜨겁고도 찬란한 청춘 이야기
 드라마 「나의 완벽한 비서」 지은 작가의 첫 장편소설
 교보문고 X 롯데컬처웍스 스포츠 테마공모전 수상 작품
 
 드라마 「나의 완벽한 비서」를 통해 로맨스를 넘어 돌봄의 가치를 재조명하며 뜨거운 찬사를 받은 지은 작가가 첫 장편소설 『활강』을 선보인다. 대한민국 알파인 스키의 유망주이자 라이벌이었던 두 천재 소녀 남우희와 강예리가 시각 장애인 선수와 가이드 러너로 다시 만나 겪게 되는 갈등과 성장을 그린 작품. 자신만의 속도로 가장 눈부신 활강을 펼쳐낼 이 땅의 모든 청춘에게 바치는 따뜻한 헌사 같은 이야기이다.",https://api.wisdomhouse.co.kr/api/v1/images?path=/kidsBookMeet/thumb/e270c01d0f984379b8ff8ef78644b177.png,https://search1.kakaocdn.net/thumb/R120x174.q85/?fname=http%3A%2F%2Ft1.daumcdn.net%2Flbook%2Fimage%2F7083426%3Ftimestamp%3D20260430123522
위즈덤하우스,연수,우리 누리 크리스마스,"유아(4~7세), 초등 1~2학년",대면,"그림책 겨울이 되면 가장 기다려지는 크리스마스! 올해 크리스마스는 우리의 멋이 가득 담긴 멋진 트리를 함께 만들어 볼까요? 《우리 누리 크리스마스》 그림책을 읽으며 조선시대 5인방의 멋진 여정을 함께해 보세요. 만물상과 생과방, 산사를 지나 우리만의 멋진 '투리'를 만들러 가는 근사한 모험이 펼쳐집니다. 가장 한국적이고, 가장 빛나는 크리스마스 이야기를 지은 연수 작가와 작업 이야기를 나눠 보고, 우리만의 멋진 오너먼트도 만들어 봅니다.",https://api.wisdomhouse.co.kr/api/v1/images?path=/kidsBookMeet/thumb/e16908b662a54e0596344e366b8ea48c.jpg,
위즈덤하우스,홍민정,엄마 출입 금지,어린이,대면,"문학 본 프로그램에 관심 가져 주셔서 감사합니다.
 2026년 해당 도서를 주제로 한 작가와의 만남은 마감되었습니다.
 2027년부터 다시 신청이 가능합니다.
 
 대면 강연 : 4~6월, 9~12월 (그 외 기간에는 비대면만 가능)",https://api.wisdomhouse.co.kr/api/v1/images?path=/kidsBookMeet/thumb/48078ddc51504f879f9663d69af87aad.jpg,
위즈덤하우스,홍민정,아무 말 대잔치,어린이,대면,"문학 본 프로그램에 관심 가져 주셔서 감사합니다.
 2026년 해당 도서를 주제로 한 작가와의 만남은 마감되었습니다.
 2027년부터 다시 신청이 가능합니다.
 
 대면 강연 : 4~6월, 9~12월 (그 외 기간에는 비대면만 가능)",https://api.wisdomhouse.co.kr/api/v1/images?path=/kidsBookMeet/thumb/3c4eb8cc725c4714a2d9272e91402e50.jpg,
위즈덤하우스,정유소영,그때목욕탕,초등 3~6학년,대면,"문학 1. 강연개요
 후회는 나쁜 게 아니야. 네가 성장하고 있다는 증거야.
 가장 현명한 사람은 후회를 많이 한 사람이라고 한다. 사람은 누구나 실패하고 후회하며 성장해 나가기 때문이다. 하지만 대부분의 사람은 후회를 부정적으로 받아들인다. 특히 아이들은 실수나 실패를 하면 좌절하고 도망치려고만 한다. 
 『그때목욕탕』의 주인공 은하도 실수를 저지른 후 그대로 줄행랑을 쳤다. 공원에 숨어 두려움에 떨던 은하 앞에 기적처럼 그때목욕탕 초대권이 나타나고 ‘후회되는 그 때’로 돌아갈 기회를 얻는다. 과거로 돌아간 은하는 자신의 실수를 바로잡지만, 대신 다른 친구가 곤경에 빠진다. 은하는 또다시 후회하며 과거로 돌아가려고 하는데……. 과연 이번에는 후회 없는 완벽한 선택을 할 수 있을까? 
 아이들과 『그때목욕탕』 읽으며 일상에서 경험하는 ‘후회’의 감정을 이야기해 본다. 창피한 것이라고만 생각했던 후회를 밖으로 끄집어내어 긍정적으로 수용하고, 성장의 일부분이 될 수 있도록 돕는다.
 
 2. 강연순서
 
 1) 들어가며
  - 작가 소개
  - 『그때목욕탕』 소개
 
 2) 본 강연
 ① 후회란 무엇일까? 
 → 책 속 주인공의 상황을 살펴보며, 후회라는 감정을 이야기해 본다. 일상생활 속에서 느끼는 후회에 대해서도 자유롭게 토론해 본다. 
 ② 후회는 왜 생기는 걸까? 
 → 책 속 주인공은 과거로 돌아가 잘못을 바로잡으려 하지만 또 다른 실수를 한다. 완벽해 보였던 친구도 남모르게 후회하고 있었다. 이를 통해 누구도 완벽할 수 없으며 후회는 자연스러운 감정이라는 걸 깨닫는다.
 ③ 후회가 가르쳐 주는 것
 → 책 속 주인공은 자신이 후회한 경험을 밑거름 삼아 문제를 해결할 수 있었다. 그밖에 일상에서 후회를 통해 얻었던 깨달음에 대해 아이들과 이야기를 나눈다. 이를 통해 후회는 나쁜 것이 아니며 성장의 밑거름이 될 수 있다는 걸 배운다.
 
 3) 활동 – 벅벅벅! 후회되는 그 때를 시원하게 밀어 드립니다.
 활동은 ‘후회→반성→다짐→회복’ 순으로 진행한다. 각 단계는 그때목욕탕에 나오는 장치들을 이용해 재미있게 꾸민다. 
 ① 후회: ‘아이씨탕’이 그려진 종이에, 후회되는 일을 적는다.
 ② 반성: ‘그때알았더라면’이 그려진 종이에, 내가 무엇을 잘못했는지 적는다. 
 ③ 다짐: ‘그때밀이’ 수건이 그려진 종이에, 과거로 돌아가면 어떻게 하고 싶은지 적는다.
  과거로 돌아가면, “이건 절대 하지 않을 거야!”, “이건 꼭 해야지!” 같은 다짐을 적는다.
 ④ 회복: 비록 과거로 돌아갈 수는 없지만, 미래의 나는 같은 실수를 반복하지 않을 거예요. 나의 멋진 미래를 그림으로 그려 본다.
 
 4) 마치며
 -Q&A 시간 
 -사진 촬영 및 사인",https://api.wisdomhouse.co.kr/api/v1/images?path=/kidsBookMeet/thumb/d9e48b6a7f0d41139aee8f604388afbc.jpg,
위즈덤하우스,장여회,줄줄이 줄줄줄,"유아(4~7세), 초등 1~2학년",대면,"그림책 《줄줄이 줄줄줄》 속 가느다란 줄을 따라가며 그림책을 읽어 보세요. 작은 줄, 큰 줄, 안 보이는 줄, 신나는 줄! 사물인 '줄'과 어떤 방법이나 사실을 뜻하는 의존 명사 '줄'의 동음이의를 활용한 언어유희가 가득 펼쳐집니다. 또 어떤 '줄'이 있을까요? 끝없이 이어지는 말놀이를 그림책으로 엮은 장여회 작가와 작업 이야기를 나눠 보고, 직접 나만의 '줄'을 이어가 보며 언어유희의 즐거움을 한층 더 느껴 보세요.",https://api.wisdomhouse.co.kr/api/v1/images?path=/kidsBookMeet/thumb/4bad8c76c1d44470adbffdce7769180f.jpg,
위즈덤하우스,유진서,트윈,청소년,대면,"문학 [강연 소개]
 트윈이라는 알약을 삼키고 꿈속에서 원하는 인생을 살게 된 청소년의 이야기, 『트윈』을 함께 읽으며 친구 관계와 학교생활 적응에 대해 이야기합니다. 나아가 청소년이 어떻게 소설 쓰기를 시작할 수 있는지, 상상과 글쓰기를 통해 자신만의 세계를 만들어가는 방법을 나누고자 합니다.
 
 [강연 개요]
 1. 강연 주제
 트윈: 다른 세계에서 자아 찾기
 
 2. 강연 시간
 1시간 30분~2시간
 
 3. 강연 목표
 학교생활에서 겪는 어려움을 공감하고 이를 극복하는 방법을 찾는다.
 트윈이라는 상상적 장치를 통해 자아와 꿈, 현실을 탐색한다.
 글쓰기 과정을 배우고 직접 창작하며 상상력을 바탕으로 자신만의 세계를 만든다.
 
 4. 본 강연
 1) 트윈 세상으로
 소설의 개요, 알약 ‘트윈’을 소개한다.
 청소년 때 시작된 『트윈』 창작 과정에 대해 이야기한다.
 
 2) 트윈 모둠 활동
 학생들은 모둠을 구성하고 ‘내가 트윈을 삼킨다면?’이라는 주제로 이야기를 나누어 본다.
 주인공과 같은 상황이라 학교생활 적응이 어렵다면 어떻게 해야 할지 토론 후 발표해 본다.
 
 3) 소설 창작하기
 어떻게 소설 쓰기를 시작할 수 있는지 단계별로 이야기한다.
 각자 소설의 도입부를 창작해 보고, 발표 후 이야기를 나눈다.
 
 5. 마치며
 질의응답 및 사인",https://api.wisdomhouse.co.kr/api/v1/images?path=/kidsBookMeet/thumb/06b97622bd10452ab7b0ea7e222bfe1d.jpg,
위즈덤하우스,홍민정,초등의 품격,어린이,대면,"문학 본 프로그램에 관심 가져 주셔서 감사합니다.
 2026년 해당 도서를 주제로 한 작가와의 만남은 마감되었습니다.
 2027년부터 다시 신청이 가능합니다.
 
 대면 강연 : 4~6월, 9~12월 (그 외 기간에는 비대면만 가능)
 
 ====================================
 
 초등학생들도 어른만큼이나 용감하고, 자기만의 멋진 모습들을 갖고 있습니다. '귀엽다'는 말보다 '멋지다'는 말을 더 듣고 싶어 하기도 하지요. 
 『초등의 품격』은 귀여워 보이기보다 멋진 오빠가 되고 싶은 주인공 준혁이가 태권도 학원에 다니면서 벌어지는 이야기를 담고 있습니다. 자신이 알고 있는 멋진 초등학생들을 동화 속 주인공으로 변신시키고 싶었다고 말하는 홍민정 작가님과 함께 '품격 있는 초등학생'이란 무엇인지, 진짜 '멋진' 모습은 어떤 것인지 이야기를 나눠 봅니다.",https://api.wisdomhouse.co.kr/api/v1/images?path=/kidsBookMeet/thumb/228bf08b289645c9b3c37620dd38176e.jpg,
위즈덤하우스,이지유,에너지가 문제야!,어린이,비대면,"REFINEMENT 어린이들은 학교에서, 또 신문과 뉴스에서 기후 변화와 관련해 각종 에너지 문제를 접합니다.
 그러면 '에너지를 아껴 써야 하고 지속 가능한 에너지를 늘려야 한다'는 어른들의 가르침에 궁금한 게 참 많아집니다.
 
 에너지를 쓰면 환경에 정말 안 좋아요?
 에너지 없이는 못 사는데 어떡해요?
 우리는 왜 나쁜 에너지를 많이 써요?
 친환경 에너지를 많이 늘리면 안 돼요?
 
 이런 어린이들의 궁금증에 대한민국 대표 과학 큐레이터 이지유 선생님이 쉽고도 친절하게 답해 줍니다. 
 우리 생활을 편리하게 하는 에너지가 왜 기후 변화에 큰 영향을 주는지 확실하게 알려 줄 거예요. 
 
 또한 기후 위기 대응이 중요한 시대를 살아갈 어린이들의 미래에 대해서도 이야기 나눠 봅니다.
 하고 싶은 일을 환경과 연관 지어 생각해 볼 수 있는 시간을 갖습니다.",https://api.wisdomhouse.co.kr/api/v1/images?path=/kidsBookMeet/thumb/c0615bd91aa54129b646339553985368.jpg,
위즈덤하우스,윤슬빛,우리는 매일 안녕 안녕,초등 3~4학년,대면,"문학 다정한 인사를 주고받으며 서로의 마음에 대해 알아보는 시간을 갖는다.
 
 왠지 모르게 한없이 쪼그라들었던 순간, 두렵지만 용기를 내야 했던 순간, 어제까지 잘 몰랐던 친구와 어느 새 친해진 순간, 이해하기 어려웠던 누군가의 마음을 알게 된 순간 등에 대해 함께 이야기를 나누어 본다.
 
 『우리는 매일 안녕 안녕』은 서로의 마음을 가만 가만 살피며 다정한 순간들을 쌓아 나가는 어린이들의 이야기를 담고 있다. 잘 몰랐던 친구를 도와주며 한 뼘 가까워지기도 하고, 오해의 순간을 넘기며 닫힐 뻔한 마음을 더 활짝 열기도 하며, 바닷속 학교라는 환상적 공간 안에서 친구를 응원하기도 한다. 서로에게 용기를 북돋워 주며 조금씩 가까워지는 어린이들의 맑은 우정 이야기를 만나 보고 ‘내 마음’에 대하여, ‘네 마음’에 대하여 이야기 나눠 보는 시간을 가져 본다. 
 
 
 [강연 순서]
 
 1. 들어가며
 - 작가 소개
 - 책 소개 (『우리는 매일 안녕 안녕』을 쓰게 된 계기)
 
 2. 본 강연
 - 낯선 단어들을 모아 살펴보고 나만의 단어장 만드는 방법 알아보기
 - ‘숨길’이 막혀 어디로도 가지 못하게 된 바다 친구들 이야기 알아보기(환경오염/지구 생태계 살피기)
 - 민꽃게가 겪은 폭력적인 상황과 우리가 가질 수 있는 여러 두려움들에 대한 이야기 나누기
 - 우리가 다 알지 못하는 마음에 대한 이야기 나누기
 
 3. 활동 (예시)
 - 나만의 바닷속 학교 그리기
 - 함께 나누고 싶은 여러 마음에 대해 써 보기
 - 등장인물에게 해 주고 싶은 말 적어 보기
 
 4. 마치며
 - Q&A 시간
 - 사진 촬영 및 사인
 
 (*강연 내용은 장소 및 대상, 규모 및 현장 분위기에 따라 변경될 수 있습니다.)
 
 [책 소개]
 
 제14회 웅진주니어문학상 단편 부문 대상 수상작이자, 제64회 한국출판문화상 올해의 어린이‧청소년책으로 선정된 『갈림길』의 윤슬빛 작가가 벼리고 또 벼른 선명한 문장으로 채운 『우리는 매일 안녕 안녕』을 새롭게 선보인다. 이 작품은 서로의 마음을 가만가만 살피며 다정한 순간들을 쌓아 나가는 어린이들의 이야기를 담고 있다. 주인공 린아와 윤하는 또래들 사이에서 존재감이 잘 드러나지 않는 가만한 아이들이었지만, 자신의 고통과 상처 앞에서는 결코 가만히 있지 않는다. 숨길의 기운으로 문을 여는 환상의 공간, 바닷속 학교에서 펼쳐지는 두 아이의 맑고 단단한 성장기를 만나 본다.
 
 
 [작가 소개] 
 
 윤슬빛
 『어린이와 문학』으로 작품 활동을 시작했다. 쓴 책으로 동화 『우리는 여름』, 『갈림길』, 『오늘의 햇살』과 소설집 『플랜B의 은유』가 있다. 제14회 웅진주니어문학상 단편 부문 대상 수상작 『갈림길』은 제64회 한국출판문화상 올해의 어린이‧청소년책에 선정되었다.",https://api.wisdomhouse.co.kr/api/v1/images?path=/kidsBookMeet/thumb/8f526daa0f8341cba1d12c394ac35afe.png,
위즈덤하우스,남유하,가시 인간이 지구를 구한다,청소년,대면,"문학 지구를 향해 다가오는 거대한 블랙 버블, 지구 멸망이 얼마 남지 않았다. 인간에게 돋아난 가시만이 버블을 터뜨리고 지구를 구할 수 있다. 조용한 문장이 끝나 책을 덮고 나면, 독자는 콕 박혀 빠지지 않는 가시 같은 질문을 마주한다. “당신이 가시 인간이라면, 지구를 구하시겠습니까?” 낯선 바이러스와 지구 멸망이 나오는 서늘한 재난의 중심에서 자유 의지에 의한 선택, 인류애와 선한 의지에 대해 함께 이야기를 나눈다.",https://api.wisdomhouse.co.kr/api/v1/images?path=/kidsBookMeet/thumb/4f02e34bc126410494be075d2b743735.jpg,
위즈덤하우스,박유니,구름 반창고,"유아(4~7세), 초등 1~2학년",대면,"그림책 《구름 반창고》 속에는 몽실몽실 보드라운 구름도 담겨 있지만, 소중한 존재가 아프지 않았으면 하는 할머니의 다정한 마음도 가득 담겨 있어요. 몸과 마음에 생긴 상처들을 잘 치료하고 새살이 돋아날 수 있도록 도와주는 그림책입니다. 몽실몽실 피어오른 이야기를 글과 그림으로 완성한 박유니 작가와 작업 이야기를 나눠 보고, 소중한 사람을 위해 만드는 ‘나만의 구름 반창고’로 풍성한 독후 활동도 누려 보세요.",https://api.wisdomhouse.co.kr/api/v1/images?path=/kidsBookMeet/thumb/3c0b6e29311a44cda002043e15c894a4.png,
위즈덤하우스,황선미,찰랑찰랑 슬픔 하나,초등 3~4학년,대면,문학 「찰랑찰랑」 시리즈는 ‘찰랑이’라는 별명만큼 사랑스럽고 반짝반짝 빛나는 주인공 봄인이를 통해 어린이들의 솔직한 마음을 대변하고 다정하게 위로하는 이야기를 선보여 왔습니다. 마지막 이야기 『찰랑찰랑 슬픔 하나』에서도 갑작스런 이별과 만남을 마주한 어린이가 겪는 슬픔과 성장을 밀도 있게 그려 냅니다. 『찰랑찰랑 슬픔 하나』를 읽고 슬픔이라는 감정이 우리를 어떻게 성장하게 만드는지 이야기 나눠 봅니다.,https://api.wisdomhouse.co.kr/api/v1/images?path=/kidsBookMeet/thumb/c628531bc2cd4a63943695e395d197e6.jpg,
위즈덤하우스,김유경,창밖의 기린,어린이 (고학년),대면,"문학 [강연 개요]
 
 『창밖의 기린』의 주요 장면을 되짚으며, 인간과 동물, 자연과 기술이 공존하는 미래에 대해 함께 상상해 봅니다. 인물과 동물의 이야기를 따라가며, 동물과 친구가 된다는 것, 돌봄의 의미, 그리고 선택의 책임에 대해 생각해 보는 시간을 가집니다.
 
 또한 '리버뷰'라는 가상 세계와 ‘마인드 업로딩’이라는 기술을 통해, 우리가 진짜로 소중히 여겨야 할 것이 무엇인지 고민해 보며, 동물과 자연, 그리고 서로를 대하는 우리의 태도에 대해 돌아보는 기회를 마련합니다. 아이들은 생명과 공감, 연대의 가치를 되새기고, 자신의 삶 속에서 소중한 존재를 지키는 방법에 대해 자연스럽게 질문하게 될 것입니다. 
 
 
 [강연 순서]
 
 1. 들어가며
 - 작가 소개 
 - 작품 소개
 - SF장르에 대한 느낌 나누기
 
 2. 본 강연
 - 이야기를 쓰게 된 계기 
 - 삽화를 중심으로 주요 장면을 되짚으며 생각 나누기
 - 작품 속 인물들의 ‘선택’과 ‘돌봄’에 대한 생각 나누기 
 - 동물의 ‘감정’에 대한 생각 나누기
 - 미래의 인공지능과 환경에 대한 생각 나누기
 
 3. 활동
 - '리버뷰'처럼 내가 만든 상상의 공간을 그림 또는 글로 자유롭게 표현하기
 - 인공지능이 인간을 관리한다면 좋을까? 나쁠까? 나의 생각을 말풍선에 쓰기
 - 작품 속 동물 캐릭터에게 ‘작별 편지’ 또는 ‘약속 편지’ 써 보기
 - 등장인물의 선택에 대한 나의 생각 발표해 보기
 
 4. 마치며
 - Q&A 시간
 - 사진 촬영 및 사인
 (*강연 내용은 장소 및 대상, 규모 및 현장 분위기에 따라 변경될 수 있습니다.)
 
 
 [책 소개]
 
 100% 독자의 선택으로 최종 수상작을 결정하는 제2회 위즈덤하우스 판타지문학상 어린이 부문 대상 수상작. 어린이 심사위원 120인의 마음을 단번에 사로잡은 『창밖의 기린』은 인공 지능 에모스가 만든 유토피아 ‘리버뷰’에 가족과 함께 입주하지 못하고 혼자 남은 소녀 재이의 이야기를 그린다. 재이가 가족과 떨어져 혼자 살면서 처음으로 겪게 되는 외로움과 불안, 그리고 다정한 돌봄과 진정한 자유가 탐정물을 방불케 하는 긴장감 있는 서사로 흥미롭게 펼쳐진다.
 
 
 [추천평]
 
 인류는 정말로 인공 지능 에모스가 ‘언제나 정당하고 합리적인 판단을 하고 있’다고 믿을 수 있을까? 어린 여자아이가 반려동물과 함께 있고자 혈연인 가족들과 스스로 헤어져 다른 세상에 홀로 남는다는 것이 가능하고 바람직한 일일까? 영혼을 육체에서 분리해 영생을 누리게 할 수 있는 정도의 세상에 동물의 입주는 왜 절대로 불가능할까? 어린이 심사위원들이 이런 문제를 내놓고 가열차게 토론하는 현장을 상상하면 벅찬 에너지가 솟는다. 작품의 완성에 적극적으로 참여하는 독자들의 열기 덕분에 우리 어린이 문학은 제대로 익어갈 수 있을 것이다._김서정 (아동문학평론가)
 
 『창밖의 기린』은 인공 지능 에모스가 관리하는 네트워크 세상인 리버뷰에 들어가기 위해 마인드 업로딩 과정을 반복하는 재이의 이야기다. 한 단락으로 간단하게 세계관을 설명하고 바로 본론으로 들어간다는 점, 서사가 차곡차곡 쌓이면서 SF의 ‘경이감’을 놀랍게 구현해 낸다는 점에서 주목을 끌었다. 이종(동물과 사람)간의 소통을 그려 낸 장면도 식상하지 않고 충분히 환상적이며, 불로불사할 수 있는 리버뷰에 자신의 선택으로 들어가지 않는 사람들의 모습을 보여 주는 이유가 개성적이었다. 다만 결말로 가면서 경이감이 줄어드는 점은 아쉬웠다. 이종의 소통을 통해 경이감을 신선하게 보여 주었음에도, 동물을 온전한 주체로 보지 못하고 있다는 점이 경이감이 줄어든 이유로 보여 이 부분을 보완한다면 더 설득력 있는 작품이 될 것이라고 보았다._송수연 (아동문학평론가)
 
 
 [작가 소개]
 
 제3회 한낙원과학소설상 작품집 『세 개의 시간』에 실린 단편 「진로 탐색」, 『우리한텐 미래가 없어』에 실린 단편 「사이보그 동물 사육제」를 썼다. 『창밖의 기린』으로 제2회 위즈덤하우스판타지문학상 어린이 부문 대상을 수상했다.",https://api.wisdomhouse.co.kr/api/v1/images?path=/kidsBookMeet/thumb/10f16a7a901043b49a9ad52e595c5f43.jpg,
위즈덤하우스,허교범,어린 변호사,어린이 (고학년),대면,"문학 [강연 개요]
 
 더는 모의재판이 아니다. 어린 변호사는 자기의 모든 것을 걸고 재판에 뛰어들어 의뢰인의 무죄를 증명하려고 한다. 재판까지 남은 시간은 단 일주일. 하루도 그냥 넘어갈 수 없는 대결이 펼쳐진다.
 
 『어린 변호사』는 한국에서 흔하지 않게 시도되는 어린이 법정 스릴러이다. 이 책을 통해서 어린 독자들은 재판 과정과 법률 용어, 판사와 변호사와 배심원의 역할에 대해 많은 것을 배우고, 또 그 속에 참여하고 싶은 열망을 품게 될 것이다. 이 강연은 『어린 변호사』가 생겨난 과정을 구체적으로 보여 주어 책을 더 깊이 이해하는 것을 목적으로 한다.
 
 
 [강연 순서]
 
 1. 들어가며
 - 작가 소개
 - 『어린 변호사』 작품 소개
 
 2. 본 강연
 - 작가가 되기까지의 과정
 - 추리 소설과 법정 스릴러의 세계
 - 재판에서 ‘무죄’가 가지는 의미
 - 기상천외한 독서 경험 나누기
 
 3. 활동
 - 직접 강연 과정에 참여해서 원하는 이야기 주제 고르기
 
 4. 마치며- 작품에 대한 Q&A 시간
 - 작가에 대한 Q&A 시간
 - 사진 촬영 및 사인
 (*강연 내용은 장소 및 대상, 규모 및 현장 분위기에 따라 변경될 수 있습니다.)
 
 
 [책 소개]
 
 반에서 영향력이 전혀 없는 어린 변호사는 반에서 가장 영향력이 큰 반장이자 검사인 아이를 상대로 자기의 모든 것을 걸고 재판에 뛰어들어 의뢰인의 무죄를 증명하려고 한다. 재판까지 남은 시간은 단 일주일. 하루도 그냥 넘어갈 수 없는 대결이 펼쳐지는데……. 
 
 이 작품은 표층적으로는 따돌림 또는 괴롭힘 당하는 친구를 돕는 '우정' 또는 '또래 관계'가 주제이겠으나, 심층적으로는 교실 내 미묘한 힘의 관계에 대한 성찰을 담고 있다. 또한 어린 변호사로 활약하는 주인공 남자아이가 교실 내에서 자신의 존재를 분명하게 자리매김하고, 자기만의 방식으로 자신의 욕망을 이루는 자기 극복 서사이기도 하다. 
 
 작가가 아동문학에서 흔치 않은 법정 스릴러 장르를 통해 표현하려고 했던, ‘오락’을 뛰어넘는 주제는 과연 무엇일까. 기발한 착상과 해법의 테크닉, 그 뒤에는 상상도 못 한 숨겨진 가치와 의미가 우리를 기다리고 있다! 
 
 
 [추천평]
 
 무심코 교통카드를 태그한 순간 버스 회사와 운송 계약이 체결되고 그 계약에 따라 법적 책임이 발생하게 된다는 사실을 알고 신선한 충격을 받았던 것은 대학에서 법학도가 되고 나서였다. 책에서 배운 법치주의는 공기와도 같아서 우리는 법이 없으면 단 한순간도 살아갈 수가 없다. 태아는 물론 죽은 후에도 법으로부터 자유로울 수 없다. 하지만 법이라는 것이 아무리 강력해도 사람의 생각과 동떨어진 외계 문명은 아니니 두려워할 필요는 없다.
 
 결국 법도 사람들 생각의 산물이다. 내가 사법연수원에서 배운 것은 법조문이 아니라 법을 해석할 수 있는 사고였다. 법을 공부한다는 것은 합리적인 사고력을 단련하는 것과 같다. 오늘날 우리 사회는 어릴 때부터 좋은 게 좋은 것이니 무조건 친구하고 사이좋게 지내라며 사리 분별력을 훼손하는 문화가 팽배하다. 이런 현실에서 학교 내 친구들과의 관계, 사건 사고에 대해 감정이나 욕심을 좇지 않고 합리적인 의문을 제기하고 철저하게 사리에 맞게 사고하며 이에 대한 답을 찾아가는 이 작품은, 지금 여기에 있는 어린이들이 살아가는 데 자양분이 될 것임에 틀림없다.
 
 - 이지훈 (법무법인 제인 대표변호사, ㈜휴유재 대표 이사, 유튜브 ‘아는 변호사’ 채널 운영자)
 
 
 [작가 소개]
 
 1985년 강원도 홍천에서 태어나 서울대학교 사회학과를 졸업했다. 2013년 비룡소에서 주최한 제1회 스토리킹에 『스무고개 탐정과 마술사』로 당선되었다. 「스무고개 탐정」 시리즈(전 14권), 『불붙은 링을 뛰어넘는 소년』에 이어 「이리의 형제」 시리즈와 「대장장이 왕」 시리즈를 동시에 쓰고 있다.",https://api.wisdomhouse.co.kr/api/v1/images?path=/kidsBookMeet/thumb/ffac70c654da4d29882e9cd5963f22c0.jpg,
위즈덤하우스,서수인,나는 문어,"유아(4~7세), 초등 1~2학년",대면,"그림책 《나는 문어》를 읽으며 있는 그대로의 내 모습을 사랑하고 당당하고 슬기롭게 나를 마주해 보아요. 최고가 되려는 대신 나답게 빛나는 법을 깨닫는 이야기를 통해 자기다움의 소중함을 일깨울 수 있어요. 그림책 작가의 꿈을 이룬 서수인 작가와 작업 이야기를 나눠 보고, ‘나다운 문어 다리’로 풍성한 독후 활동도 누려 보세요.",https://api.wisdomhouse.co.kr/api/v1/images?path=/kidsBookMeet/thumb/4a5ce4aac5db4014b741de8ff6a8c73f.JPG,
위즈덤하우스,도대체,야광 코딱지 1,초등 전 학년,대면,문학 야광 코딱지를 가진 어린이 고단지는 코딱지를 활용해서 주위 사람들을 도와요. 단지는 왜 사람들을 돕기로 결심했을까요? 비밀을 간직하고 살아가는 데 어려움은 없을까요? 단지의 야광 코딱지처럼 꼭꼭 감추고 싶은 내 비밀은 무엇일까요? 내 코딱지가 야광이라면 어떤 일을 가장 먼저 하고 싶을까요? 저마다 재미난 상상을 해보는 시간을 갖습니다.,https://api.wisdomhouse.co.kr/api/v1/images?path=/kidsBookMeet/thumb/362cbca350134605891241dfad95d1ca.jpg,
위즈덤하우스,김영숙,그런 멋진 일을 하셨소?,초등 전 학년,대면,"REFINEMENT 1. 강연 주제
 기상천외한 조선의 별별 job담
 
 2. 강연 개요
 “조선은 우리 없으면 안 돌아갔을걸?”
 평범한 백성들의 기상천외한 직업 이야기
 
 ‘조선 시대’ 하면 뭐가 떠오르나요? 훌륭한 왕, 청렴한 양반, 학문의 대가, 용감한 장군 등 큰 공을 세운 위인들이 많을 거예요. 그러나 조선을 지탱한 것은 평범한 백성들이었어요. 백성들이 가정을 일구고 일터를 지키며 묵묵히 역할을 해 준 덕분에 조선은 굳건히 설 수 있었어요. 삶을 지키기 위해 별별 일을 마다하지 않았던 백성들의 이야기는 그 어떤 위인전보다 놀랍고 재미있어요.
 
 변호사, 기자, 과학 수사관 같은 시대를 앞서간 전문가들, 상조 서비스를 담당하는 장의사, 호랑이 잡는 군인, 심지어 스파이도 있었다니, 믿기나요? 거기다 무슨 대행 아르바이트는 그렇게 많은지! 대신 매 맞아 주고, 대신 군대 가 주고, 대신 울어 주고, 심지어 대신 시험도 봐 준대요. 평생 한 가지 일에 매진한 장인들, 사람들을 웃고 울게 하며 위로했던 연예인, 지금은 없지만 그때는 있었던 놀랍고 재미난 조선의 속살이에요.
 
 이 책을 써 주신 김영숙 작가님이 들려주는 기상천외한 조선의 별별 job담을 들어 보세요!",https://api.wisdomhouse.co.kr/api/v1/images?path=/kidsBookMeet/thumb/d8c569c65eb14b15b2430a1e45e7bfab.jpg,
위즈덤하우스,박민주,노 휴먼 존,초등 전학년,대면,"그림책 ""왜 우리는 못 들어가요?"" 《노 휴먼 존》은 건강한 공존에 관해 질문을 던지는 책입니다. 다소 묵직하지만 어엿하게 살기 위해 생각해 보아야 할 담론을 어린이의 눈높이에 맞춰 유머러스하게 전달하는 박민주 작가와 작업 이야기를 나눠 보고, 풍성한 독후 활동도 누려 보세요.",https://api.wisdomhouse.co.kr/api/v1/images?path=/kidsBookMeet/thumb/190d91c7a0124d1bbda6b51f88505abe.jpg,
위즈덤하우스,최민지,오모리가 아무리,"유아(4~7세), 초등 전 학년",대면,"그림책 혼자 방을 쓰며 짝꿍을 기다려 온 아이 아무리, 살고 있던 수족관에서 갑자기 쫓겨난 문어 오모리, 하나부터 열까지 너무 다른 우리 둘, 함께 살 수 있을까? 어린이들이 가장 사랑하는 최민지 작가와 작업 이야기를 나눠 보고, '짝꿍 초대장 만들기'로 풍성한 독후 활동도 누려 보세요.",https://api.wisdomhouse.co.kr/api/v1/images?path=/kidsBookMeet/thumb/c6c43e925ce14fe0a8211ed413409477.JPG,https://search1.kakaocdn.net/thumb/R120x174.q85/?fname=http%3A%2F%2Ft1.daumcdn.net%2Flbook%2Fimage%2F6895694%3Ftimestamp%3D20260415121646
위즈덤하우스,김영숙,무지개 도시를 만드는 초록 슈퍼맨,초등 전 학년,대면,"REFINEMENT 1. 강연 주제
 지구적으로 생각하고 지역적으로 행동하라!
 
 2. 강연 개요
 살려 줘요, 초록 슈퍼맨! 지구와 인류가 위험해요!
 
 무지개 도시를 만드는 초록 슈퍼맨이 있어요. 빌딩을 들어 올리는 힘도 없고, 최첨단 무기로 무장하지도 않았지만, 지구와 인류의 운명을 바꾸는 힘을 가진 슈퍼 영웅들이에요. 위험에 처한 지구의 환경을 지키기 위해 때로는 멈추고 때로는 행동하는 시민들이 바로 초록 슈퍼맨이에요. 생각과 행동을 바꾸면 누구나 초록 슈퍼맨이 될 수 있어요. 
 이 책을 써 주신 김영숙 작가님과 함께 에너지 농사를 짓는 시골 마을, 세계의 환경 교과서가 된 태양의 도시, 재미와 장난으로 탄생한 창조 도시, 식량 위기를 기회로 탄생한 도시 농업, 지역을 지키는 친환경 도시 등 지구 곳곳의 무지개 도시를 일군 초록 슈퍼맨을 만나보세요.",https://api.wisdomhouse.co.kr/api/v1/images?path=/kidsBookMeet/thumb/3c2903e307c142c297d3b10a43382009.jpg,
위즈덤하우스,황선애,"비밀의 책, 오",어린이 (고학년),대면,"문학 1. 강연 개요
 『비밀의 책, 오』는 ‘지네와 구렁이의 승천 다툼’ 설화를 바탕으로 한 작품입니다. 시공간을 초월하며 벌어지는 이야기를 통해 독서의 즐거움을 느끼고, 현실의 어려움과 고민을 스스로의 선택과 힘으로 해결해 나가는 방법을 함께 나눠 보고자 합니다.
 책 속 주인공처럼 자기만의 행복 비책을 만들어 보면서 자신의 진짜 마음을 들여다보고, 더불어 친구와 가족에 대한 이해, 진정한 용서의 의미 등에 대해 생각해 보는 시간을 가져 보아요.
 
 2. 강연 순서
 
 1) 들어가며
 - 작가의 어린 시절, 현재의 삶과 작품 등 작가 소개 
 - 생활 속 독서와 글쓰기의 효용 
 
 2) 본 강연
 - ‘지네와 구렁이의 승천 다툼’ 설화 함께 읽기
 - 『비밀의 책, 오』 창작 동기, 주제 등 작품 세부 이야기
 - 평범한 일상에서 비밀스러운 세계로 가는 방법
 - 내가 선택한 이름으로 살아가는 것의 중요성
 - 나만의 행복 비책 만들기
 
 3) 마무리
 - 질의 응답, 마무리 퀴즈
 - 사진 촬영 및 사인",https://api.wisdomhouse.co.kr/api/v1/images?path=/kidsBookMeet/thumb/e43889ba41d64ec9adadaa18c19dee9b.jpg,
위즈덤하우스,김준,나는 갯벌의 다정한 친구가 되기로 했다,어린이(고학년) / 청소년,대면,"REFINEMENT 우리가 갯벌의 다정한 친구가 된다면?
 
 칠게와 도요새와 사람이 공존하는 곳, 갯벌의 구석구석을 소개합니다. 
 ""왜 조개 캘 때 펄 흙을 긁으면 안 될까?' '갯벌 구멍의 크기와 모양이 왜 다 다를까?' '어민들이 갯벌에서 쓰는 도구가 어떻게 새의 부리를 닮았을까?' 등 저자가 35년 동안 우리나라 곳곳의 갯벌에서 직접 보고 듣고 느낀 것들을 재미난 에피소드로 이야기해 줍니다. 갯벌 생태계가 쏙쏙 이해되는 것은 물론, 갯벌의 가치를 가슴으로 절실히 느낄 수 있을 것입니다.",https://api.wisdomhouse.co.kr/api/v1/images?path=/kidsBookMeet/thumb/b7c72d673ecd421ca1185b45c3a18372.png,
위즈덤하우스,한연진,이상한 사파리,초등 전학년,대면,"그림책 진정 자연을 사랑하는 것은 무엇일까요?
 
 《이상한 사파리》는 스스로 생각하는 어린이를 위한 '질문하는 그림책'입니다. 작품이 완성되기까지의 작업 과정을 나누며, 자연을 사랑하기 위해 우리가 할 수 있는 일과 멈출 수 있는 일에 대해 생각해 봅니다.",https://api.wisdomhouse.co.kr/api/v1/images?path=/kidsBookMeet/thumb/1798a28d9db5454bb509a9c88113ee44.png,https://search1.kakaocdn.net/thumb/R120x174.q85/?fname=http%3A%2F%2Ft1.daumcdn.net%2Flbook%2Fimage%2F6765956%3Ftimestamp%3D20251128151705
위즈덤하우스,이반디,햇살 나라,초등 고학년,대면,"문학 [강연 개요]
 
 주위를 둘러보면 어렵고 힘든 환경에 놓인 어린이들을 많이 볼 수 있다.
 우리는 그 아이들을 어떤 시선으로 보아야 할까? 무엇을 할 수 있을까?
 『햇살 나라』 이야기를 통해서 그들의 이야기를 들어본다. 
 그리고 잠깐 숨을 고르며 삶과 세상에 대해 생각하는 시간을 갖는다.
 
 세상과 어른에 대한 무한한 신뢰와 밝은 희망이 어린 나이의 어린이에게 반드시 필요한 덕목이라면, 이제 자아를 발견하고 성장하는 더 자란 어린이에게는 세상과 나 사이의 균형과 긴장을 잘 조절하고, 자기만의 눈을 갖는 것이 중요한 덕목이 될 것이다.
 『햇살 나라』를 읽다 보면 타인의 아픔을 통해 더 단단하게 성장하는 나를 발견하게 될 것이다.
  
 [강연 순서]
 
 1. 들어가며
 - 작가 소개
 - 『햇살 나라』 작품 소개
 
 2. 본 강연
 - 성냥팔이 소녀와 행복한 왕자 이야기
 - 수백 년 전 과거와 현재의 상황 비교해 보기
 - 사회구조적 상황과 개인의 운명에서 기인하는 슬픔에 대해 이야기해 보기
 - 주인공들을 보며 우리는 무엇을 할 수 있을까 생각해 보기
 - 고통스럽지만 현실을 직시해야 하는 이유를 생각해 보기
 
 3. 활동 (활동지에 글 써 보기) 
 작품 속 인물을 통해 나의 마음 들여다보기
 - 내가 생각하는 세상에서 가장 무거운 눈물은 무엇일까요?
 - 내가 슬프고 외로울 때 위로를 주는 다정한 존재는 무엇인가요?
 - 포포포처럼 누군가를 도와주고 싶은 경험이 있었나요? 그때의 마음은 어땠나요?
 - 나의 꿈은 무엇이고, 나의 꿈을 가로막는 것은 무엇인가요?
 
 4. 마치며- 작품에 대한 Q&A 시간
 - 작가에 대한 Q&A 시간
 - 사진 촬영 및 사인
 (*강연 내용은 장소 및 대상, 규모 및 현장 분위기에 따라 변경될 수 있습니다.)
 
 [책 소개] 
 
 세상에서 가장 슬프고 깊은 동화!
 
 『햇살 나라』는 우리의 현실에서 소외되고, 고통받는 어린이들을 네 편의 작품을 통해 보여 준다. 작품은 가난, 가정폭력, 차별과 혐오, 자본과 통제에 노출된 아이들을 단순한 연민의 시선이 아닌, 희망의 눈으로 응원한다. 어린이들이 그들의 세계에서 더 나은 세계로 갈 수 있는 열쇠를 어린이의 손에 쥐어 준다. 어린이들의 고통을 잘 알고 있다고 말하며, 그들의 비상에 힘찬 박수를 보낸다. 
 
 작품 속의 주인공들은 단지 이야기 속 희생자나 피해자만이 아니다. 그들은 살아 있는 현실 속 아이들의 다른 모습이며, 우리 이웃들의 모습이다. 고통 속의 누군가를 바라보는 것은 때로는 힘들고 종종 죄책감을 들게 한다. 하지만 피하지 않고 자신과 타인의 세상을 똑바로 바라보는 데서부터 변화는 시작될 것이다.
 
 동화를 읽는 것은 문학을 통해 세상과 인간을 탐구하고 삶의 감각을 키워나가는 것이다. 『햇살 나라』를 읽는 것도 아프고 슬프지만 아름다운 또 하나의 방법이 될 것이다.
 
 
 [작가 소개]
 
 이반디
 「꼬마 너구리 삼총사」로 제1회 창비어린이 신인문학상을 수상했다. 『호랑이 눈썹』, 『도레미의 신기한 모험』, 『꼬마 너구리 요요』, 『누가 올까?』 등을 썼다.",https://api.wisdomhouse.co.kr/api/v1/images?path=/kidsBookMeet/thumb/5531074e38ae40a5af6153aa0b390174.png,
위즈덤하우스,이희영,베아,청소년,대면,"문학 [강연 소개]
 『베아』는 우리 독자들에게 SF와 장르적 쾌감을 선사하며 활발하게 작품을 이어 온 이희영 작가가 선보이는 「단군 신화」를 모티브로 한 판타지 소설입니다. 죽음의 숲이라 불리는 케이브에 들어가게 된 쿤의 후계자 베아와 솔의 후계자 타이가 숲에서 벌어지는 여러 상황을 겪으며 타인이 정한 삶이 아닌, 오롯이 내 마음에 귀를 기울이며 자아를 찾아 나가는 과정을 담은 이야기입니다. 이 이야기를 기획한 이유와 인물들을 설정하는 방법, 신화와 판타지가 어떻게 결합되었는지 그 과정을 듣습니다. 그리고 창의력에 무엇이며 어떻게 키울 수 있는지, 생각의 힘이 우리의 삶에 어떠한 변화를 일으키는지, 경이로운 판타지 세계관을 펼쳐 보이는 이희영 작가와 만남을 가져 보세요. 
 
 1. 주제 : 창의력, 그 생각의 힘을 키우는 방법에 대해
 
 2. 질의응답 및 사인 
 
 3. 작가 소개 
 단편소설 「사람이 살고 있습니다」로 2013년 제1회 김승옥문학상 신인상 대상을 수상하며 본격적인 작품 활동을 시작했다. 2018년 『페인트』로 제12회 창비청소년문학상을 수상했고, 같은 해 제1회 『너는 누구니』로 브릿G 로맨스스릴러 공모전 대상을 수상했다. 이외 지은 책으로 장편소설 『셰이커』 『페이스』 『보통의 노을』 『나나』 『챌린지 블루』 『테스터』 『소금 아이』 『여름의 귤을 좋아하세요』 『썸머썸머 베케이션』 등이 있다.
 
 
 *사전 공지*
 1. 강연 인원은 최소 30명 이상, 최대 100명 이하입니다. 
 
 2. 강연 장소는 마이크가 울리고 의자가 없는 체육관, 강당은 지양해 주세요. (X)
  도서관에서 강연하고 모니터로 전교생이 보는 것도 지양해 주세요. (X)
  (도서관이나 의자가 있는 소강당은 괜찮습니다(O))
 
 3. 강연에 참석하는 모든 인원이 반드시 ‘주제도서’를 완독해 주세요.
  독서 프로그램 계획을 상세히 말씀해 주시면 감사하겠습니다. 
  예) 한 학기 한 권 읽기, 독서 토론하기, 독후활동 및 서평 쓰기 등 
  학교에서 강연에 참여하는 친구들에게 도서를 제공하는 경우라면 꼭! 말씀 부탁드립니다.
 
 4. 사인회를 원하시면 반드시 ‘책’에만 가능합니다. 
  A4용지, 공책, 다이어리, 아이패드, 핸드폰, 학교 프린트물, 절대 안 됩니다.
  사인을 원하는 친구에게는 ‘주제도서’를 꼭! 가져올 수 있도록 미리 공지 부탁드립니다.
 5. 강연은 1시간 (수업 시간 한 시간 45~50분 사이: 나머지 1시간은 질의응답입니다.)
  2시간 이내(120분) 사인과 사진 촬영까지 마칠 수 있도록 부탁드립니다.
 6. 너무 이른 시간: 1교시부터는 찾아뵙기 힘듭니다. 가급적 오전 10시 이후나 오후로 강연 시간을 조율해 주시면 감사하겠습니다.
  운전을 못하는 관계로 대중교통으로 가기 힘든 외진 곳은 찾아뵙는데 조금 힘들 것 같습니다.
 
 7. 마지막으로 강연료(강연료와 원고료, 교통비)를 정확하게 말씀해 주세요",https://api.wisdomhouse.co.kr/api/v1/images?path=/kidsBookMeet/thumb/069730021afe4d51be48f1ea59139411.png,https://search1.kakaocdn.net/thumb/R120x174.q85/?fname=http%3A%2F%2Ft1.daumcdn.net%2Flbook%2Fimage%2F6782792%3Ftimestamp%3D20251217152318
위즈덤하우스,김영호,꿀벌이 멸종할까 봐: DNA로 파헤친 꿀벌 실종 사건의 진실,초등 고학년~중학생,대면,"REFINEMENT “꿀벌이 사라졌다! 그런데 왜? 얼마나? 그래서 어떻게 해야 하는데?”
 
 수백억 마리의 꿀벌이 사라지고 있는 지금, 곤충 DNA 전문가와 '꿀벌 실종 사건'의 진실을 함께 파헤쳐 봅니다. “이보다 이해하기 쉽게 전문가의 지식을 담은 책은 없을 것”이라는 서울대학교 이시혁 교수의 말처럼 이 책은 '그런 일이 있다더라' 수준을 넘어 꿀벌 실종이라는 현상 뒤에서 펼쳐지고 있는 최첨단 과학 수사의 세계로 어린이들을 초대합니다. 김영호 작가님과 함께 과학자의 눈으로 사건을 바라보며 꿀벌의 멸종을 막을 방법이 있는지 찾아가 봅시다.",https://api.wisdomhouse.co.kr/api/v1/images?path=/kidsBookMeet/thumb/2a92906d6bab46859b2dab18cf1670bc.png,
위즈덤하우스,김태호,달코끼리,어린이,대면,"문학 [『달코끼리』 강연 개요]
 
 먼 미래라고 생각했던 환경 문제는 이미 현실이 되었다. 작은 변화라고 생각했던 것들이 환경에 미치는 영향이 생각보다 더 크고, 심각한 결과를 초래한다는 걸 우리는 실시간으로 확인하고 있다. 이렇듯 자연을 정복하려는 인간의 욕심이 가져올 미래의 모습은 어떠할까? 
 
 『달코끼리』 이야기에서 자연과 인간의 관계는 ‘달코끼리’와 주변 인물들로 그려진다. 달코끼리는 자연의 치유 능력을 상징적으로 보여주는 캐릭터이다. ‘달코끼리’의 생명에 힘을 불어넣는 신비한 능력은 어디에서 오는 걸까? 작품을 통해 좀 더 나은 미래를 위해 앞선 역사를 살펴보는 시간을 갖는다. 
 
 
 [강연 순서]
 
 1. 들어가며
 - 작가 소개
 - 『달코끼리』 작품 소개
 
 2. 본 강연
 - 인간이 자연에 도전했던 역사적 사건 알아보기
 - 도전의 역사와 결과 찾아보기
 - 우리나라의 현실적 환경 문제 살펴보기
 - 기후가 동물의 생존에 미치는 영향
 - 환경 문제 관련 퀴즈 풀이
 
 3. 활동 (예시)
 - 멸종 위기 동물 종이 접기 체험
 
 4. 마치며- 작품에 대한 Q&A 시간
 - 작가에 대한 Q&A 시간
 - 사진 촬영 및 사인
 
 (*강연 내용은 장소 및 대상, 규모 및 현장 분위기에 따라 변경될 수 있습니다.)
 
 
 [책 소개] 
 
 생명을 살리는 신비한 코끼리, 달코를 구하라!
 환경, 자본주의, 인간성을 생각해 보게 하는 색다른 어드벤처!
 
 모두가 반해 버린 사랑스러운 코끼리, 달코! 달코에게는 신비한 능력이 있다. 달코가 나타나면 어디든 생명이 싹트기 시작하는 것이다. 호반시의 부시장은 다음 선거에서 시장으로 당선되기 위해 점점 차오르는 달처럼 몸집이 커져 가는 달코를 이용하고, 얼어 죽을 뻔한 달코를 구했던 보미와 다움이는 부시장에게 잡혀간 달코를 구하기 위해 모험을 감행한다. 어른들의 탐욕에 맞서 달코를 구출하려는 보미와 다움이의 험난한 여정을 따라가다 보면 어느새 생태, 자본주의, 인간성에 대해 생각해 보게 되는 색다른 어드벤처!
 
 
 [작가 소개]
 
 김태호
 
 2013년 창비어린이 신인문학상으로 등단했다. 청소년 소설 『일 퍼센트』, 『별을 지키는 아이들』과 동화 『네모돼지』, 『제후의 선택』, 『신호등 특공대』, 『복희탕의 비밀』, 『아이가 여행가』 등을 썼고, 쓰고 그린 그림책으로 『삐딱이를 찾아라』, 『아빠 놀이터』, 『엉덩이학교』, 『섬이 된 거인』 등이 있다.",https://api.wisdomhouse.co.kr/api/v1/images?path=/kidsBookMeet/thumb/ff828a0e889046198a4234b98d7c6d7f.png,
위즈덤하우스,김태호,신의 알바,청소년,대면,"문학 [『신의 알바』 강연 개요]
 
 『신의 알바』는 삶의 경계에 선 십 대들의 고민과 성장통을 담은 이야기이다. 갈팡질팡 갈 곳을 잃은 이들이 잠시 쉬어 갈 공간과 의지할 사람은 어디에 있을까? 여섯 편의 짧은 이야기들은 누구도 그들의 편이 되어 주지 못하는 현실에서 어떻게든 살아남으려고 발버둥치는 작은 목소리를 담고 있다. 왕따, 차별, 편견, 폭력 등이 난무하는 참담한 사회에서 “내 인생은 나의 것”이라며 당당히 맞서는 주인공들의 모습이 십 대들의 상처 난 마음을 다독여 준다. 
 
 [강연 순서]
 
 1. 들어가며
 - 작가 소개
 - 『신의 알바』 작품 소개
 
 2. 본 강연
 - 청소년의 삶을 무겁게 하는 사회적 현상들을 알아본다.
 - 아픔을 겪을 때, 위안이 되었던 경험 나누기
 - 미래를 준비하는 자세에 대하여: 다르게 보고, 상상하고, 조합하는 힘
 - 가장 나다움이 가장 아름다움이다. 나다움을 찾는 법.
  
 3. 마치며- 작품에 대한 Q&A 시간
 - 작가에 대한 Q&A 시간
 - 사진 촬영 및 사인
 
 (*강연 내용은 장소 및 대상, 규모 및 현장 분위기에 따라 변경될 수 있습니다.)
 
 [책 소개] 
 
 삶의 어느 경계에 아슬아슬하게 서 있는 십 대들의 이야기
 “엄마랑 나 사이에는 경계선이 없거든.
 학교에 있어도, 내 방에 숨어도, 어디에 있든 난 엄마를 벗어날 수 없어.”
 
 미성년과 성년의 경계에서, 우정과 사랑의 경계에서, 가해자와 피해자의 경계에서, 삶과 죽음의 경계에서...... 삶의 어느 경계에 아슬아슬하게 서 있던 십 대들이 각자의 성장통을 오롯이 겪어 내고 끝내 새로운 세상에 발을 내딛는 여섯 편의 이야기.
 
 [작가 소개]
 
 김태호
 
 2013년 창비어린이 신인문학상으로 등단했다. 청소년 소설 『일 퍼센트』, 『별을 지키는 아이들』과 동화 『달코끼리』, 『네모돼지』, 『제후의 선택』, 『신호등 특공대』, 『복희탕의 비밀』, 『아이가 여행가』 등을 썼고, 쓰고 그린 그림책으로 『삐딱이를 찾아라』, 『아빠 놀이터』, 『엉덩이학교』, 『섬이 된 거인』 등이 있다.",https://api.wisdomhouse.co.kr/api/v1/images?path=/kidsBookMeet/thumb/98c8bc0a54984c4b8126e201c985cbe2.png,https://search1.kakaocdn.net/thumb/R120x174.q85/?fname=http%3A%2F%2Ft1.daumcdn.net%2Flbook%2Fimage%2F6620261%3Ftimestamp%3D20240824161310
위즈덤하우스,멜리,찍찍찍 마을 옥수수 축제,어린이,대면,"그림책 <찍찍찍 마을> 시리즈의 사랑스러운 다섯 멧밭쥐 친구들이 시원한 여름 이야기 《찍찍찍 마을 옥수수 축제》로 돌아왔습니다. 마법 공연을 위해 옥수수밭으로 떠난 친구들 앞에 짜릿하고 고소한 모험이 펼쳐집니다. 어린이 독자들에게 즐거움과 기쁨을 선사하는 멜리 작가를 만나 《찍찍찍 마을 옥수수 축제》의 작업 이야기를 듣고, 신나는 독후 활동도 누려 보세요.",https://api.wisdomhouse.co.kr/api/v1/images?path=/kidsBookMeet/thumb/9cb5e41dc70a4f6693a2f96e8f6ff925.png,
위즈덤하우스,한라경,숨 정류장,어린이,대면,"그림책 《숨 정류장》은 우리를 살게 하는 숨에게 특별한 쉼을 선사하는 이야기입니다. 일상에 지친 독자들이 그림책 속에서 편안히 쉬기를 바라는 다정한 마음을 담았습니다. 어린이 독자들의 건강한 성장을 응원하는 한라경 작가를 만나 그림책 《숨 정류장》 이야기를 듣고, 신나는 독후 활동도 누려 보세요.",https://api.wisdomhouse.co.kr/api/v1/images?path=/kidsBookMeet/thumb/78626b235b134f79b929f6d38e4648e1.jpg,
위즈덤하우스,허진희,좋아한다는 거짓말,청소년 / 어린이(고학년),대면,"문학 『좋아한다는 거짓말』을 읽고 허진희 작가를 만나는 시간을 갖습니다. 열일곱에서 열여덟로 넘어가는 겨울을 보내는 도은송, 오로라, 호서로, 남궁결, 장반지 등 사랑이라는 감정을 오롯이 마주하는 다섯 청춘들의 가슴 설레는 이야기가 펼쳐집니다. 좋아하는 마음이 얼마나 멋진지, 좋아하는 마음을 잘 표현하는 게 얼마나 중요한지 이야기 나눠 봅니다.",https://api.wisdomhouse.co.kr/api/v1/images?path=/kidsBookMeet/thumb/51f5e459d6924899bac0374ea1049388.png,
위즈덤하우스,김영주,반려 요괴,초등 저학년,대면,"문학 반려동물이 아닌 '반려 요괴'라는 발상의 전환! 『반려 요괴』는 인간과 요괴가 서로의 반려가 되는 판타지 동화입니다. 주희는 천잠이와 둘도 없는 친구가 되고 수레지기가 되면서 자기를 조금 더 표현할 줄 아는 어린이로 성장합니다. 작가는 작품에 나오는 천잠을 비롯해 할락궁이, 마고할미, 도깨비불, 인어 등 옛이야기나 설화에 등장하는 인물들을 차용해 요괴로 설정했습니다. 작가와 함께 요괴를 이야기의 소재로 가져오게 된 계기와 인간과 요괴가 서로에게 반려가 되게 한 이유를 들어 보는 시간을 가집니다. 그리고 나의 반려 요괴는 누구일까? 어떤 모습일까? 상상해 보는 즐거움도 나누어 봅니다.",https://api.wisdomhouse.co.kr/api/v1/images?path=/kidsBookMeet/thumb/9b89ca59265f438c894e6b7d5f3b5376.jpg,
위즈덤하우스,영선,키코의 세계,초등 3~4학년,대면,"문학 작가는 『키코의 세계』를 재미있게 쓰기 위해 ‘함장의 결단’이라는 요소에 공을 들였습니다. 위기의 순간 함장이 어떤 결단을 내릴지 지켜보는 것은 정말 두근두근하죠. 『키코의 세계』에 등장했던 결단의 순간들을 살펴보고, 결단의 순간을 더 재미있게 만들어내는 작가의 요령을 들어 봅니다. 또, 우리들은 누구나 자기 삶의 함장님이라는 사실을 생각하며, 각자 자신의 삶은 어떤 모습의 함선일지, 자신은 어떤 함장님인지 상상해 보는 시간을 가져 봅니다.",https://api.wisdomhouse.co.kr/api/v1/images?path=/kidsBookMeet/thumb/fb18f52e1bfc4c6587b75156cc1bf0e3.jpg,
위즈덤하우스,정진호,3초 다이빙,초등 전 학년,대면,"그림책 《3초 다이빙》은 특별히 잘하는 게 없다고 생각하는 보통의 아이들에게 용기를 주는 책입니다. 정진호 작가와 작품을 읽고, 이기고 지는 경쟁 속에서 자칫 놓치기 쉬운 정말 소중한 가치들에 대해 생각해 보는 시간을 가져 봅니다.",https://api.wisdomhouse.co.kr/api/v1/images?path=/kidsBookMeet/thumb/27b3aa51506c40d29f55ded78e8e7470.jpg,
위즈덤하우스,황지영,귤 양말이 사라졌어,초등 3~4학년 (확장 1~2학년),대면,"문학 1. 강연 소개
 세탁기를 스치기만 하면 양말 한 짝이 사라지는 마법 같은 일, 겪어 본 적 있나요? 시간이 지나 구석진 곳에서 먼지로 뒤엉킨 양말을 발견하기도 하지만 끝내 찾지 못할 때도 있어요. 작가님은 어느 날 자꾸 사라지는 양말을 보며 “도깨비가 다녀갔나?”라고 생각했대요. <귤 양말이 사라졌어>는 평범한 일상 속 작은 일화에서 시작한 동화입니다. 그 일화가 엄청나게 빛나는 이야기로 탄생했지요. 이 동화는 슬픔이 머리끝까지 차오른 인간의 눈물을 닦으러 오는 눈물 도깨비 루이와 귤 양말만 신는 규리가 교실에 퍼진 눈물을 닦는 이야기입니다. 일상에서 이야깃거리를 가져오는 건 어떻게 하는 걸까요? 그리고 어른들에게는 말하지 못하는 어린이의 슬픔과 고민은 무엇이 있을까요? 작가님과 함께 이야기를 나누어 보아요. 
 
 2. 강연 
 1) 평범한 일상에서 이야깃거리를 가져오는 방법에 대해 이야기 나누기 
 2) 아무도 알지 못한 나만의 슬픔과 고민을 이야기 해 보기
 
 3. 질의 응답 및 사인 
 -준비물: 공책과 연필 
 -강연 시간 100분 이내(질의 응답 및 사인까지) 
  
 [작가 소개]
 우리 집에는 짝 잃은 양말이 한 무더기 있어요. 그 미스터리를 파헤치다 보니 루이와 눈이를 만나게 되었답니다. 이제는 양말이 사라져도 속상해하지 않을 거예요. 
 동화와 청소년소설을 쓰고 있어요. 『할머니 가출 작전』으로 제8회 웅진주니어문학상 단편 부문 대상을 받았고, 『리얼 마래』로 제14회 마해송문학상을 받았어요. 지은 책으로 동화 『햇빛초 대나무 숲에 새 글이 올라왔습니다』, 『시원하게 도와주는 북극곰 센터』 등과 청소년소설 『블랙박스 : 세상에서 너를 지우려면』이 있어요.
 
 [책 소개]
 시린 발을 감싸는 귤 양말처럼 슬픈 마음을 달래 주는 포근한 동화!
 한밤중 규리는 귤 양말을 신은 눈물 도깨비 루이를 만났어. 루이는 규리의 눈물을 귤 양말에 담아 간다고 했지. 큰일이야! 늘 발이 시린 규리는 여름에도 귤 양말만 신거든. 하지만 마음 약해진 루이는 절대 신지 않기로 규리와 약속하고 귤 양말을 놓고 갔어. 다음 날, 규리는 약속을 깨고 양말을 신었지. 그러자 규리의 눈물이 반 전체에 퍼져 울음바다가 되었어. 이를 어째! 루이를 만나야만 해! 규리는 반에 퍼진 눈물을 닦아 낼 수 있을까? 
 
 [추천사]
 상냥하고 장난스럽고 의외로 힘센, 동심 그 자체를 보여 주는 이야기. 어린이다운 방법으로 서로를 치유하는 양말 도깨비 루이와 규리가 사랑스럽다. 만날 수 없는 누군가를 그리워하는 우리 모두에겐 폭신한 귤 양말 한 켤레가 필요하다!-천효정(동화작가)
 
 누구든 남모를 슬픔과 아픔을 갖고 있다. 때때로 슬픔이 목까지 차올라 감당하기 힘들 때 눈물 도깨비 ‘루이’가 나타나 눈물을 가져가면 좋겠다는 생각이 든다. 하지만 루이가 보이지 않아도 괜찮다. 다미, 규리, 승현이처럼 서로에게 눈물 도깨비가 되어 주면 되니까. 슬픔에 풍덩 빠지기 전에 엉엉 울어 버려도 괜찮다고, 우리가 함께 있으니 너무 슬퍼하지 말라고, 이 책을 읽는 모든 어린이에게 이야기해 주고 싶다.-김성규(행복한 김선생)",https://api.wisdomhouse.co.kr/api/v1/images?path=/kidsBookMeet/thumb/6b2a80c92f0f45179ec1eb70519225e1.jpg,
위즈덤하우스,안경미,가면의 밤,초등 전 학년,대면,"그림책 ‘보름밤에만 가면을 피우는 버섯이 있대. 그 아이는 어떤 가면이 필요했을까?’ 외면과 내면을 넘나들며 다양한 ‘나’를 마주하고, 오롯한 나의 정체성을 찾아가는 아이들의 깊은 성장을 담은 이야기입니다. 샤르자 어린이 독서 축제 일러스트 대상을 수상한 작품이기도 합니다. 세계인이 주목하는 안경미 작가와 작업 이야기를 나눠 보고, ‘내가 쓰고 싶은 가면 만들기’ 활동을 하며 생각하는 책읽기를 경험해 봅니다.",https://api.wisdomhouse.co.kr/api/v1/images?path=/kidsBookMeet/thumb/bd219bca29c14402b04ddf88bcf84f8b.png,
위즈덤하우스,정희지,우산 놀이,"유아(4~7세), 초등 1~2학년",대면,"그림책 또르르 또르르 빗소리가 경쾌한 그림책 《우산 놀이》를 만나 보세요. 비가 오면 밖에 나가 놀 수 없다는 통념을 깨고 비 오는 날만 할 수 있는 신나는 놀이를 찾아내는 어린이들의 상상력이 빛나는 이야기입니다. 동시를 쓰는 시인이기도 한 정희지 작가와 작업 이야기를 나눠 보고, ‘나만의 우산 꾸미기’로 즐거운 독후 활동도 누려 보세요.",https://api.wisdomhouse.co.kr/api/v1/images?path=/kidsBookMeet/thumb/7f0151744aca49aab8cdccd6b8fd766b.png,
위즈덤하우스,이승민,"천하무적 개냥이 수사대 시즌 1,2",초등 1~2학년,대면,"문학 * 작가님께서 평일에는 강연 진행이 어렵습니다. 신청에 참고 부탁드립니다. 
 
 한 번만 읽은 어린이는 없다! 볼수록 빠져드는 흥미로운 수사 탐정 동화 시리즈 <천하무적 개냥이 수사대>를 만나 보세요. <천하무적 개냥이 수사대 시즌1>에 이어 <천하무적 개냥이 수사대 시즌2>는 기존 개냥이 형사들 포맷을 유지하고, 새로운 연구원들의 등장과 함께 엄청난 사건들을 수사 원칙에 따라 풀어 나가는 게 매력적인 동화입니다. 치명적인 귀여움으로 무장한 등장인물의 탄생 배경과, 시의적절한 사건을 어디에서 찾는지, 범인을 찾아 나가는 과정을 어떻게 구상하는지, 작가님에게 이야기를 들어 봅니다.",https://api.wisdomhouse.co.kr/api/v1/images?path=/kidsBookMeet/thumb/9f78937d542d4ea1bfe162f44ddf0907.jpg,
위즈덤하우스,황선미,찰랑찰랑 비밀 하나,초등 3~4학년,대면,문학 누구에게나 조금씩 비밀이 있으며 그 비밀을 제대로 마주할 수 있도록 숨 고르는 시간이 필요합니다. 그 비밀을 품었던 시간만큼 우리의 마음도 더 단단하게 자랄 테니까요. 그러기에 때로는 비밀을 알면서도 모르는 척해 주는 다정한 마음이 필요합니다. <찰랑찰랑 비밀 하나>는 어떤 상황에서든 자신의 비밀과 품위를 지키고 싶은 어린이의 마음이 잘 담겨 있어 어린이를 존중하고 사랑해야 할 어른들이 꼭 읽어야 할 책이기도 합니다. 함께 책을 읽고 비밀의 의미에 대해 나눠 봅니다.,https://api.wisdomhouse.co.kr/api/v1/images?path=/kidsBookMeet/thumb/a13c42acac3c40b4af9c264fde7224f9.jpg,
위즈덤하우스,이송현,"내 이름은 십민준 ③ 헬로, 텐민준",초등 1~2학년,대면,"문학 ‘이’와 ‘10’이 헷갈리는 바람에 십민준(10민준)이 된 민준이가 3학년이 되었어요. 민준이는 이제 막 영어 공부를 시작했는데, 절친 도보람은 미국에 가서 영어 공부를 한대요. 민준이는 도보람을 오랫동안 못 보는 것도 속상한데 도보람은 영어로만 메일을 쓰라는 말도 안 되는 약속을 하게 해요. 민준이는 도보람에게 영어 메일을 보낼 수 있을까요? 새 학년이 될 때마다 새로운 도전을 하는 「내 이름은 십민준」 세 번째 이야기입니다. 책을 함께 읽고 학교생활, 친구 관계, 새로운 시작, 언어 공부 등에 대해 나눠 봅니다.",https://api.wisdomhouse.co.kr/api/v1/images?path=/kidsBookMeet/thumb/68ddf7316d5e43a28a7a2ca1b7a90f96.jpg,
위즈덤하우스,황선미,찰랑찰랑 사랑 하나,초등 3~6학년,대면,"문학 누구에게나 첫사랑의 순간이 있습니다. 내 마음에 쏙 드는 애가 나를 좋아하는 일은 가능할까요? <찰랑찰랑 사랑 하나>는 <찰랑찰랑 비밀 하나>에 이은 두 번째 작품입니다. 할머니가 치매 때문에 요양원에 가는 바람에 한심한 삼촌과 살게 되었지만, 주인공 봄인이는 꿋꿋하게 자존심을 챙기고 잘난척쟁이 남자 친구를 알게 되며 조금 더 성장하게 됩니다. <찰랑찰랑 사랑 하나>를 함께 읽고 누군가를 좋아하는 감정에 대해, 그 감정이 우리에게 어떤 의미인지 이야기 나눠 봅니다.",https://api.wisdomhouse.co.kr/api/v1/images?path=/kidsBookMeet/thumb/22ad11b9a4ff45c991ca67c1957f6497.jpg,
위즈덤하우스,송미경,가정 통신문 시 쓰기 소동,초등 3~4학년,대면,"문학 [강연 소개]
 
 시를 쓰면서 벌어지는 한바탕 소동을 통해 ‘시의 순기능’을 통한 삶의 변화를 포착하는 이야기입니다. 서사와 시가 병행되는 독특한 형식으로 엮은 글을 통해 교과서 속 시 지문으로만 시를 배우는 아이들에게 진짜 시를 만나는 시간을 선물합니다. 송미경 작가와 함께하는 아주 특별한 시 수업을 통해 느리게 시 읽는 시간, 재밌게 시 쓰는 순간을 즐겨 봅니다.
 
 1. 들어가며
 - 작가 소개 
 - 책 소개 
 
 2. 본 강연 
 - ‘시’ 하면 떠오르는 것들에 대해 이야기 나누기
 - 이야기에 소개되는 시에 대한 생각이나 느낌 나누기
 - 내가 가장 좋아하는 ‘음식’에 대해 이야기 나누고, 자유롭게 시로 써 보기
 - 내가 가장 좋아하는 ‘소리’에 대해 이야기 나누고, 자유롭게 시로 써 보기
 - 내가 가장 좋아하는 ‘냄새’에 대해 이야기 나누고, 자유롭게 시로 써 보기
 
 3. 활동 (예시)
 - 내가 쓴 시 낭독하기
 - ‘시란, ~ 이다.’ 문장 완성하기
 
 4. 마치며
 - 궁금한 내용 묻고 답하기
 - 사진 촬영 및 사인
  
 (*강연 내용은 장소 및 대상, 규모 및 현장 분위기에 따라 변경될 수 있습니다.)
 
 [책 소개]
 
 “시 이야기를 친구들과 나누게 될 줄은 진짜 몰랐어요.”
 “시란 그런 거죠. 그 모든 걸 다시 보게 하는.”
 
 ‘새로운 가정 통신문으로 우리를 기절시켜 주세요!’ 새로운 가정 통신문을 기다리던 비둘기 초등학교 아이들에게 드디어 가정 통신문이 도착한다. 비둘기 초등학교에 새로 온 땡땡이 선생님이 보낸 가정 통신문에는 이렇게 적혀 있다. ‘한 달 후 본교에서 시 낭독회를 엽니다. 그러니 한 달 동안 시를 써 보고 가장 마음에 드는 시를 한 편 골라 제출해 주세요.’
 
 비둘기 초등학교 아이들과 마을 사람들은 모두 고개를 갸웃한다. “시? 시를 쓰라고?” 한 번도 시를 써 본 적 없는 이들은 얼떨결에 시를 써 보지만 쉽지 않다. 그런 이들에게 땡땡이 선생님은 소리에 대해 시를 써 오라거나 냄새에 대해 시를 써 오라는 등 매주 미션을 하나씩 주며 자연스럽게 일상에서 시를 낚을 수 있도록 이끈다. 처음에는 시 쓰기를 어색해하고 낯설게만 여기던 이들은 오감을 활용해서 자기 환경을 자세히 들여다보고, 사물을 느리게 관찰하고, 자기 마음에 귀 기울이고, 자기 감각을 경험해 보는 시간을 갖게 되면서 조금씩 이 엉뚱한 글쓰기를 즐기게 된다. 그리고 어느새 시의 매력에 빠져들어 시를 즐기게 된다. “이번 가정 통신문을 받기 전까지 시 이야기를 친구들과 나누게 될 줄은 진짜 몰랐어요.”라는 아이들의 고백에 작가는 이렇게 답한다. “시란 그런 거죠. 그 모든 걸 다시 보게 하는.”
 
 
 [추천사]
 
 시를 쓰고 싶니? 잘 써야 한다는 생각, 멋있게 써야 한다는 생각 때문에 한숨이 나오니? 이상이랑 유리랑 리지도 간다더라. 우리 같이 비둘기 초등학교에 가서 땡땡이 선생님의 가정 통신문을 받아 오자. - 김개미 (시인)
 
 나는 앞으로 아이들과 시를 공부하기 전에 『가정 통신문 시 쓰기 소동』을 읽어 줄 생각이다. 우리 교실은 비둘기 초등학교보다 더 시끌시끌한 시 쓰기 소동을 겪게 될지도 모른다. 아이들이 자꾸 시를 쓰고 너도나도 읽어 달라면 어쩌지? 상상만으로도 너무 아름다워서 기쁘고 설렌다. - 방주현 (시인, 초등교사)
 
 더 읽고 싶은데 이렇게 짧게 ‘시 쓰기 소동’이 끝나다니요. 여기서부터 정말 재밌는 시 이야기가 시작될 텐데요. 저는 송미경 작가님한테 졸라 대고 싶어요. 작가님! 시 이야기 더 들려주세요. ‘시 쓰기 소동’은 이 세상 끝까지 계속돼야 한다고요! - 이안 (시인, 『동시마중』 편집위원)
 
 
 [작가 소개]
 
 그림책과 동화, 청소년소설을 쓰고 있습니다. 『학교 가기 싫은 아이들이 다니는 학교』로 제2회 웅진주니어문학상, 『돌 씹어 먹는 아이』로 제5회 창원아동문학상, 『어떤 아이가』로 제54회 한국출판문화상을 받았습니다. 쓰고 그린 책으로 『둥둥 북을 쳐요』 『오늘의 개, 새』가 있고, 쓴 책으로 『가정 통신문 소동』 『이상한 아이 옆에 또 이상한 아이』 『복수의 여신』 『햄릿과 나』 『봄날의 곰』 『나는 새를 봅니까?』 등이 있습니다. 어떤 모습이든 우리의 매일이 기쁜 날이기를 소망합니다.",https://api.wisdomhouse.co.kr/api/v1/images?path=/kidsBookMeet/thumb/97a71c973c8e43b7bd1d7837f665c745.png,
위즈덤하우스,장아영,맨날맨날 착하기 싫어,"유아(4~7세), 초등 1~2학년",대면,"그림책 《맨날맨날 착하기 싫어》는 칭찬 때문에 ‘착한 아이’라는 굴레에 갇힌 어린이가 자신의 진짜 마음을 들여다보고 나다움을 되찾는 이야기입니다. 칭찬을 받을 때 느끼는 기쁜 마음과 천사 같은 마음씨를 은유적으로 표현한 '날개 판타지’로 어린이가 마음의 문제를 자발적으로 해소하며 성장하는 모습을 담고 있지요. 우리 어린이들의 목소리에 귀를 기울이고 나다움을 응원하는 장아영 작가를 만나 《맨날맨날 착하기 싫어》의 작업 이야기와 그림책을 만드는 방법, 그리고 날개 만들기 독후 활동도 함께해 봐요.",https://api.wisdomhouse.co.kr/api/v1/images?path=/kidsBookMeet/thumb/67e6b0e3cc874b9c82a6bfac67c8ea7b.jpg,
위즈덤하우스,이기규,미래 학교에 로그인하시겠습니까?,초등 1~2학년,대면,"REFINEMENT 《미래 학교에 로그인하시겠습니까?》는 미래 교육에 대한 이야기이기도 하지만, 미래 사회에서 꼭 필요한 가치와 능력은 무엇인가에 대한 책이기도 합니다. 미래 사회의 중심이 될 여러분들과 다양한 질문과 토론으로 미래 사회에 필요한 능력들을 생각해 보는 시간이길 바랍니다.",https://api.wisdomhouse.co.kr/api/v1/images?path=/kidsBookMeet/thumb/8dd8e54d20144dc99ad4347550e8d400.jpg,
위즈덤하우스,이세현,나의 빛나는 친구,"유아(4~7세), 초등 1~2학년",대면,"그림책 나의 빛나는 친구를 찾아 떠나는 외로운 도깨비 도롱이의 신비롭고 사랑스러운 여정! 까만 밤을 물들이는 별똥별처럼 오묘하고 아름다운 이야기 《나의 빛나는 친구》를 만나 보세요. 반짝이는 빛을 품은 이세현 작가와 작업 이야기를 나눠 보고, '짝꿍 모빌 만들기'로 신나는 독후 활동도 누려 보세요.",https://api.wisdomhouse.co.kr/api/v1/images?path=/kidsBookMeet/thumb/7b55bfa70db24c758259d0807f0d2e26.png,
위즈덤하우스,정화영,누리호의 도전,3~4학년,대면,"REFINEMENT 우리나라 우주 과학 기술의 결정체, 누리호의 모든 것!
 
 대한민국 우주 개발 역사상 최고의 성과이자 어린이들을 환호하게 만들었던 2022년 누리호 2차 발사 이야기를 담은 책입니다. 한국항공우주연구원과 함께 어린이들을 위한 전문적인 우주 과학책을 담았습니다. 나로 우주 센터의 조립동에서 나온 누리호가 우주 궤도에 올라 인공위성을 내려놓기까지 약 33시간의 여정을 감성 깃든 글과 실감 나는 그림으로 짜임새 있게 보여주고 있습니다. 이 책을 써 주신 정화영 작가님과 함께 로켓의 구조와 발사 원리, 인공위성 발사 방법 등을 살펴보고, 우주 과학 지식을 자연스럽게 알아갈 수 있습니다.",https://api.wisdomhouse.co.kr/api/v1/images?path=/kidsBookMeet/thumb/b5942892ba2c49e7ab4c08e514472686.jpg,
위즈덤하우스,윤여림,초능력,"유아(4~7세), 초등 1~2학년",비대면,"그림책 * 온라인 강연만 진행 가능합니다. 
 
 말도 안 통하는 낯선 곳에 떨어져 외톨이가 된 아이의 유쾌하고 기상천외한 적응기 《초능력》을 만나 보세요. 어린이들의 책장을 다채로운 이야기로 채워 주는 윤여림 작가와 《초능력》의 작업 이야기를 나눠 보고, 깊고 풍부한 《초능력》의 세계를 들여다보아요.",https://api.wisdomhouse.co.kr/api/v1/images?path=/kidsBookMeet/thumb/2475e425b1204aca9c7506f6dd0f6fbd.jpg,
위즈덤하우스,이유리,불량 수제자,초등 5~6학년,대면,"문학 [불량 수제자]는 작은 움직임에서 커다란 변화를 불러오는 불굴의 의지와 반란의 힘에 관한 이야기입니다. 
 학생들과 함께 작은 것에서 시작하는 변화의 중요성, 그리고 개인의 힘을 통한 큰 변화를 실현하는 방법에 대해 함께 고민하고 학습하는 시간을 가져보고자 합니다.
 
 강연 주제
 불량 수제자의 모험: 작은 힘으로 큰 변화를!
 
 강연 시간: 1시간 30분 ~ 2시간
 
 강연 목표
 학생들과 함께 작은 힘의 중요성과 이를 통한 커다란 변화의 가능성을 인식한다.
 주인공들의 도전과 경험을 통해 우리 주변에서 발견할 수 있는 불합리한 것들에 대해 이야기해 보고 어떻게 대처할 수 있을까 생각해 본다.또한 작은 힘의 중요성을 이해하고, 이를 표현하는 능력을 키운다.
 
 본 강연
 
 1. [불량 수제자] 이야기
 소설의 개요를 간략하게 소개하며, 동화의 집필 과정과 취재 과정에 대해서 들려준다.
 
 2. 자신의 [불량 수제자] 찾기
 학생들은 자신의 생활 속에서 겪는 불합리한 점들을 적어 [불량수제자] 리스트를 만든다.
 
 3. [불량 수제자] 주인공들의 도전과 반란에 대해 이야기하기
 학생들은 소설 속 주인공들의 도전과 반란의 순간을 떠올리며, 함께 이야기해 본다.
 
 4. 나만의 반란 스토리 쓰기
 학생들은 자신이 경험한 또는 상상하는 반란의 스토리를 짧게 작성하고 이를 발표한다.
 
 5. [불량 수제자]의 뒷이야기 상상해 보기
 세 주인공 배거봉, 류수정, 곽오남 중 한 인물을 선택하여 동화가 끝난 이후 어떻게 될지 상상하여 발표한다.
 
 6. 마무리
 
 강연을 마무리하며, 학생들에게 작은 힘으로 큰 변화를 가져오는 방법과 실생활에서의 적용 방법을 제시한다.
 마치며
 질의 응답
 사진 촬영 및 사인",https://api.wisdomhouse.co.kr/api/v1/images?path=/kidsBookMeet/thumb/10607eb3b80f45ccb2c6ecf2e37360d1.jpg,
위즈덤하우스,조우리,사과의 사생활,청소년,대면,"문학 [강연 소개]
 안정된 문장으로 청소년의 삶을 생생하고 깊이 있게 풀어내는 소설을 펴내는 조우리 작가를 만나는 시간. 작가의 첫 번째 소설집 『사과의 사생활』에는 조부모의 연애로 삶이 뒤흔들리는 청소년, 성적 욕망을 해소하고 싶은 청소년, 교실 내 권력에서 쉴 곳을 찾고 싶어 하는 청소년, 부모로부터 보호받지 못하는 청소년, 산업체 현장실습에서 불의의 사고를 당한 청소년의 이야기가 담겨 있어요. 조우리 작가와 함께 나이 듦에서부터 관계, 욕망, 소외된 청소년들에 이르기까지 다양한 주제들을 ‘사랑’으로 연결해 보는 시간을 가져 보아요. 
 
 [강연 개요] 
 1. 작가 소개 
 
 2. 본 강연
 ➊ 「할머니의 유튜브 재생 목록」 
 나답게 살아가는 방법에 대해 고민하는 시간을 가집니다. 어떤 꿈을 갖고 있는지, 어떤 존재로 나이 들고 싶은지 이야기해 봅시다. 
 
 ➋ 「에버 어게인」 
 청소년 노동과 소외, 사회적 이슈가 되었던 현장실습생 사고 등을 살펴봅니다. 그리고 자신의 경험을 이야기해 봅시다. (예, 아르바이트를 하며 부당하다고 느꼈던 점 등)
 
 ➌ 「나와 함께 트와일라잇을」 
 무책임한 어른들 속에서 살아남기 위해 나를 지키는 방법에 대해 이야기 나누어 봅니다. 
 
 ➍ 「껍데기는 하나도 없다」 
 학교와 가정, 더 나아가 수많은 관계를 맺어 나가면서 내 자리는 어디인지 고민해 보고, 청소년의 공간에 대한 이야기를 나누어 봅니다. 
 
 ➎ 「사과의 사생활」 
 사회적 금기와 성性에 대한 호기심, 욕망에 대해 이야기를 나누어 봅니다. 
 
 3. 질의응답 및 사인
 
 -준비물: 노트와 연필 
 -강연 시간: 100분 이내(질의응답 및 사인까지)",https://api.wisdomhouse.co.kr/api/v1/images?path=/kidsBookMeet/thumb/6633f9ae14884e6c98871bdb803f16dc.jpg,https://search1.kakaocdn.net/thumb/R120x174.q85/?fname=http%3A%2F%2Ft1.daumcdn.net%2Flbook%2Fimage%2F6456146%3Ftimestamp%3D20241213154411
위즈덤하우스,이재문,히든: 꼴까닥 섬의 비밀,초등 3~4학년,대면,"문학 * 작가님이 초등 교사라 학기 중 지방 강연 진행이 어렵습니다. 신청에 참고 부탁드립니다.
 
 1. 강연 주제 : <히든, 나만의 숨겨진 보물을 찾아 떠나는 모험!>
 2. 강연 내용 : 세상의 숨겨진 보물 히든을 찾아 떠나는 본격 모험 동화 『히든 : 꼴까닥 섬의 비밀』을 읽고 내가 좋아하는 것은 무엇인지, 나만의 히든은 무엇인지 생각해 보고, 나답게 살기 위해 지금부터 어떤 일들을 하면 좋을지 고민하는 시간을 갖습니다.
 
 3. 강연 세부 계획
 1) 들어가며
 - 작가 소개
 - 히든 독서 퀴즈 활동
 
 2) 본 강연
 - 책을 쓰게 된 계기
 - ‘나만의 숨겨진 보물을 찾아 떠나는 모험’을 주제로 한 작가 강연
 - 선택활동 1. 나 프로필 작성해 보기
 - 선택활동 2. 세상에 필요한 히든 상상해보기
 
 3) 마치며
 - 질의 응답
 - 사진 촬영 및 사인",https://api.wisdomhouse.co.kr/api/v1/images?path=/kidsBookMeet/thumb/2aa3b1fe02d742a993c72be17cb45467.jpg,
위즈덤하우스,김선미,비스킷,청소년 / 어린이(고학년),대면,"문학 [강연 소개]
 자신을 지키는 힘을 잃어 보이지 않게 된 존재인 ‘비스킷’을 돕는 소년의 모험 판타지 『비스킷』을 중심으로 소외되고 싶지 않은 마음과 주변의 소외된 존재에 관한 이야기를 나누어 보고, 관련 주제에 대해 새로운 관점에서 생각해볼 수 있는 다양한 활동을 통해 학생들은 자신의 감정을 더 잘 이해하고 표현하는 데 도움 받으며, 창의적인 글쓰기 능력을 향상시킬 수 있는 시간을 갖습니다. 
 
 [강연 개요]
 1. 강연 주제
 비스킷의 모험 : 자존감을 찾아서!
 2. 강연 시간: 1시간 30분 ~ 2시간
 3. 강연 목표
 1) 서로의 이야기를 나누며 자신의 감정을 인식하고 표현하는 능력을 키울 수 있다.
 2) 소설 속 주인공의 감정과 경험에 공감하면서 감정 관리의 중요성을 이해하고, 창의적인 이야기를 작성할 수 있다. 
 
 4. 본 강연
 1) 비스킷 세계로 빠져들기 (10분)
 - 소설의 개요를 간략하게 소개하고, 자존감이 무엇일지 함께 생각해보기
 2) 비스킷 모임 구성하기 (10분)
 - 학생들은 자신을 나타내는 '비스킷' 캐릭터를 만들고 '비스킷 팀'을 형성해 각자 임무를 나눠본다.
 3) 비스킷 감정 탐구하기 (20분)
 - 각 그룹에서 학생들은 비스킷 소설의 주인공의 감정을 유추하고, 그에 대한 한 가지 질문 만들고 발표한다.
 4) 비스킷과 공감하기 (10분)
 - 학생들은 공감되는 '비스킷' 캐릭터를 선택하고, 그 캐릭터로부터 영감을 받아 자신의 행복한 순간을 상상한다.
 5) 비스킷 소설 쓰기 (20분)
 - 책에서 발췌된 문단을 함께 읽어보고 참가자가 돌아가면서 한 문장씩 이어서 이야기를 지어보고 발표한다.
 6) 비스킷에 관해 토론하기 (10분)
 - 학생들과 함께 비스킷 소설을 통해 배운 것을 요약하고, 자존감 향상을 위한 실제 적용 방법을 토론한다.
 7) 비스킷 마무리 (10분)
 - 수업을 마무리하면서 학생들에게 향후 자존감을 향상시키는데 도움이 될 자원과 방법을 제공한다.
 
 5. 마치며
 질의 응답 (10분)
 사진 촬영 및 사인
 
 -책 소개
 100% 독자의 선택으로 대상을 결정하다!
 청소년 독자들의 압도적 지지를 받은 대상작
 『아몬드』와 『위저드 베이커리』를 잇는 영어덜트 판타지의 탄생! 
 
 100% 독자의 선택으로 최종 수상작을 결정하는 제1회 위즈덤하우스 판타지문학상 청소년 부문 대상 수상작으로 김선미 작가의 『비스킷』이 선정됐다. 『비스킷』은 자신을 지키는 힘을 잃어 보이지 않게 된 존재인 ‘비스킷’을 돕고자 하는 한 소년의 고군분투이자, 자존감을 지키기 위해 몸부림치는 청소년의 성장통 같은 작품이다. 2주 동안의 심사 과정을 거친 청소년 심사위원단은 “존재감을 확인하게 해 주는 따뜻한 책”, “희미해져 버린 사람들에게 반짝임을 선사하는 작품”이라고 평하며 『비스킷』에 압도적인 지지를 보냈다. 소외되지 않고 싶은 마음을 넘어, 주변의 소외된 존재를 다시 한번 생각해 보게 하는 이 작품은 판타지 영어덜트의 새로운 신호탄이 될 것이다.
 
 추천사 
 왕따, 학폭, 아동학대 같은 사회적 문제들을 과도하지 않게 존재감이라는 주제 속에 녹여 내고 적절히 완급을 조절하며 독자의 궁금증을 끝까지 붙들어 두는 구성이 좋았고, 개성이 뚜렷한 캐릭터의 설정과 화자의 다소 냉소적면서 발칙한 화법도 재미를 주는 요소였다.
 - 김경연 (아동문학평론가)
 사회 응달진 구석에 서 있는 비가시화된 존재들을 보듬는 주인공의 안간힘과 함께 그 존재들을 직접 보지도 못하면서 주인공을 믿고 돕는 친구들의 든든함도 돋보였다.
 - 오세란 (아동문학평론가)",https://api.wisdomhouse.co.kr/api/v1/images?path=/kidsBookMeet/thumb/7bf9f81d1ff3440d80399feeb819654c.jpg,
위즈덤하우스,박성희,친애하고 존경하는,어린이(고학년),대면,"문학 [강연 소개]
 
 이야기 속 주인공의 입장이 되어 자신만의 이야기를 만들어 보고 비슷한 경험으로 인해 상처받거나 힘들었던 때가 있다면 그때의 자신에게 전하는 짧은 편지를 쓰며 내 안의 상처받은 마음(공)을 들여다보고 쓰다듬는 시간을 갖습니다. 
 
 1. 반가운 마음
 - 작가 소개
 - 책 소개
 
 2. 이해와 오해
 - 다섯 편의 이야기에 대한 설명과 이야기가 만들어지기까지의 과정을 나눕니다.
 - 리뷰를 바탕으로 오해하기 쉬운 부분에 대해 이야기 나눕니다.
 (예를 들면 「공을 주웠다」는 층간 소음에 대한 이야기일까? 「바세린 이야기」는 세은이의 독백일까? 등)
 
 3. 대화의 완성
 - 「바세린 효과」에서 나오지 않은 세은이 아빠의 말, 세은이 엄마의 말을 직접 채워가며 또다른 이야기를 만들어 봅니다.
 
 4. 내 안의 상처받은 공 쓰다듬기
 - 「친애하고 존경하는」의 민우가 나라면?
 - 「끝까지 소리 내 읽었다」의 루아, 지민이 나라면?
 - 「공을 주웠다」의 준성, 민영이 나라면?
 - 「바세린 효과」의 세은이, 가영이가 나라면?
 - 「옥탑 정형외과」의 연수와 은수가 나라면?
 
 5. 아직 궁금한 이야기
 - 묻고 답하는 시간
 - 사진 촬영 및 사인
 
 
 [책 소개]
 
 불합리한 세상에 당하고만 있을 수는 없다며 목소리를 내는 어린이들이 있다. 이들은 형식과 절차만을 중시하는 어른들의 무례한 동정을 담담하게 거절하고, 속마음을 온전히 들을 준비가 되지 않은 사람들에게 자기 이야기를 전하며, 무자비한 폭력과 억압에 고통스러워하면서도 이를 거부하는 목소리를 선명히 내고, 외로움이 악순환하는 고리를 끊어내려고 한다. 변화하지 않는 무기력한 어른들 사이에서 이야기 속 어린이들은 스스로 ‘선택’하고 ‘탈출’하고 ‘자신을 지키’려는 노력을 멈추지 않는다. 어린이 스스로 불합리한 현실을 폭로하고 탈출을 감행하는 리얼리즘적인 다섯 편(「친애하고 존경하는」, 「끝까지 소리 내 읽었다」, 「공을 주웠다」, 「바세린 효과」, 「옥탑 정형외과」)의 단편을 담았다.
 
 
 [추천사]
 
 사회적 약자의 위치에 있는 어린이를 연민의 시선으로 바라보는 이야기가 아니다. 작품 속 어린이들은 ‘친애하고 존경하는’ 방식의 편지글로, 온라인 매체로, 타인을 너그럽게 받아들이는 것으로, ‘내 몸이니 손대지 말라’고 외치는 것으로 자신이 맞닥뜨린 아픔과 불의에 맞선다. 어린이는 결코 함부로 대해도 되는 존재가 아니라고, 어린이는 약하지 않다고 당당하게 이야기하고 자리매김하는 모습에 덩달아 주먹이 불끈 쥐어졌다. 작가는 굉장히 세련된 형식의 단편으로 어린이들을 더 세심하게 살피고 그들의 목소리에 귀 기울여야 한다는 메시지를 전한다.
 - 김진향 (전국초등국어교과모임 수원영동초등학교 교사)
 
 어른들의 질서로 가득 찬 세상에서 “나 여기 있어요. 우리 여기 있어요.”라고 용기 내어 자신의 존재를 알리는 어린이들의 목소리가 가득하다.
 - 김현정 (전국초등국어교과모임 화성구봉초등학교 교사)
 
 사회적 통념이 어린이의 시선에서는 얼마나 우스꽝스러운지를 묵직하게 짚어 내는 작품이다. 은밀한 어려움을 겪는 민우, 루아, 준성, 세은, 연수가 끝내 스스로 길을 찾아낸 모습도 오랫동안 마음에 남는다. 요즘 어린이들에게는 한 번 읽고 휘발되어 버리는 게 아니라, 며칠을 두고두고 생각하게 만드는 서사가 꼭 필요하다. 이 동화는 바로 그런 동화다.
 - 나윤주 (전국초등국어교과모임 선행초등학교 교사)
 
 어린이들이 각자의 방식으로 엉망진창인 어른과 잘못된 세상을 꼬집는다. “내가 안전하게 사랑받으며 자랄 수 있는 세상인가요?”라고 아프게 묻는다. 어린이 독자는 이들을 보며 때론 분노를, 때론 통쾌함을 느끼다가 마침내 어린이의 목소리와 힘을 발견할 거다. 어른에게는 한없이 부끄럽고 미안해지는 이야기지만, 어린이에게는 통쾌하고 시원한 고발이다. “내 마음과 내 몸은 내 것이다.”, “내 목소리에 귀 기울이라.”며 어린이가 세상을 향해 던지는 강력한 선전포고다.
 - 박미정 (전국초등국어교과모임 서울두산초등학교 교사)
 
 
 [작가 소개]
 
 대학에서 멀티미디어를 전공하고 편집 디자이너, 기획자, 사보 기자로 일했다. 『착한 어린이를 위한 설명서』로 2014년 샘터상 동화 부문에 당선되면서 작품 활동을 시작했다.",https://api.wisdomhouse.co.kr/api/v1/images?path=/kidsBookMeet/thumb/7b29689f32944ee598e72ee4b8ab673b.jpg,
위즈덤하우스,김시경,감염 동물,어린이 (고학년),대면,"문학 [강연 소개]
 
 우리가 지금 겪고 있는 팬데믹과 기후 위기와 맞물려 더욱 현실감 있게 다가오는 SF 모험 판타지 『감염 동물』을 중심으로 동물권과 환경에 관한 이야기를 나누어 보고, 관련 주제에 대해 새로운 관점에서 생각해 볼 수 있는 활동을 통해 동물권과 환경 그리고 지구의 미래라는 문제를 더욱 주체적으로 마주하는 시간을 갖습니다.
 
 1. 들어가며
 - 작가 소개
 - 강연 내용 및 순서 소개
 
 2. 본 강연
 - 이 책의 캐릭터(사람을 포함해 다양한 동물들)가 만들어지기까지의 과정 소개
 - 캐릭터들이 벌이는 사건과 그들의 선택에 담긴 의미를 함께 생각해 보기
 - 다양한 캐릭터 중 하나가 되어 그들의 목소리 내어 보기
 - 선택의 무게 나누기
 - 지구를 구할 기발한 바이러스의 설계자 되어 보기
 
 3. 마치며
 - 소감 나누기
 - 질의 응답
 - 사진 촬영 및 사인
 
 
 [책 소개]
 
 100% 독자의 선택으로 최종 수상작을 결정하다!
 제1회 위즈덤하우스 판타지문학상 어린이 부문 대상 수상작 『감염 동물』
 
 사람도 ‘감염 동물’이라는 규정에서 결코 자유롭지 않다!
 생태 위기, 기후 위기로 조각난 지구에서
 새로운 삶과 관계의 방식을 찾아 떠나는 초록이의 모험!
 
 100% 독자의 선택으로 최종 수상작을 결정하는 제1회 위즈덤하우스 판타지문학상 어린이 부문 대상 수상작으로 김시경 작가의 『감염 동물』이 선정됐다. 선택의 무게를 느끼는 듯 2주 동안의 심사 과정에 진지하게 임한 어린이 심사위원들은 ""동물들의 시선으로 보는 이 세상은 천국일까 지옥일까? 책에 그 해답이 있다!’는 최종 심사평과 함께 주저함 없이 『감염 동물』을 대상으로 결정했다.
 
 환경과 기후 위기 문제가 연일 뜨거운 감자로 떠오르는 요즘, 팬데믹 상황을 담은 이 작품이 최종 심사에 참여한 어린이 심사위원 3분의 2의 선택을 받아 대상으로 선정되었다는 점은 시사하는 바가 크다. 어린이들은 인간이 자초한 지금의 세상이 점점 파국으로 치닫고 있으며 더 이상 물러날 곳이 없다는 것을 누구보다 잘 알고 있다. 그리고 이 작품을 선택하는 것으로 그 불편한 진실을 회피하지 않고 정면으로 마주하고, 자세히 들여다보고, 새로운 가능성을 모색해 보겠다는 목소리를 내고 있다. 생태 위기, 기후 위기로 조각난 지구에서 미래를 꿈꿀 수 있는 새로운 삶과 관계의 방식은 무엇일까? 지구 환경을 극한으로 망치는 인간에 대한 경고를 생생한 이야기에 담아낸 작품 『감염 동물』을 통해 지금 지구에 발 딛고 살고 있고 또 살아가야 할 우리가 앞으로 어떤 방향으로 걸어 나가야 할지 함께 생각해 본다.
 
 
 [추천사]
 
 동물들의 시선으로 보는 이 세상은 천국일까 지옥일까? 진짜로 이런 일이 일어나면 어떻게 될까? 책에 그 해답이 있다! - 어린이 심사위원단
 
 팬데믹, 가축 살처분, 동물 해방, 시간 여행 등의 다양한 모티프들을 잘 엮어 탄탄한 서사를 만들어 냈다. 초록이의 최종 선택에서 전개되는 반전도 신선한 요소다. - 김서정 아동문학평론가
 
 걸핏하면 살처분이라는 끔찍한 카드를 꺼내는 인간의 무신경함과 이와 연동되는 동물권, 환경 문제와 같은 중요한 화두를 어린이의 시선에서 쉽게 유머러스하게 담아냈다. - 송수연 아동문학평론가",https://api.wisdomhouse.co.kr/api/v1/images?path=/kidsBookMeet/thumb/0656b368d9e647a79c6d8bd112d6e6e7.jpg,
위즈덤하우스,이정모,함께 : 나 혼자도 잘할 수 있다는 착각을 깨 주는 책,초등 3~4학년,대면,"REFINEMENT ‘왜 함께 해야 하는지 모르겠다는 어린이들에게 어떤 말을 해 줄 수 있을까요?’
 《함께》는 여럿이 힘을 합쳐 최고의 자리에 오르고, 소중한 생명을 구하며, 세상을 바꾼 위대한 발견을 해낸 사람들의 실제 이야기를 담은 책입니다. 과학, 기술, 의학, 정치, 사회, 문화 등 다양한 분야에서 사람들이 힘을 합쳐 이룬 놀라운 성과들을 소개하지요. 이 책을 감수하고 추천해 주신 이정모 선생님과 ‘함께’ 책을 읽으며, 우리가 힘을 합치면 얼마나 대단한 일들을 할 수 있고, 그것들이 나와 우리, 이 세상을 어떻게 변화시키는 살펴봅니다.",https://api.wisdomhouse.co.kr/api/v1/images?path=/kidsBookMeet/thumb/a29e14d864fa42b7bd066ca6e32dfb7b.jpg,
위즈덤하우스,김혜진,"여기는 시장, 각오가 필요하지",청소년 / 어린이(고학년),대면,"문학 ‘남대문시장’에서 벌어지는 모험 판타지 『여기는 시장, 각오가 필요하지』를 중심으로, 한 권의 책이 어떻게 완성되는지 작가의 노하우를 전해 듣는 강연입니다. 남대문시장이나 경복궁처럼 실존하는 장소를 판타지 세상으로 바꾸는 법, 다양한 캐릭터를 만들어 내기, 아이디어를 수집하여 발전시키기, 작업 노트 쓰기, 원고 쓰기와 고쳐 쓰기 등 작가의 일을 함께 살펴보고, 이를 적용한 간단한 글쓰기 연습을 하게 됩니다.",https://api.wisdomhouse.co.kr/api/v1/images?path=/kidsBookMeet/thumb/54a38c7bba084c4a891f69c3965e4c69.jpg,https://search1.kakaocdn.net/thumb/R120x174.q85/?fname=http%3A%2F%2Ft1.daumcdn.net%2Flbook%2Fimage%2F6372583%3Ftimestamp%3D20241213154405
위즈덤하우스,한주이,흡혈귀 탐정 클럽,초등 3~4학년,대면,"문학 흡혈귀 탐정 클럽'의 임시 멤버가 된 태현은 사실 겁 많고 무서운 일이라면 피하고 싶은 소심한 초등학생입니다. 거울 귀신이 무섭다고 떼를 쓰기도 하죠. 하지만 그런 태현을 슬며시 응원하고 싶어지는 건 끝내 두려움에 맞서는 순수한 용기 때문일 것입니다. 용감하다는 걸 증명하기 위해서가 아니라 친구를 돕기 위해 스스로 거울 세계 속으로 뛰어드는 태현의 모습은, 흡혈귀처럼 신비한 능력이 있는 존재들만 영웅이 될 수 있는 건 아니라는 사실을 일깨워 줍니다. 다른 사람을 먼저 생각하는 마음, 누군가를 위해 발 벗고 나서는 용기야말로 평범한 아이들이 가질 수 있는 가장 뛰어난 초능력이 아닐까요?
 
 「흡혈귀 탐정 클럽」을 함께 읽으며 누구나 가질 수 있지만 아무나 가질 수는 없는 이 초능력, ‘용기’에 대해 이야기해 봅니다.",https://api.wisdomhouse.co.kr/api/v1/images?path=/kidsBookMeet/thumb/a6d2db97f4a64b918b1987ad3ad9c47b.jpg,
위즈덤하우스,강승임,나도 상처 받지 않고 친구도 상처 받지 않는 말하기 연습,어린이,대면,"REFINEMENT ‘친구 관계로 고민하는 어린이들에게 뭐라고 조언을 해 줄까요?’ 
 귀엽고 사랑스러운 만화로 아이들 고민에 공감해 주고, 친구와의 갈등을 스스로 해결해 나갈 수 있는 방법을 제안하는 
 《나도 상처 받지 않고 친구도 상처 받지 않는 말하기 연습》의 저자, 강승임 작가와 만나 보세요.
 마음을 헤아리며 말하기의 중요성에 대해, 자기 마음과 친구 마음을 함께 헤아리며 말하는 방법에 대해 이야기를 나누려 합니다.",https://api.wisdomhouse.co.kr/api/v1/images?path=/kidsBookMeet/thumb/e79a7b325a0d4e959163e61e5dc577ed.jpg,
위즈덤하우스,멜리,찍찍찍 마을 딸기 축제,어린이,대면,"그림책 《찍찍찍 마을 딸기 축제》는 멜리 작가가 새롭게 선보이는 사계절 그림책 시리즈의 첫 책입니다. 
 누구나 사랑할 수밖에 없는 명랑한 꼬마 멧밭쥐들이 좌충우돌하며 성장해 가는 이야기가 펼쳐집니다. 
 어린이 독자들에게 즐거움과 기쁨을 선사하는 멜리 작가를 만나 《찍찍찍 마을 딸기 축제》의 작업 이야기를 듣고, 신나는 독후 활동도 누려 보세요.",https://api.wisdomhouse.co.kr/api/v1/images?path=/kidsBookMeet/thumb/415dc4b0d4a44b4ca9e051deae770e1e.jpg,https://search1.kakaocdn.net/thumb/R120x174.q85/?fname=http%3A%2F%2Ft1.daumcdn.net%2Flbook%2Fimage%2F6302884%3Ftimestamp%3D20260120151108
위즈덤하우스,정란희,무명천 할머니,어린이,대면,"그림책 강연 내용
 
 · 정란희 작가의 작품『무명천 할머니』를 통해 인권이 사라진 시대의 참혹함과 비극 알아보기
 · 평화와 인권 그리고 여성의 삶
 · 인권은 우리의 삶에 어떤 영향을 미치는가?
 · 우리가 돌아보아야 할 우리 시대의 인권 문제
 
 기대되는 효과
 
 · 평화와 인권을 다룬 작품인『무명천 할머니』를 작가와의 만남을 통해 평화와 인권에 대한 관심과 흥미를 높임
 · 자신의 삶과의 연계를 통해 인권과 평화의 소중함에 대해 고민하고 생각하게 함
 · 시대에 맞는 인권 의식 고취를 위한 계기 마련",https://api.wisdomhouse.co.kr/api/v1/images?path=/kidsBookMeet/thumb/89ff9b5bb8d449ebba1228c4d553d204.jpg,
위즈덤하우스,송미경,비밀 편지 소동,어린이,대면,"문학 [강연 소개]
 
 1. 인트로 
 
 - 작가 소개
 - 책이 탄생하기까지의 이야기
 
 2. 토픽
 
 - 책 속 인물과 사건을 분석하고 이야기 나누기
 - 나의 비밀 편지 게임(마니또 게임) 경험 나누기
 - 우정을 느끼는 마음, 우정을 대하는 자세, 우정을 지키는 용기에 대한 생각 나누기
 - 누군가를 관심 있게 지켜봐 주고 응원해 주는 건 결국 나 자신을 돌아보게 되는 일!
 
 3. 마치며
 
 - 질의 응답
 
 [책 소개]
 
 한 교실에서 비밀 편지 게임을 하면서 벌어지는 예기치 못한 소동을 담은 이야기입니다.
 비밀 편지를 주고받는 일곱 아이들의 궁금증과 설렘, 기대와 오해를 따라가다 보면
 어느새 우정, 사랑, 용기 그리고 몰랐던 너와 나를 만나는 시간을 마주하게 됩니다.
 
 [추천사] 
 
 내 비밀 친구가 누굴까? 일곱 아이들의 궁금증과 설렘, 기대와 오해를 따라가다가 문득 떠오르는 질문 하나.
 내가 누군가의 비밀 친구가 되어 주는 것도 못지않게 흥미롭고 중요한 일이 아닐까?
 누군가를 관심 있게 지켜봐 주고 응원해 주는 건 결국 나 자신을 돌아보게 되는 거니까.
 늘 아이들의 비밀 친구가 되어 주는 비밀 작가에게 응원의 비밀 선물을 드리고 싶은 건 안 비밀.
 - 김경연 (아동문학평론가)
 
 사랑의 편지는 아주 오랜 전통을 지닌 비대면 시스템이다.
 만나지 못하고 안아주지 못하는 날이 길어지고 있지만 그 사이에도 우정은, 사랑은 무럭무럭 자란다는 것을 책 속 편지들을 읽으면서 느낀다.
 누구인지 모르고 편지만 읽었는데도 편지 뒤의 얼굴을 상상하면서 자꾸 웃게 된다.
 미묘한 어감을 통해 몇 통의 편지만으로 보이지 않는 관계의 흐름을 그려낸 송미경 작가의 글은 감탄을 자아낸다.
 - 김지은 (아동문학평론가)",https://api.wisdomhouse.co.kr/api/v1/images?path=/kidsBookMeet/thumb/74edeb42ce6e4f8db86fa547625aa94d.jpg,
위즈덤하우스,이수용,6분 소설가 하준수,어린이,대면,"문학 이수용 작가와 함께하는 ‘나도 6분 만에 소설가 되기’
 
 나도 글을 잘 쓸 수 있을까?
 『6분 소설가 하준수』의 주인공 준수처럼 우리도 자신 있게 작가에 도전해 봅시다.
 글쓰기에 자신이 없어도 엉뚱하고 재미있는 나만의 이야기 한 편을 뚝딱 완성할 수 있습니다.
 모든 글쓰기는 기회가 됩니다. 내 안에 잠자고 있는 상상력을 끄집어낼 기회이면서 다른 사람의 마음을 움직이는 기회가 되기도 합니다.
 글쓰기를 마냥 어렵게 생각하는 아이들도 부담 없이 흥미를 가질 수 있도록 글쓰기의 매력에 대해 이야기 나눠봅니다.
 글이 가진 힘에 대해 알아보고 글을 쓸 때 유의해야 할 부분에 대해서도 짚어본 뒤, 직접 나만의 짧은 소설을 써 보면서 글쓰기에 대한 자신감과 재미를 키워봅니다.
 
 * 작가 소개
 
 * 작가가 들려주는 책 이야기
 
 * 준수처럼 나도 작가가 될 수 있을까? 누구나 작가가 될 수 있는 이유!
 
 * 글이 가진 힘에 대하여
 
 * 작가는 재능이 있어야 할까?
 - 딱 한 사람의 칭찬이면 충분하다.
 - 재능보다 하고 싶다는 마음이 더 중요하다.
 
 * 글을 쓸 때 유의할 점
 - 내 글이 누군가에게 상처가 되지는 않을까?
 
 * 체험 활동: 나만의 6분 소설 써 보기
 
 [예시] 작가가 준비한 여러 단어를 연결해서 짧은 이야기 써 보기
 
 1. 글감 후보들 중 내가 쓰고 싶은 글감 고르기
 2. 제목 후보들 중 끌리는 제목 고르기
 3. 글감과 제목을 연결해서 짧은 소설 완성하기
 
 * 내가 쓴 소설 발표하기(친구들이 쓴 다양한 소설 감상해 보기)
 
 * 질의 응답 시간",https://api.wisdomhouse.co.kr/api/v1/images?path=/kidsBookMeet/thumb/5dc67e01db6341fbb0f7fbdb68dc27c0.jpg,
위즈덤하우스,이은지,바니의 사계절 미용실,어린이,비대면,"그림책 [바니의 사계절 미용실] 누리의 머리 꾸미기
 
 사계절에서 얻은 자연의 재료로 창의적으로 뽐내는 기발한 머리 모양!
 화창한 봄날, 나무늘보 누리는 부스스한 머리가 마음에 안 듭니다. 누리는 바니의 미용실을 찾아가기로 하지만, 걸음이 느려도 너무 느린 누리에게 미용실은 너무나 멉니다. 그 사이 친구들은 이미 바니의 미용실을 다녀오고, 독특하고 멋진 머리를 뽐내며 지나갑니다.
 느릿느릿 누리의 여정을 따라가다보면 알록달록 변하는 계절을 만나게 됩니다.
 내가 가장 좋아하는 계절을 떠올리며, 누리를 위한 머리를 직접 꾸며주면 어떨까요?
 
 * 활동 1 / 활동 2 로 구성
 - 총 소요시간: 90분
 
 <활동 1>
 
 - 소요시간: 40분
 - 준비물: PPT, A4활동지 1장, 연필, 지우개
 - [바니의 사계절 미용실]을 만들게 된 계기와 작업 소개
 - [바니의 사계절 미용실]의 바니처럼 숲속 미용사가 되어 나만의 미용실을 소개하는 전단지를 만든다.
 - 가장 좋아하는 계절을 떠올리고 어떤 미용실이 될지 상상해본다.
 - 나만의 특색이 드러나는 미용실 이름을 짓고 소개하는 문구를 적는다.
 
 <활동 2>
 
 - 소요시간: 40분
 - 준비물: A3활동지 3장, 풀, 가위, 색연필, 사인펜
 - 사계절의 자연 요소가 담긴 활동지를 활용해서 누리의 머리를 자유롭게 꾸며보고, 누리의 머리 이름을 지어준다.
 
 <마무리>
 
 - 소요시간: 10분
 - 누리의 머리를 소개하고, 친구들의 작품을 감상한다.
 - 자리를 정리한다.",https://api.wisdomhouse.co.kr/api/v1/images?path=/kidsBookMeet/thumb/bf81e8b3de7c45308aec184e65124d2b.jpg,https://search1.kakaocdn.net/thumb/R120x174.q85/?fname=http%3A%2F%2Ft1.daumcdn.net%2Flbook%2Fimage%2F5340200%3Ftimestamp%3D20250124140619
위즈덤하우스,김성진,마음 상자 구해요,어린이,대면,"문학 [강연 소개]
 
 미래의 과학기술이 인간 사회에 윤리적, 정치적, 사회적으로 미칠 영향력을 보여 주는 일곱 편의 서사는 아이들에게 미래에 대한 막연한 두려움 대신, 알지 못하는 세계를 기꺼이 탐험하려는 마음을 불어넣습니다. 그리고 그런 마음이 생긴 걸로 미래를 향해 첫 발을 내딛을 준비는 이미 충분합니다. 이런 맥락에서 엘빈 토플러는 “학교에서 아이들에게 SF를 읽혀야 한다.”고 말한 바 있습니다. 불확실한 미래를 향해 홀로 외로운 길을 떠나는 아이들을 꼭 안아 주는 우리 SF 동화를 만나 봅니다.
 
 1. 들어가며
 - 작가 소개
 - 강연 내용 및 순서 소개
 
 2. 본 강연
 - 책이 나오기까지의 이야기
 - 작품 소개 및 작품별 비하인드 스토리
 - 주인공과 나
 : 등장인물 중 나와 비슷한 인물 / 혹은 만나고 싶은 인물에 대해 이야기 나누기
 - 내가 상상하는 미래
 : 우리가 살게 될 미래는 어떤 작품과 닮았을까요? 
 - 내가 거기 갈 수 있다면
 : 작품 속 세상 중 가 보고 싶은 곳에 대해 이야기 나누기 (가상 세계가 일상이 된 세계, 무엇이든 살 수 있는 세계, 그 외 다른 이유로 방문하고 싶은 세계 등)
 
 3. 마치며
 - 질의 응답 시간
 - 사진 촬영 및 사인
 
 
 [책 소개]
 
 오늘의 어린이가 마주하게 될
 미래의 다양한 시나리오를 보여 주는 일곱 편의 SF 동화
 
 21세기는 기술의 발전 속도가 너무 빨라, 오늘의 어린이가 어른이 되었을 때 어떤 현실을 맞게 될지 어른들도 모른다. 지금 우리가 해 줄 수 있는 것은 미래의 다양한 가능성을 스토리텔링의 형태로 보여 주는 것뿐. 아직 다가오지 않은 세계를 상상해서 스토리텔링하기를 즐기는 김성진 작가가 행과 행, 선택과 선택을 건너 우리를 미래로 안내한다. 아동 문학에서 드문 독특하고 실험적인 SF 단편 동화로, 기묘한 이야기 속에 공감할 수밖에 없는 보편적 진리가 들어 있다. 또한 여백이 많은 것이 특징인 일곱 작품은 독자에게 여백을 채워가는 색다른 즐거움을 선사한다. 문장과 문장, 의미와 의미 사이에 잠시 머물며 인물의 마음을 들여다보고, 행간의 의미를 헤아려 보자.
 
 
 [작가 소개]
 
 2019년 한국일보 신춘문예에 동시가 당선되며 작품 활동을 시작했다. 지은 책으로 동화집 『마음 상자 구해요』가 있습니다. 「과묵한 친구」로 제6회 동시마중 작품상을 받았습니다.",https://api.wisdomhouse.co.kr/api/v1/images?path=/kidsBookMeet/thumb/13bcd16f0603453bb97c05eba24b4998.jpg,
위즈덤하우스,이지유,식량이 문제야!,어린이,비대면,"REFINEMENT 이 책은 기후 변화가 팝콘, 감자튀김, 햄버거 등 우리가 흔하게 먹는 음식들에 어떤 영향을 주는지 설명합니다. 대한민국 대표 과학 큐레이터 이지유 작가와 함께 기후 변화를 먹거리라는 관심사를 통해 자세히 들여다봅니다.",https://api.wisdomhouse.co.kr/api/v1/images?path=/kidsBookMeet/thumb/1abc608fc02c4bdaa5c8dd26f20eba96.jpg,
위즈덤하우스,윤선아,메타 인지가 뭐예요?,어린이,대면,"REFINEMENT 공부 잘하는 어린이들의 핵심 비결로 꼽히는 ‘메타 인지’에 대한 책입니다. 메타 인지의 개념과 중요성, 아무도 대신 길러 줄 수 없는 ‘메타인지’ 기르는 법 등을 친절하게 설명해 줍니다. '메타 인지'에 대해 더욱 자세히 알아보는 시간을 가집니다.",https://api.wisdomhouse.co.kr/api/v1/images?path=/kidsBookMeet/thumb/f2f7a9dff605457b89ade4dec3c7dadf.jpeg,
위즈덤하우스,김정미,딱 3일만,어린이,대면,"문학 아이들의 외로움을 조심스레 들추고 어루만지는 동화입니다. 이 책을 쓴 김정미 작가는 어떤 인생을 살더라도 '즐거운 나'가 되어야 한다고 말합니다. 자신을 솔직하게 들여다보고 이해하는 과정을 통해, 내 삶의 주인공은 바로 나 자신이라는 사실을 알아봅니다.",https://api.wisdomhouse.co.kr/api/v1/images?path=/kidsBookMeet/thumb/b328fb704ab147e3aad41f8275d8330c.jpg,
위즈덤하우스,김다노,13의 얼굴,어린이,대면,"문학 어린이들의 용기와 연대에 어른의 존중과 배려가 더해져 통쾌하고 화끈하게 펼쳐지는 ‘범죄 소탕 작전’! 어린이만의 방식으로 실마리를 찾고 사건을 해결해 나가는 과정에서 차별과 편견에 맞서고, 나다움을 지키며 모두와 행복하게 지내는 방법에 대해 이야기 나눠 봅니다.",https://api.wisdomhouse.co.kr/api/v1/images?path=/kidsBookMeet/thumb/8d9cb4e6491041d4af7e7d823286e3af.jpg,
위즈덤하우스,한연진,눈물문어,어린이,대면,"그림책 마음속 슬픔을 해소하는 방법
 
 《눈물문어》는 아이들 스스로 속상한 마음을 씻어내고 활기차게 웃을 수 있도록 도와주는 책입니다.
 눈물문어가 탄생하기까지의 작업 과정을 들어 보고, 마음속 슬픔을 해소하는 방법에 대해 이야기 나눠 봅니다.",https://api.wisdomhouse.co.kr/api/v1/images?path=/kidsBookMeet/thumb/61144d913bcd4efd8bf4d9d586c62073.jpg,https://search1.kakaocdn.net/thumb/R120x174.q85/?fname=http%3A%2F%2Ft1.daumcdn.net%2Flbook%2Fimage%2F6268993%3Ftimestamp%3D20250829142023
위즈덤하우스,정재경,우리 집은 식물원,어린이,대면,REFINEMENT 미세 먼지를 해결하기 위해 집 안에 200여 그루의 식물을 기르고 있는 정재경 작가가 어린이도 쉽게 할 수 있는 반려 식물 기르는 법을 알려줍니다. 식물과 함께 하는 건강한 초록 생활을 원하는 어린이라면 누구나! 우리 집을 식물원으로 만들어 볼까요?,https://api.wisdomhouse.co.kr/api/v1/images?path=/kidsBookMeet/thumb/3470df8498104171970e32297da43ea8.jpg,
위즈덤하우스,정진호,여우 씨의 새 집 만들기,어린이 (고학년),대면,REFINEMENT 정진호 작가는 건축을 공부한 전문가입니다. 그래서 집을 설계할 때부터 완성하기까지 집 만드는 과정을 단계별로 자세히 알려줍니다. 만약 내가 집을 지어야 한다면 어떤 집을 짓고 싶나요? 작가의 강연을 들으면서 나의 멋진 집을 설계해 보세요.,https://api.wisdomhouse.co.kr/api/v1/images?path=/kidsBookMeet/thumb/a6f919bea1db4dd790ee1e3a71c8c6d5.jpg,
위즈덤하우스,송미경,통조림 학원,어린이,대면,"문학 아픈 기억을 통조림에 저장해 없애 준다는 삐에로 박사에 이끌려 통조림 학원에 다니게 된 승환이, 그곳에 수많은 아이들이 갇혀 통조림을 만들고 있다는 사실을 알게 됩니다. 아이들을 구해 낼 수 있을까요? 나쁜 기억을 지우면 행복해질까요?",https://api.wisdomhouse.co.kr/api/v1/images?path=/kidsBookMeet/thumb/a70c8414f8a34f808ec578fd3b84e174.jpg,
위즈덤하우스,송미경,이상한 아이 옆에 또 이상한 아이,어린이,대면,"문학 캐릭터가 분명해서 이상해 보이기까지 하는 다섯 친구의 이야기입니다. 서로의 개성을 존중하고, 저마다의 방법으로 자존감을 지키며 서로 교감하는 친구, 함께 있어 즐거운 친구에 대해 이야기 나눠 봅니다.",https://api.wisdomhouse.co.kr/api/v1/images?path=/kidsBookMeet/thumb/877f8477484e476ebadb8a7dd92bbd37.jpg,
위즈덤하우스,류재향,욕 좀 하는 이유나,어린이,대면,"문학 [강연 소개]
 
 류재향 작가와 함께 『욕 좀 하는 이유나』의 주요 장면을 함께 되짚어 보며 우리의 언어생활을 돌아보고 서로 긍정적인 변화를 주고받는 우정의 소중함 또한 발견해 봅니다. 욕이나 비속어를 사용하고 싶은 순간과 직접 욕을 했거나 들었던 경험, 말로 상처를 주고받았거나 말을 통해 마음이 따뜻해졌던 경험에 대해 이야기를 나눠 보면서 말이 지닌 가치에 대해 생각해 보는 시간을 갖습니다. 이 시간을 통해 아이들은 자신의 언어생활을 되돌아보며 건강한 언어 습관을 다져 나가고, 친구를 사귀는 첫 발걸음은 사소한 말 한 마디나 작은 배려의 행동일 수 있다는 점을 깨달을 수 있을 것입니다.
 
 1. 들어가며
 - 이야기 속 중요 장면 샌드아트 감상
 - 작가 소개 (저서 위주)
 
 2. 본 강연 (작가가 들려주는 책 이야기)
 - 작품을 쓰게 된 계기
 - 이야기를 발전시킨 과정
 - 삽화를 중심으로 주요 장면을 읽어 보고 이야기 나누기
 - 주요 장면별로 작가가 준비한 질문에 대해 자신의 생각과 의견 발표하기
 - 이유나의 ‘미션’, 호준이의 ‘용기’, 소미의 ‘말하는 방식’에 대해 이야기 나누기
 - ‘슬기로운 언어생활’과 진짜 우정에 대해 생각해 보기
 
 3. 활동(예시)
 - 우리들의 언어생활 돌아보기 (말로 상처 받은 경험이나 상처 준 경험, 말로 위로받은 경험이나 내가 한 말이 상대방의 마음을 따뜻하게 했던 경험 등을 나눕니다.)
 - 앞으로 우리가 말을 어떻게 하면 좋을지 다짐하기
 - 등장인물에게 조언하기
 
 4. 마치며
 - 앞서 나눈 자신에게 감동을 주거나 위로가 되었던 말을 기억했다가 누군가에게 그대로 이야기해 주기
 - 사전에서 ‘나만의 단어’ 고르기
 - ‘나만의 표현’ 만들어 간직하기
 - 궁금한 내용 묻고 답하기
 - 사진 촬영 및 사인
 
 (*강연 내용은 장소 및 대상, 규모 및 현장 분위기에 따라 변경될 수 있습니다.)
 
 [책 소개]
 
 “너 욕 좀 하지? 나한테 좀 가르쳐 줄 수 있어?”
 욕 좀 하는 아이들의 당당하고 이유 있는 속이야기!
 
 문장의 가독성, 소재의 참신함, 어린이에 대한 애정이라는 3박자를 갖춘 류재향 작가의 첫 잭으로, 어린이에 대한 섬세한 접근과 서정적인 필치가 폭넓은 공감을 이끌어 출간 후 지금까지 줄곧 베스트 순위권에 랭킹될 정도로 많은 어린이 독자들의 사랑을 받은 책이다. 
 세 보이고 싶어서 혹은 센 척하고 싶어서 욕을 사용하는 아이들이 많다. 어른의 눈에는 유치해 보이지만, 욕을 해서라도 자신의 존재감을 내비치고 싶은 아이들에게 이 일은 매우 심각하고 진지하다. 그렇지만 아무리 센 척해도 은연중에든 일부러든 그 욕을 주고받으며 상처받을 만한 일이 벌어지기 마련이다. 욕 좀 하는 아이들의 당당하고 이유 있는 속이야기와 의외로 멋진 싸움의 결과 앞에 기분이 좋아지는 동화이다. 욕의 힘에는 한계가 있고, 관계의 힘에는 한계가 없다는 것을 깨달아 나가는 과정을 통해 한마디 말의 의미와 가치를 담았다.
 
 
 [추천사]
 
 이 동화 속 아이들은 모두 정말 멋있어요. 누군가를 따라하지 않고 자기만의 목소리를 내거든요. - 송미경 (동화 작가)
 
 
 [작가 소개]
 
 대학에서 국문학과 스토리텔링, 영문학을 공부했으며 동화를 쓰고 그림책 번역을 하고 있다. 『기타 등등 동아리를 신청합니다』, 『우리에게 펭귄이란』, 『욕 좀 하는 이유나』, 『비밀클럽 흩어진 지도를 모아라』 등을 썼고, 그림책 『미안해, 북극고래야』, 『나의 개 보드리』, 『우리 집 식탁이 사라졌어요!』 등을 우리말로 옮겼다.",https://api.wisdomhouse.co.kr/api/v1/images?path=/kidsBookMeet/thumb/b0ccb06b935a4d58a35249264ea3af4c.jpg,
위즈덤하우스,이나영,열세 살의 덩크 슛,어린이,대면,문학 아역 배우가 되어 멋진 스타를 꿈꾸던 하나는 갑작스럽게 농구부에 들어가 농구공을 던지면서 가슴이 두근거리는 경험을 합니다. 자신이 정말 하고 싶은 일이 무엇인지 진지하게 다시 생각합니다. 자신만의 세계가 만들어지는 열세 살 하나의 이야기를 통해 그 나이의 고민을 이야기합니다.,https://api.wisdomhouse.co.kr/api/v1/images?path=/kidsBookMeet/thumb/49fe4a10fbc64900b6d9bf7342f5c24a.jpg,
위즈덤하우스,송미경,어쩌다 부회장,어린이,대면,"문학 학기 초 학급 임원 선거 현장을 다룬 이야기입니다. 입을 가만히 두지못하는 에너지 300% 유리가 부회장이 됩니다. 유리는 부회장으로서의 책임과 의무를 요구 받는데, 자기만의 말과 행동을 되찾게 될까요?",https://api.wisdomhouse.co.kr/api/v1/images?path=/kidsBookMeet/thumb/70a8d683c2ef478dbf9fa75e049af53d.jpg,
위즈덤하우스,이나영,상처 놀이,어린이,대면,문학 마음의 상처를 안고 있는 시원이는 가짜 상처를 만들며 상처를 놀이쯤으로 여기는 가영이가 못마땅합니다. 가영이는 가짜 상처로 마음속 상처를 드러내며 존재감을 알리는 중입니다. 자신의 상처를 바라보고 치유하는 방법에 대해 이야기를 나눠 봅니다.,https://api.wisdomhouse.co.kr/api/v1/images?path=/kidsBookMeet/thumb/811ca6acfe4a46229452a1950399b723.jpg,
위즈덤하우스,이나영,발자국 아이,어린이,대면,문학 막말에 심술에 사고뭉치인 석동이 앞에 자신과 똑같이 생긴 발자국 아이가 나타나며 벌어지는 이야기입니다. 내가 바라보는 ‘나’는 어떤 모습일까요? 한 발자국 떨어져 바라본 나에 대해 작가님과 이야기 나눠 보는 시간을 가져 보세요.,https://api.wisdomhouse.co.kr/api/v1/images?path=/kidsBookMeet/thumb/994906e9dc47460e81956e4f24f83e54.jpg,
위즈덤하우스,김진희,"마녀 라나, 친구를 찾다",어린이,대면,문학 이 책은 주인공인 마녀 라나가 진정한 친구를 찾아가는 과정을 그리고 있습니다. 이 강연 시간에 김진희 작가는 친구를 사귀는 데 서툰 어린이를 위한 미술 놀이를 진행합니다.,https://api.wisdomhouse.co.kr/api/v1/images?path=/kidsBookMeet/thumb/12eac38c372347f7bd0c8c512a7ae8cf.jpg,
위즈덤하우스,김현희,나는 강아지 날개,어린이,대면,"문학 가족을 잃어버린 강아지 도레의 가슴 뭉클한 모험 이야기입니다. 도레는 훨훨 날아서라도 가족에게 돌아가고 싶습니다. 동물권이란 무엇인지, 우리는 동물을 어떻게 대해야 하는지 김현희 작가와 이야기 나눠 봅니다.",https://api.wisdomhouse.co.kr/api/v1/images?path=/kidsBookMeet/thumb/bf2b4db0b71642c3b2ef5046075a3cf8.jpg,
위즈덤하우스,송미경,가정 통신문 소동,어린이,대면,"문학 어린 시절 열심히도 벌였던 쓸모없는 소동이 어른으로 성장하는 데 얼마나 큰 거름이 되는지 알려주는 동화책입니다. 반갑지 않은 소식 대신, 하고 싶은 일을 가득 담은 가정 통신문을 직접 만들어 보는 시간을 가집니다.",https://api.wisdomhouse.co.kr/api/v1/images?path=/kidsBookMeet/thumb/f4e99e3d93dd4365adb0acdcff3837f0.jpg,
위즈덤하우스,최경식,어서 오세요! ㄱㄴㄷ 뷔페,어린이,대면,"그림책 [강연 소개]
 
 그림책 『어서 오세요! ㄱㄴㄷ 뷔페』를 작가와 함께 읽고 그림책을 만들게 된 계기, 그림책을 만드는 과정들을 들여다봅니다. 활동 워크숍 형식의 [유아 & 저학년용 강연], 일반 강연 형식의 [성인용 강연] 두 가지로 준비되어 있으니 강연 대상을 고려해 신청해 주시면 됩니다.
 
 1. 유아 & 저학년용 활동워크숍
 
 ㄱㄴㄷ 뷔페에서 음식을 그려 보고 노래를 부르며 한글 자음을 즐겁게 놀이하며 익혀 보는 시간을 가져 봅니다. ‘ㄱㄴㄷ 뷔페 노래’를 부르며 한글 자음을 몸으로 표현하며 놀아 보고, 활동지에 자신이 좋아하는 사람과 함께 먹고 싶은 음식을 그려 봅니다. 작가가 만든 활동지에 (접시가 3개 있는 A4 종이) 먹고 싶은 음식을 그리고, 그 음식의 이름을 쓴 다음 같이 먹고 싶은 사람을 넣어 나만의 ‘ㄱㄴㄷ 뷔페 노래’ 한 소절을 불러 봅니다. 아이들이 그린 그림을 전부 모아 우리만의 뷔페 완성! 그 외 작가가 만든 다른 책에 대한 이야기도 들어볼 수 있습니다.
 
 - 작가 소개
 - 작가가 들려주는 책 이야기
 - 체험활동
 : ‘ㄱㄴㄷ 뷔페 노래’를 따라부르며 몸으로 ㄱㄴㄷ 표현해 보기
 : ㄱㄴㄷ으로 시작하는 좋아하는 음식 찾아보고 그려 보기
 : 그림책에 나온 음식 그림 컬러링해 보기
 : 나만의 ‘ㄱㄴㄷ 뷔페 노래’ 한 소절 부르기
 - 궁금한 내용 묻고 답하기
 - 사진 촬영 및 사인
 
 2. 성인용 일반 강연
 
 유치원생 자녀를 양육하며 『어서 오세요! ㄱㄴㄷ 뷔페』를 만들기까지, 색다르고 재미있는 ㄱㄴㄷ 그림책을 만들기 위해 고민했던 1년 동안의 에피소드와 과정을 이야기합니다.
 
 - 작가 소개
 - 영어권의 ABC 그림책, 일본의 아이우에오 그림책 같이 보기
 - 작가와 함께 책 읽기
 - 작가의 작업 과정 함께 보기
 - 질의 응답 시간
 - 사진 촬영 및 사인
 
 [책 소개]
 
 맛있는 음식과 신나는 노래,
 오감으로 즐겁게 한글을 배우고 익혀요!
 
 『어서 오세요! ㄱㄴㄷ 뷔페』는 최경식 작가가 어떻게 하면 아이들이 그림책을 통해 즐겁고 자연스럽게 한글을 익힐 수 있을지 고민해 쓰고 그린 그림책입니다. 뷔페에서 가족과 즐겁게 식사를 하는 이야기를 읽고 그림책 글에 음을 붙여 만든 노래를 따라 부르며, 눈으로 귀로 입으로 다채롭게 한글을 만나 볼 수 있습니다. 기역부터 히읗까지 닿소리 글자 14개를 각 닿소리로 시작하는 음식 이름을 통해 초성 게임 하듯 재미있게 익힌 다음, 마지막 페이지에 실려 있는 가사를 보며 아이와 함께 신나게 노래를 불러 보세요. (책의 뒤표지에 있는 QR코드를 찍어 음원, 동영상, 악보를 다운로드할 수 있습니다.) 지루하지 않게 여러 차례 반복할 수 있어 한글을 즐겁게 배울 수 있고, 책을 덮은 뒤에도 흥겹고 행복한 마음이 언제까지나 이어집니다. 이 그림책을 통해 가족과 함께 외식을 즐기는 소소한 일상의 행복과 배움의 재미에 흠뻑 취해 보세요.
 
 
 [작가 소개]
 
 건축을 공부했고, 일러스트레이터로 활동 중이다. 쓰고 그린 책으로 『파란 분수』, 『어서 오세요! ㄱㄴㄷ 뷔페』가 있고, 그린 책으로 『우리 뇌를 컴퓨터에 업로드할 수 있을까?』,『질문하는 한국사4 : 근대』, 『나는 화성 탐사 로봇 오퍼튜니티입니다』, 『경성 기억 극장』 등이 있다.",https://api.wisdomhouse.co.kr/api/v1/images?path=/kidsBookMeet/thumb/39095f4e5a534b5bb9d1d02cd4017ef7.jpg,
위즈덤하우스,차영경,아주아주 멋진 하얀 공주,어린이,대면,"그림책 명작 동화 〈백설 공주〉를 매력적인 이야기와 조형미가 돋보이는 현대적인 감각의 일러스트로 재창조한 독특한 그림책입니다. 자신을 아끼고 사랑하는 방법에 대해 이야기 나누고, 도형을 이용하여 독창적인 나를 표현해 보는 시간을 가집니다.",https://api.wisdomhouse.co.kr/api/v1/images?path=/kidsBookMeet/thumb/6ca6ab34f5774a5d932d517f6573d5bf.jpg,
위즈덤하우스,박이진,수탉 그 녀석,어린이,대면,"그림책 방학 동안 할머니 댁에 맡겨진 아이, 첫날부터 수탉 녀석이 거슬립니다. 아이는 수탉과 티격태격하면서, 너구리의 사정을 헤아려 주면서 함께 살아갑니다. 수탉과 너구리의 관계, 아이와 수탉의 관계를 통해 생명의 소중함과 동물권을 이야기 나눠 봅니다.",https://api.wisdomhouse.co.kr/api/v1/images?path=/kidsBookMeet/thumb/367c88e29d8543799ba3bd65b4bcefef.jpg,
위즈덤하우스,김성진,사자와 소년,어린이,대면,"그림책 이 그림책은 창경궁이 창경원이었던 때, 그곳에 동물원이 있던 시절의 이야기입니다. 전쟁이 일어난 동물원의 일화를 신문 기사로 만난 작가는 그 기사에 상상력을 더해 이야기를 창작했습니다. 작가는 소년과 사자 이야기를, 전쟁의 비극을 들려줍니다.",https://api.wisdomhouse.co.kr/api/v1/images?path=/kidsBookMeet/thumb/28163ff5ecf642f1931056095c515ce5.jpg,
위즈덤하우스,유청,봄에도 첫눈이 올까?,어린이,대면,그림책 이 그림책의 주인공 민주는 친구들과 어울리는 게 어색하고 서툰 어린이입니다. 친구들과 어울리고 싶어도 그 마음을 어떻게 표현할지 몰라 친구들과의 거리가 좁혀지지 않습니다. 표현이 서툴러 쌓인 오해를 따뜻하게 녹여 보는 시간을 만들어 보세요.,https://api.wisdomhouse.co.kr/api/v1/images?path=/kidsBookMeet/thumb/8db7d421b8ba43acbad25586d96605eb.jpg,
위즈덤하우스,문영숙,박꽃이 피었습니다,어린이,대면,그림책 남태평양 미크로네시아에 있는 추크섬에는 해마다 박꽃이 피었다 진다고 합니다. 누가 우리나라 시골 마을에서나 볼 수 있는 박꽃을 머나 먼 추크섬에 심어 둔 걸까요? 작가는 고향을 떠나 일본군에게 강제로 끌려 낯선 땅으로 가야 했던 소녀들의 이야기를 들려줍니다.,https://api.wisdomhouse.co.kr/api/v1/images?path=/kidsBookMeet/thumb/7373596d44cd4e169a7b661a438ddea8.jpg,
위즈덤하우스,송미경,너는 괴물?,어린이,대면,"그림책 꼬리 괴물로 대표되는 꼬리가 있는 존재 vs 사람으로 대표되는 꼬리가 없는 존재, 둘 중 어느 존재가 정상일까요? 진짜 vs 가짜, 정상 vs 비정상, 현실 vs 환상, 장애 vs 비장애 등의 경계, 그리고 이를 허물어 버리는 것에 대해 함께 생각해 보는 시간을 가집니다.",https://api.wisdomhouse.co.kr/api/v1/images?path=/kidsBookMeet/thumb/c68f440ae1024ceb8101db98a2269185.jpg,
위즈덤하우스,정진호,심장 소리,어른,대면,그림책 사람들마다 기억을 간직하는 방법은 다릅니다. 그림책 속 아이는 ‘심장 소리’로 행복하고 따뜻했던 한순간을 자신만의 방법으로 추억하지요. 우리는 어떻게 시간을 기억할까요? 시간을 기억하는 나름의 방법에 대해 정진호 작가와 이야기를 나눕니다.,https://api.wisdomhouse.co.kr/api/v1/images?path=/kidsBookMeet/thumb/6af0c3eb3cf24e4987c93f8156694306.jpg,https://search1.kakaocdn.net/thumb/R120x174.q85/?fname=http%3A%2F%2Ft1.daumcdn.net%2Flbook%2Fimage%2F6024766%3Ftimestamp%3D20260609120811
위즈덤하우스,김선정,우리 반 채무 관계,어린이,대면,"문학 [강연 소개]
 
 학교에 있을 때 교실에서 생긴 여러 가지 일들은 항상 어린이들과 의논해서 해결했습니다. 1학년부터 6학년까지 자신들의 문제에 대해 의견을 나누지 못하는 어린이들은 아무도 없었습니다. 이 이야기는 어린이들과 했던 많은 회의 중에서 건진 이야기입니다. 어린이들과 회의를 하면서 믿게 되었습니다. 사람은 혼자일 때보다 여럿이 함께일 때 더 좋은 방법을 찾아낸다는 것을, 그리고 더 좋은 사람이 되려 한다는 것을요. 어린이들과 이러한 믿음을 나누고자 합니다.
 
 1. 들어가며
 - 작가 소개
 - 강연 내용 및 순서 소개
 
 2. 본 강연
 - 『우리 반 채무 관계』 작품의 배경이 된 실제 이야기 나누기
 - 어린이들 사이에서 벌어지는 여러 가지 채무 관계 사례 나누기
 - 학급의 문제를 서로 이야기해서 해결하는 토의의 중요성에 대해 이야기 나누기
 - 책을 읽고 궁금한 내용에 대해 묻고 대답하기
 - 작가라는 직업에 대한 진로 지도
 
 3. 마치며
 - 소감 나누기
 - 사진 촬영 및 사인
 
 
 [책 소개]
 
 ‘우리 사이, 오백 원!’
 친구 사이에 돈 문제로 곤란한 일이 생긴 어린이들이
 우리 반 채무 관계를 합리적으로 정리하기 위한 규칙을 세우다
 
 친구 사이에 돈 문제로 곤란한 일이 생기자, 아이들은 학급 회의를 통해 그들만의 문제 해결 방법을 찾는다. 아이들은 앞날의 이익을 계산해서 자기 마음을 속이는 일 없이 솔직하게 의견을 나누고, ‘우리 사이, 오백 원!’이라는 통찰력 있는 결론을 낸다. 어린이 스스로 능동적으로 사고하고 주체적인 존재로 성장하는 모습이 매우 인상 깊은 동화로, 머리를 맞대면 더 좋은 생각을 떠올릴 수 있다는 메시지를 담고 있다.
 
 
 [작가 소개]
 
 초등교사로 오랫동안 일했다. 장편 동화 『최기봉을 찾아라!』로 푸른문학상을, 『방학 탐구 생활』로 문학동네어린이문학상 대상을 받았다.",https://api.wisdomhouse.co.kr/api/v1/images?path=/kidsBookMeet/thumb/76ea1916f7a64564b06b6b3c55a3d6c6.jpg,
위즈덤하우스,박현경,셋 중 하나는 외롭다,어린이,대면,"문학 우리는 내 마음이 왜 그런지 모른 채 화를 내고 속상해 합니다. 마음이 혼란스럽고 불안할 때, 삼각관계에서 외롭고 질투 날 때 내 마음을 솔직하게 글로 써 보는 게 도움이 됩니다. 이 시간에는 작가와 함께 내 마음을 들여다보는 글쓰기를 해 봅니다.",https://api.wisdomhouse.co.kr/api/v1/images?path=/kidsBookMeet/thumb/52a16dd8bc8e42c092bb7d93f9ddb7b6.jpg,
위즈덤하우스,이송현,사랑은 처음,어린이,대면,"문학 열세 살 아이들의 서투르지만 순수하고 예쁜 연애 이야기이자, 사람과 사람의 관계에 필요한 건강한 균형을 보여 주는 이야기입니다. 나와 상대방의 마음을 지키고 배려하는 법에 대해 이송현 작가와 이야기 나누는 시간을 가집니다.",https://api.wisdomhouse.co.kr/api/v1/images?path=/kidsBookMeet/thumb/916ff54a06a0443295293e04a2b8ee90.jpg,
위즈덤하우스,방미진,"비누 인간, 진화 인간, 도플 인간",어린이,대면,문학 평범한 사람으로 살고 싶은 비누 인간과 낯선 존재가 두려운 평범한 사람들의 슬프고도 치열한 싸움이 펼쳐집니다. 과연 비누 인간은 누구였을까요? 방미진 작가는 왜 이런 이야기를 만들었을까요? 작가의 이야기를 직접 들어보며 강렬한 판타지 세계를 경험해 보세요.,https://api.wisdomhouse.co.kr/api/v1/images?path=/kidsBookMeet/thumb/ff76fd37148242b9997a81205b444afe.jpg,
위즈덤하우스,박혜선,우리 할아버지는 열다섯 살 소년병입니다,어린이,대면,"그림책 열다섯 살에 전쟁에 나가 싸운다는 건 어떤 느낌일까요? 70여 년 전, 소년들은 지원을 했거나 강제로 끌려나가 어린 나이에 병사가 되었습니다. 전쟁은 멈추었고 긴 시간이 흘렀지만, 전쟁의 상처가 몸과 마음에 박힌 우리의 할아버지, 할머니 세대를 어루만지는 시간을 가져 봅니다.",https://api.wisdomhouse.co.kr/api/v1/images?path=/kidsBookMeet/thumb/4299263b3d5243a18f5eeadf841b8f9d.jpg,
위즈덤하우스,고상미,신발 신은 강아지,어린이,대면,"그림책 엄마와 미니는 우연히 신발 신은 강아지를 만납니다. 한눈에 반한 미니는 집에 데려가서 키우자고 조릅니다. 작가에게 어떻게 유기 동물이야기를 창작하게 되었는지 들어보고, 유기 동물을 구조하고 돌려주면서 느끼는 다양한 감정과 공감에 대해 이야기 나눠 봅니다.",https://api.wisdomhouse.co.kr/api/v1/images?path=/kidsBookMeet/thumb/7a47914ef3cb487997a9b0dac1c716fa.jpg,
위즈덤하우스,이수연,달에서 아침을,어린이,대면,그림책 왕따를 당하는 토끼와 하나뿐인 친구이자 방관자인 곰의 이야기입니다. 모르는 척하지 않고 세상의 모든 토끼에게 손을 내밀어 주는 곰이 되려면 어떻게 해야 할까요? 작가는 상처를 숨기지 않고 어린이들과 이 문제에 대해 이야기를 나눕니다.,https://api.wisdomhouse.co.kr/api/v1/images?path=/kidsBookMeet/thumb/412ba341d9094527bb13edec62c3eec9.jpg,
위즈덤하우스,허교범,대장장이 왕,청소년,대면,"문학 이 책은 수많은 신화와 상징, 성서의 모티프를 엮어 인류의 기원을 밝히는 대서사시의 첫권입니다. 허교범 작가가 신화, 전설, 설화 등 모든 스토리의 원형이 녹아 있는 세계관에 대해 설명해 줍니다. 멋진 판타지를 만나는 새롭고 강렬한 쾌감을 나누는 시간을 가져 보세요.",https://api.wisdomhouse.co.kr/api/v1/images?path=/kidsBookMeet/thumb/60d48d1c8fbe4bafbbcbc90ab2cd3819.jpg,https://search1.kakaocdn.net/thumb/R120x174.q85/?fname=http%3A%2F%2Ft1.daumcdn.net%2Flbook%2Fimage%2F7207957%3Ftimestamp%3D20260522122055
위즈덤하우스,이명랑,화해 대작전,어린이,대면,"문학 [강연 소개]
 
 코로나로 인해 온라인 수업이 오랫동안 계속되면서, 예전 같으면 아이들 스스로 체득했던 친구 사귀기, 화해하기, 대화하기 등을 교사가 하나하나 가르쳐 줘야 하는 상황에 직면했다. 친구와 사이좋게 지내고 싶은 마음이 절실하고 간절해도 방법을 몰라 계속 미끄러지는 아이들이 많은 것이다. 『화해 대작전』 속 아이들도 크게 다르지 않다. 이따금 친구에게 드는 섭섭한 감정을 어떻게 훌훌 털어 내야 하는지, 내 진심을 상대방에게 제대로 전달하려면 어떻게 해야 하는지, 화해하고 싶지만 꺾이지 않는 이 자존심은 어떻게 해야 하는지…. 사람의 마음을 대하는 일에 정답은 없겠지만, 어떻게 하면 지혜롭게 갈등을 해결할 수 있을지 함께 생각해 보는 시간을 갖습니다.
 
 1. 들어가며
 - 작가 소개
 - 책이 탄생하기까지의 이야기
 
 2. 본 강연
 - 이야기는 어떻게 만들어질까요?
 - 내 마음 들여다보기(내 머릿속을 꽉 채우고 있는 바로 그 생각이 지금 내 마음)
 - 만약에 나라면? (책 속 인물들의 속마음 들여다보기)
 - 멋지게 화해하는 법에 대해 이야기 나누기
 - 문학의 가장 큰 역할 ‘입장 바꿔 생각해 보기’에 대해 이야기 나누기
 
 3. 마치며
 - 소감 나누기
 - 질의 응답 시간
 - 사진 촬영 및 사인
 
 
 [책 소개]
 
 멋지게 사과하고 멋지게 화해하는
 우리들의 ‘화해 대작전’
 
 부모 참관 수영 수업 시간. 현상이는 엄마에게 멋진 모습을 보여 주고 싶지만 몸이 따라 주질 않아 속상하다. 이런 현상이 마음을 아는지 모르는지 친구 동민이는 수영 좀 할 줄 안다고 자꾸 잘난 척을 하며 현상이의 진로를 방해한다. 그런 동민이가 얄밉고 눈에 거슬렸던 현상이는 동민이의 뺨을 깨물어 버리고, 이를 계기로 현상이 엄마와 동민이 엄마는 크게 다투게 된다. 현상이와 동민이의 싸움이 엄마들 싸움으로 번져 버리자, 아이들은 두 엄마를 화해시키기 위해 화해 대작전을 세우는데…. 과연 두 아이의 화해 대작전은 성공할 수 있을까?
 
 
 [작가 소개]
 
 26세에 첫 장편 소설 『꽃을 던지고 싶다』로 많은 독자와 평론가들의 주목을 받으며 소설가로 데뷔한 뒤 『삼오식당』, 『나의 이복형제들』, 『입술』, 『어느 휴양지에서』, 『천사의 세레나데』 등의 작품을 출간했다. 이후 동화 『재판을 신청합니다』, 『나는 개구리의 형님』, 『할머니의 정원』, 『방과 후 운동장 교실』, 『작아진 균동이』를 비롯해 청소년 소설 『구라짱』, 『폴리스맨, 학교로 출동!』, 『절대로 예쁠 리가 없잖아!』, 중학교 국어 교과서에 수록된 『내 마음을 아는지 모르는지』 등을 발표하며 다양한 분야에 걸쳐 활발한 창작 활동을 하고 있다. 현재 문학 전문 글쓰기 아카데미 〈문학하다〉에서 소설 창작 강의를 하고 있으며, 작가와의 만남을 통해 수많은 청소년들과 소통 중이다.",https://api.wisdomhouse.co.kr/api/v1/images?path=/kidsBookMeet/thumb/e775390387cf4e4691ec9c880381f3b4.jpg,
위즈덤하우스,이송현,"내 이름은 십민준 : 열민준 이민준, 내 이름은 십민준 : 공포의 구구단",어린이,대면,"문학 민준이의 유쾌 발랄 받아쓰기, 구구단 분투기입니다. 받아쓰기에 이어 연달아 구구단이란 거대한 산이 찾아온 십민준. 어쩌면 학교생활은 산너머 산일까요? 이송현 작가와 함께 학교생활의 불안을 날려 버리는 방법에 대해 이야기 나눠 봅니다.",https://api.wisdomhouse.co.kr/api/v1/images?path=/kidsBookMeet/thumb/35af7848a44d4756b64669309674204d.jpg,
위즈덤하우스,설흔,"①흡혈귀 감별사의 탄생,②사라진 장영실과 흡혈귀,③흡혈귀 원정대,④붉은 흡혈귀의 초대",어린이,대면,문학 작가는 ‘조선 세종 시대에 흡혈귀가 있었다’라는 파격적인 설정을 통해 조선 시대만의 독창적인 흡혈귀 이야기를 만들어 냈습니다. 고전을 공부하는 설흔 작가는 역사 속에 등장하는 알려지지 않은 존재를 통해 조선 시대 이야기를 흥미롭게 풀어낼 예정입니다.,https://api.wisdomhouse.co.kr/api/v1/images?path=/kidsBookMeet/thumb/4e98a475e2624aa3a63a0351243a0f4a.jpg,
위즈덤하우스,류재향,우리에게 펭귄이란,어린이,대면,"문학 [강연 소개]
 
 책 내용을 중심으로 우리가 마음 둘 곳에 대해 생각해 보고 이야기 나눕니다.
 
 1. 들어가며
 
 - 작가 소개 (저서 위주)
 - 책 소개 (『우리에게 펭귄이란』 단편집을 엮게 된 계기)
 
 2. 본 강연 (각 단편 작품에 대한 이야기)
 
 「우리에게 펭귄이란」 
 - 대가족
 - 어른들이 어린이를 대하는 태도 vs 어린이가 바라는 양육 태도
 - 어떤 ‘부재’와 ‘그리움’에 대한 우리의 마음 
 
 「고양이를 안아보자」 
 - ‘적응’이라는 문제 (환경, 가족, 주변, 그리고 나 자신)
 
 「아람이의 편지」
 - 우정의 힘
 - 작은 용기
 - 마음을 전달하는 도구와 방법 이야기
 
 「달팽이가 간다」
 - 동화가 담았으면 하는 이야기에 대한 이야기
 - 성장의 속도
 - 우주의 세계
 - 우주의 장점 찾기
 
 「네모에게」
 - 이럴 때 진짜 내 마음은 무얼까?
 - 괜찮다는 말, 괜찮지 않다는 말, 괜찮지 않아도 된다는 말
 - 비밀 수첩과 일기장, 기록하는 행위
 
 3. 활동 (예시)
 - 마음에 와 닿은 문장 낭독 후 그 문장을 꼽은 이유 나누기
 - 등장인물들에게 해 주고 싶은 말 적어 보기
 - 나의 마음 둘 곳은 어디에 있는지 이야기 나누기 (사람, 공간, 동물, 사물 등)
 - 작가가 마음 둔 곳을 소개하고, 마음 둘 곳 찾는 방법 나누기
 
 4. 마치며
 - 궁금한 내용 묻고 답하기
 - 사진 촬영 및 사인
  
 (*강연 내용은 장소 및 대상, 규모 및 현장 분위기에 따라 변경될 수 있습니다.)
 
 
 [책 소개]
 
 어른과 지내는 시간이 늘어날수록 어린이는 외롭다. 자신을 발견해 줄 친구를 그리워한다. 비대면, 저출생 시대의 어린이에게는 동료가 필요하다. 별일 없이 잘 지내는 것 같지만 마음 한 구석은 조금 쓸쓸할지도 모르는 어린이에게 이 책은 든든한 동료다. 어린이끼리는 무엇이든 툭툭 털어놓아도 괜찮고, 읽고 있으면 용기가 생긴다. 별일 없이 잘 지내는 것 같지만 마음 한구석은 조금 쓸쓸할지도 모르는 어린이, 그들이 비로소 꺼내 놓는 한마디. “적당히 꾸며 내면요, 우리가 다 믿을 것 같아요?” “나는 알아서 자라기 정말 싫어.” 성장의 체온이 같은 사람을 만나는 기쁨을 알려 주는 다섯 편(「우리에게 펭귄이란」, 「고양이를 안아보자」, 「아람이의 편지」, 「달팽이가 간다」, 「네모에게」)의 단편을 담았다.
 
 
 [추천사]
 
 어린이가 어린이에게만 말할 수 있는 마음이 있다. 가족에게도 할 수 없는 말이 있을 때 어린이는 책을 찾는다. 다행스럽게도 책 안에는 그 말을 할 수 있는 장소가 있다. 류재향 작가는 그 공간을 잘 아는 사람이다. 이 동화집은 그 순도 높은 이해의 순간을 담는다. 책을 읽다 보면 “내 마음이 왜 여기 있지?”하며 놀라는 어린이들이 많을 것이다. 서사에 가려져 있던 서정성에 대해서 다시 주목하게 하는 아름다운 작품이다.
 - 김지은 (서울예술대학교 문예학부 교수, 아동문학평론가)
 
 
 [작가 소개]
 
 대학에서 국문학과 스토리텔링, 영문학을 공부했으며 동화를 쓰고 그림책 번역을 하고 있다. 『기타 등등 동아리를 신청합니다』, 『우리에게 펭귄이란』, 『욕 좀 하는 이유나』, 『비밀클럽 흩어진 지도를 모아라』 등을 썼고, 그림책 『미안해, 북극고래야』, 『나의 개 보드리』, 『우리 집 식탁이 사라졌어요!』 등을 우리말로 옮겼다.",https://api.wisdomhouse.co.kr/api/v1/images?path=/kidsBookMeet/thumb/72283124585f4cd3ab1fad26b8279fae.jpg,
위즈덤하우스,이명애,지각,어린이,대면,"그림책 글에 그림을 붙여 그림책을 완성하는 과정은 어떨까요? 볼로냐 올해의 일러스트레이터, 나미 콩쿠르 은상, BIB 황금패상, BIB 황금사과상 수상에 빛나는 이명애 작가님에게 이 그림책의 특별한 작업 과정을 들어봅니다.",https://api.wisdomhouse.co.kr/api/v1/images?path=/kidsBookMeet/thumb/44f8670e938343c9bb178e081403eb22.jpg,
위즈덤하우스,허정윤,지각,어린이,대면,"그림책 일상의 사소한 순간에 맞닥뜨리는 선택의 순간, “당신은 어떤 선택을 하시겠습니까?”라는 질문을 던지는 그림책입니다. 좀 더 나은 사람, 좀 더 나은 삶을 위한 선택이 무엇일지에 대해 생각해 보는 시간을 가집니다.",https://api.wisdomhouse.co.kr/api/v1/images?path=/kidsBookMeet/thumb/d7d02d15652343e18135b76a87604b25.jpg,
위즈덤하우스,김보나,밀림에서 가장 아름다운 표범,어린이,비대면,그림책 사라진 얼룩점을 찾아나선 표범. 길에서 만난 동물들은 저마다의 이유로 세 개밖에 남지 않은 얼룩점을 달라고 합니다. 반세기 동안 사랑 받아 온 그림책을 함께 읽으며 소중한 것을 내어주는 선한 마음과 선한 마음이 불러오는 기쁨에 대해 이야기 나누는 시간을 가집니다.,https://api.wisdomhouse.co.kr/api/v1/images?path=/kidsBookMeet/thumb/c113026041e6422086547b10afd557fc.jpg,
위즈덤하우스,이덕화,머리숱 많은 아이,어린이,대면,그림책 어떤 존재가 우리와 다르다는 이유로 무리에서 배제하거나 회피하곤 합니다. 이를 두려워해서 자신의 모습을 그대로 드러내지 않는 사람이 많아요. 당당하게 자신을 보여주는 용감한 아이 잔디를 만나 보아요. 우리가 진짜 두려워하는 것은 무엇인지 생각해 보는 시간을 가집니다.,https://api.wisdomhouse.co.kr/api/v1/images?path=/kidsBookMeet/thumb/1561d01e997c410489485981d5e4fbea.jpg,https://search1.kakaocdn.net/thumb/R120x174.q85/?fname=http%3A%2F%2Ft1.daumcdn.net%2Flbook%2Fimage%2F870023%3Ftimestamp%3D20260306110827
위즈덤하우스,김릴리,내 사탕 어디 갔어?,어린이,대면,그림책 사탕을 훔친 범인을 찾아 나서는 유쾌한 추리극입니다. 캐릭터들의 개성이 돋보이는 익살스러운 그림과 범인을 찾을 듯 말 듯 반전을 거듭하는 과감한 전개는 한순간도 눈을 뗄 수 없게 만들지요. 캐릭터와 스토리 만드는 과정을 들어 봅니다.,https://api.wisdomhouse.co.kr/api/v1/images?path=/kidsBookMeet/thumb/440c21b64fd143fea8dc9f399dbf2b57.jpg,
위즈덤하우스,김혜정,오백 년째 열다섯,청소년 / 어린이(고학년),대면,"문학 김혜정 작가와 함께 읽는 『오백 년째 열다섯』
 
 “사춘기, 나만 힘든 걸까?”
 
 혼란스러운 사춘기를 슬기롭게 보내는 방법을 알고 싶은가요? 십대를 위한 동화와 청소년 소설을 쓰는 김혜정 작가와 함께 『오백 년째 열다섯』을 읽으며 함께 이야기해 보아요.
 
 사춘기가 힘든 이유는 무엇일까요? 사춘기는 왜 중요할까요?
 
 그 힘든 사춘기를 오백 년째 보내고 있는 ‘가을’이란 주인공과 함께, 한국의 신화, 민담, 전설 이야기도 재밌게 배울 수 있습니다. 『오백 년째 열다섯』은 K-판타지로 십대들이 재밌게 읽을 수 있을뿐더러 가독성도 높습니다. 자신의 정체성을 고민하는 십대에게 ‘읽는 재미’와 ‘생각할 거리’를 모두 가져다줄 수 있습니다.
 
 김혜정 작가는 이제까지 청소년을 위한 열다섯 편의 소설(『하이킹걸즈, 『다이어트 학교』, 『오늘의 민수』 등)과 열 편의 동화(『맞아언니 상담소』, 『헌터걸』 등), 청소년을 위한 에세이 두 편(『고민해서 뭐 할 건데?』, 『다행히 괜찮은 어른이 되었습니다』)을 출간하였고, 1000회 가량 초, 중, 고 학생들과 작가와의 만남을 진행하였습니다.
 
 초등학교 고학년부터 중학생, 고등학생까지 함께 십대의 고민과 성장의 의미에 대해 이야기하는 시간입니다.
 
 *강연 진행 순서
 
 1. 『오백 년째 열다섯』을 통해 보는 사춘기의 의미와 현명하게 사춘기 보내는 방법 강연 (50-60분 가량)
 2. 『오백 년째 열다섯』 맞춤 활동지 (5분 가량)
 3. 질문하고 함께 이야기하는 시간(20분 가량)
 4. 책 사인회 및 사진촬영 (10분 가량)
 
 *『오백 년째 열다섯』 사전 독서를 권장합니다.",https://api.wisdomhouse.co.kr/api/v1/images?path=/kidsBookMeet/thumb/2b5310207ac0441d8bd5ef674054c0af.png,https://search1.kakaocdn.net/thumb/R120x174.q85/?fname=http%3A%2F%2Ft1.daumcdn.net%2Flbook%2Fimage%2F5947102%3Ftimestamp%3D20260325150453
책읽는곰,이용한,고양이는 고양이가 알려 드림,,오프라인,《고양이는 고양이가 알려 드림》 이용한 작가 강연,https://www.bearbooks.co.kr/support/lecture_view.php?code=lecture&bbs_idx=1531&pg=1,
책읽는곰,김서정,어른이라 그림책을 읽습니다,,오프라인,《어른이라 그림책을 읽습니다》 김서정 작가 강연,https://www.bearbooks.co.kr/support/lecture_view.php?code=lecture&bbs_idx=1513&pg=1,https://search1.kakaocdn.net/thumb/R120x174.q85/?fname=http%3A%2F%2Ft1.daumcdn.net%2Flbook%2Fimage%2F7241736%3Ftimestamp%3D20260619122236
책읽는곰,임인숙,안 해도 되는 숙제,,오프라인/온라인,《안 해도 되는 숙제》 임인숙 작가 강연,https://www.bearbooks.co.kr/support/lecture_view.php?code=lecture&bbs_idx=1495&pg=1,
책읽는곰,남동완,"호잇, 치카! 이빨 학교",,오프라인,"《호잇, 치카! 이빨 학교》 남동완 작가 강연",https://www.bearbooks.co.kr/support/lecture_view.php?code=lecture&bbs_idx=1490&pg=1,
책읽는곰,이현아,나 안 할래,,오프라인/온라인,《나 안 할래》 이현아 작가 강연,https://www.bearbooks.co.kr/support/lecture_view.php?code=lecture&bbs_idx=1478&pg=1,
책읽는곰,신배화,모두의 스타트,,오프라인/온라인,《모두의 스타트》 신배화 작가 강연,https://www.bearbooks.co.kr/support/lecture_view.php?code=lecture&bbs_idx=1449&pg=1,
책읽는곰,공수경,짬뽕 도장 시리즈,,오프라인/온라인,〈짬뽕 도장 시리즈〉 공수경 작가 강연,https://www.bearbooks.co.kr/support/lecture_view.php?code=lecture&bbs_idx=1426&pg=1,
책읽는곰,조영서,귓속말 친구,,오프라인,《귓속말 친구》 조영서 작가 강연,https://www.bearbooks.co.kr/support/lecture_view.php?code=lecture&bbs_idx=1325&pg=1,
책읽는곰,책꿈샘 김지원,고자질 탐정 오재민,,오프라인/온라인,《고자질 탐정 오재민》 책꿈샘 김지원 작가 강연,https://www.bearbooks.co.kr/support/lecture_view.php?code=lecture&bbs_idx=1324&pg=2,
책읽는곰,소연,앞니 빠진 강경우,,오프라인,《앞니 빠진 강경우》 소연 작가 강연,https://www.bearbooks.co.kr/support/lecture_view.php?code=lecture&bbs_idx=1312&pg=2,
책읽는곰,선시야,딱! 정했어,,오프라인/온라인,《딱! 정했어》 선시야 작가 강연,https://www.bearbooks.co.kr/support/lecture_view.php?code=lecture&bbs_idx=1308&pg=2,
책읽는곰,여연,도깨비를 믿나요?,,오프라인,《도깨비를 믿나요?》 여연 작가 강연,https://www.bearbooks.co.kr/support/lecture_view.php?code=lecture&bbs_idx=1299&pg=2,https://search1.kakaocdn.net/thumb/R120x174.q85/?fname=http%3A%2F%2Ft1.daumcdn.net%2Flbook%2Fimage%2F6989838%3Ftimestamp%3D20251021144410
책읽는곰,백경희,나는 용감해!,,오프라인/온라인,《나는 용감해!》 백경희 작가 강연,https://www.bearbooks.co.kr/support/lecture_view.php?code=lecture&bbs_idx=1268&pg=2,
책읽는곰,글로(Glow),점심시간에 지구를 구하는 법,,오프라인,《점심시간에 지구를 구하는 법》 글로(Glow) 작가 강연,https://www.bearbooks.co.kr/support/lecture_view.php?code=lecture&bbs_idx=1263&pg=2,
책읽는곰,최정혜,창덕궁에 불이 꺼지면,,오프라인/온라인,《창덕궁에 불이 꺼지면》 최정혜 작가 강연,https://www.bearbooks.co.kr/support/lecture_view.php?code=lecture&bbs_idx=1251&pg=2,
책읽는곰,김진희,토끼 구름 토끼,,오프라인/온라인,《토끼 구름 토끼》 김진희 작가 강연,https://www.bearbooks.co.kr/support/lecture_view.php?code=lecture&bbs_idx=1244&pg=2,
책읽는곰,미소노,숲은OOO,,오프라인/온라인,《숲은OOO》 미소노 작가 강연,https://www.bearbooks.co.kr/support/lecture_view.php?code=lecture&bbs_idx=1223&pg=2,
책읽는곰,김민정,따라쟁이 아니거든!,,오프라인,《따라쟁이 아니거든!》 김민정 작가 강연,https://www.bearbooks.co.kr/support/lecture_view.php?code=lecture&bbs_idx=1220&pg=2,
책읽는곰,구돌,국경,,오프라인,《국경》 구돌 작가 강연,https://www.bearbooks.co.kr/support/lecture_view.php?code=lecture&bbs_idx=1213&pg=3,
책읽는곰,송지혜,"상상해 봐, 공룡!",,오프라인,"《상상해 봐, 공룡!》 송지혜 작가 강연",https://www.bearbooks.co.kr/support/lecture_view.php?code=lecture&bbs_idx=1182&pg=3,
책읽는곰,하유정,하유정 선생님과 함께하는 초등 입학 준비 100,,오프라인/온라인,《하유정 선생님과 함께하는 초등 입학 준비 100》 하유정 작가 강연,https://www.bearbooks.co.kr/support/lecture_view.php?code=lecture&bbs_idx=1162&pg=3,https://search1.kakaocdn.net/thumb/R120x174.q85/?fname=http%3A%2F%2Ft1.daumcdn.net%2Flbook%2Fimage%2F6779398%3Ftimestamp%3D20250919142633
책읽는곰,장희정,놀이터의 비밀,,오프라인/온라인,《놀이터의 비밀》 장희정 작가 강연,https://www.bearbooks.co.kr/support/lecture_view.php?code=lecture&bbs_idx=1158&pg=3,
책읽는곰,천미진,매화귀신학교,,오프라인/온라인,《매화귀신학교》 천미진 작가 강연,https://www.bearbooks.co.kr/support/lecture_view.php?code=lecture&bbs_idx=1150&pg=3,
책읽는곰,김용희,오싹오싹 키즈 카페,,오프라인/온라인,《오싹오싹 키즈 카페》 김용희 작가 강연,https://www.bearbooks.co.kr/support/lecture_view.php?code=lecture&bbs_idx=1094&pg=3,
책읽는곰,김민정,도와주기 대장 정다운,,오프라인,《도와주기 대장 정다운》 김민정 작가 강연,https://www.bearbooks.co.kr/support/lecture_view.php?code=lecture&bbs_idx=1018&pg=3,
책읽는곰,공수경,해피 메리 루빛뚱,,오프라인/온라인,《해피 메리 루빛뚱》 공수경 작가 강연,https://www.bearbooks.co.kr/support/lecture_view.php?code=lecture&bbs_idx=1017&pg=3,
책읽는곰,이혜인,오늘 더 다정해져요,,오프라인/온라인,《오늘 더 다정해져요》 이혜인 작가 강연,https://www.bearbooks.co.kr/support/lecture_view.php?code=lecture&bbs_idx=1010&pg=3,
책읽는곰,곽영미,들개왕,,오프라인/온라인,《들개왕》 곽영미 작가 강연,https://www.bearbooks.co.kr/support/lecture_view.php?code=lecture&bbs_idx=1001&pg=3,
책읽는곰,임근희,곧 재능 교환이 시작됩니다,,오프라인/온라인,《곧 재능 교환이 시작됩니다》 임근희 작가 강연,https://www.bearbooks.co.kr/support/lecture_view.php?code=lecture&bbs_idx=994&pg=4,https://search1.kakaocdn.net/thumb/R120x174.q85/?fname=http%3A%2F%2Ft1.daumcdn.net%2Flbook%2Fimage%2F6103669%3Ftimestamp%3D20260205145303
책읽는곰,임근희,복수의 초짜,,오프라인/온라인,《복수의 초짜》 임근희 작가 강연,https://www.bearbooks.co.kr/support/lecture_view.php?code=lecture&bbs_idx=993&pg=4,
책읽는곰,임근희,또! 복병수,,오프라인/온라인,《또! 복병수》 임근희 작가 강연,https://www.bearbooks.co.kr/support/lecture_view.php?code=lecture&bbs_idx=992&pg=4,
책읽는곰,임근희,양심을 배달합니다!,,오프라인/온라인,《양심을 배달합니다!》 임근희 작가 강연,https://www.bearbooks.co.kr/support/lecture_view.php?code=lecture&bbs_idx=991&pg=4,
책읽는곰,김유진,엄마의 여름 방학,,오프라인,《엄마의 여름 방학》 김유진 작가 강연,https://www.bearbooks.co.kr/support/lecture_view.php?code=lecture&bbs_idx=982&pg=4,https://search1.kakaocdn.net/thumb/R120x174.q85/?fname=http%3A%2F%2Ft1.daumcdn.net%2Flbook%2Fimage%2F6689488%3Ftimestamp%3D20260812142928
책읽는곰,김리라,로봇 형 로봇 동생,,오프라인/온라인,《로봇 형 로봇 동생》 김리라 작가 강연,https://www.bearbooks.co.kr/support/lecture_view.php?code=lecture&bbs_idx=981&pg=4,
책읽는곰,김리라,소희가 온다!,,오프라인/온라인,《소희가 온다!》 김리라 작가 강연,https://www.bearbooks.co.kr/support/lecture_view.php?code=lecture&bbs_idx=980&pg=4,
책읽는곰,김리라,돌봄의 제왕,,오프라인/온라인,《돌봄의 제왕》 김리라 작가 강연,https://www.bearbooks.co.kr/support/lecture_view.php?code=lecture&bbs_idx=979&pg=4,
책읽는곰,정헌경,백화점에서 만난 세계사,,오프라인,《백화점에서 만난 세계사》 정헌경 작가 강연,https://www.bearbooks.co.kr/support/lecture_view.php?code=lecture&bbs_idx=973&pg=4,
책읽는곰,함지슬,맛 탐정 림보와 사라진 요리책,,오프라인,《맛 탐정 림보와 사라진 요리책》 함지슬 작가 강연,https://www.bearbooks.co.kr/support/lecture_view.php?code=lecture&bbs_idx=933&pg=4,
책읽는곰,함지슬,"떨어져라, 떨어져, 찰딱폰!",,오프라인,"《떨어져라, 떨어져, 찰딱폰!》 함지슬 작가 강연",https://www.bearbooks.co.kr/support/lecture_view.php?code=lecture&bbs_idx=929&pg=5,
책읽는곰,구울림,우리는 언제나 새콤달콤,,오프라인/온라인,《우리는 언제나 새콤달콤》 구울림 작가 강연,https://www.bearbooks.co.kr/support/lecture_view.php?code=lecture&bbs_idx=928&pg=5,https://search1.kakaocdn.net/thumb/R120x174.q85/?fname=http%3A%2F%2Ft1.daumcdn.net%2Flbook%2Fimage%2F6659638%3Ftimestamp%3D20260708123744
책읽는곰,김다노,하다와 화장실 귀신,,오프라인,《하다와 화장실 귀신》 김다노 작가 강연,https://www.bearbooks.co.kr/support/lecture_view.php?code=lecture&bbs_idx=912&pg=5,
책읽는곰,정희용,울음벌레,,오프라인,《울음벌레》 정희용 작가 강연,https://www.bearbooks.co.kr/support/lecture_view.php?code=lecture&bbs_idx=911&pg=5,
책읽는곰,이은서,겁이 나는 건 당연해,,오프라인,《겁이 나는 건 당연해》 이은서 작가 강연,https://www.bearbooks.co.kr/support/lecture_view.php?code=lecture&bbs_idx=897&pg=5,
책읽는곰,이은서,아픈 날,,오프라인,《아픈 날》 이은서 작가 강연,https://www.bearbooks.co.kr/support/lecture_view.php?code=lecture&bbs_idx=890&pg=5,
책읽는곰,한얼,도도도 도착!,,오프라인/온라인,《도도도 도착!》 한얼 작가 강연,https://www.bearbooks.co.kr/support/lecture_view.php?code=lecture&bbs_idx=836&pg=5,
책읽는곰,윤정,휘뚜루 시리즈,,오프라인/온라인,〈휘뚜루 시리즈〉 윤정 작가 강연,https://www.bearbooks.co.kr/support/lecture_view.php?code=lecture&bbs_idx=835&pg=5,
책읽는곰,허아성,꿈 시리즈,,오프라인/온라인,〈꿈 시리즈〉 허아성 작가 강연,https://www.bearbooks.co.kr/support/lecture_view.php?code=lecture&bbs_idx=834&pg=5,
책읽는곰,신민재,달평 씨 시리즈,,오프라인/온라인,〈달평 씨 시리즈〉 신민재 작가 강연,https://www.bearbooks.co.kr/support/lecture_view.php?code=lecture&bbs_idx=833&pg=5,
책읽는곰,유설화,장갑 시리즈,,오프라인/온라인,〈장갑 시리즈〉 유설화 작가 강연,https://www.bearbooks.co.kr/support/lecture_view.php?code=lecture&bbs_idx=831&pg=6,
책읽는곰,국지승,아빠 셋 꽃다발 셋,,오프라인,"《아빠 셋 꽃다발 셋》, 《엄마 셋 도시락 셋》 국지승 작가 강연",https://www.bearbooks.co.kr/support/lecture_view.php?code=lecture&bbs_idx=802&pg=6,https://search1.kakaocdn.net/thumb/R120x174.q85/?fname=http%3A%2F%2Ft1.daumcdn.net%2Flbook%2Fimage%2F1579603%3Ftimestamp%3D20250417120334
책읽는곰,정주희,우리가 헤어지는 날,,오프라인,《우리가 헤어지는 날》 정주희 작가 강연,https://www.bearbooks.co.kr/support/lecture_view.php?code=lecture&bbs_idx=763&pg=6,
책읽는곰,김수영,나를 알고 싶어서 그림책을 펼쳤습니다,,오프라인/온라인,《나를 알고 싶어서 그림책을 펼쳤습니다》 김수영 작가 강연,https://www.bearbooks.co.kr/support/lecture_view.php?code=lecture&bbs_idx=757&pg=6,
책읽는곰,정성희,경서 친구 경서,,오프라인,《경서 친구 경서》 정성희 작가 강연,https://www.bearbooks.co.kr/support/lecture_view.php?code=lecture&bbs_idx=753&pg=6,
책읽는곰,한얼,이불에 폭!,,오프라인/온라인,《이불에 폭!》 한얼 작가 강연,https://www.bearbooks.co.kr/support/lecture_view.php?code=lecture&bbs_idx=671&pg=6,
책읽는곰,전은희,평범한 천재,,오프라인/온라인,《평범한 천재》 전은희 작가 강연,https://www.bearbooks.co.kr/support/lecture_view.php?code=lecture&bbs_idx=662&pg=6,
책읽는곰,김경미,마음 뽑기,,오프라인/온라인,《마음 뽑기》 김경미 작가 강연,https://www.bearbooks.co.kr/support/lecture_view.php?code=lecture&bbs_idx=594&pg=6,
책읽는곰,맹영은,뭘 먹고 싼 거야?,,오프라인/온라인,《뭘 먹고 싼 거야?》 맹영은 작가 강연,https://www.bearbooks.co.kr/support/lecture_view.php?code=lecture&bbs_idx=590&pg=6,
책읽는곰,김유진,거북이자리,,오프라인/온라인,《거북이자리》 김유진 작가 강연,https://www.bearbooks.co.kr/support/lecture_view.php?code=lecture&bbs_idx=586&pg=6,
책읽는곰,유지우,구름 공장,,오프라인/온라인,《구름 공장》 유지우 작가 강연,https://www.bearbooks.co.kr/support/lecture_view.php?code=lecture&bbs_idx=538&pg=7,https://search1.kakaocdn.net/thumb/R120x174.q85/?fname=http%3A%2F%2Ft1.daumcdn.net%2Flbook%2Fimage%2F6077494%3Ftimestamp%3D20250619145503
책읽는곰,고수진,지하수 열차,,오프라인/온라인,《지하수 열차》 고수진 작가 강연,https://www.bearbooks.co.kr/support/lecture_view.php?code=lecture&bbs_idx=533&pg=7,
책읽는곰,안승하,일하는 개들,,오프라인,《일하는 개들》 안승하 작가 강연,https://www.bearbooks.co.kr/support/lecture_view.php?code=lecture&bbs_idx=529&pg=7,
책읽는곰,미소노,옥수수의 비밀,,오프라인/온라인,《옥수수의 비밀》 미소노 작가 강연,https://www.bearbooks.co.kr/support/lecture_view.php?code=lecture&bbs_idx=527&pg=7,
책읽는곰,유승희,콩팥풀 삼총사,,오프라인/온라인,《콩팥풀 삼총사》 유승희 작가 강연,https://www.bearbooks.co.kr/support/lecture_view.php?code=lecture&bbs_idx=502&pg=7,
책읽는곰,멜리,바다 목욕탕,,오프라인/온라인,《바다 목욕탕》 멜리 작가 강연,https://www.bearbooks.co.kr/support/lecture_view.php?code=lecture&bbs_idx=501&pg=7,
책읽는곰,멜리,으쌰으쌰 당근,,오프라인/온라인,《으쌰으쌰 당근》 멜리 작가 강연,https://www.bearbooks.co.kr/support/lecture_view.php?code=lecture&bbs_idx=429&pg=7,https://search1.kakaocdn.net/thumb/R120x174.q85/?fname=http%3A%2F%2Ft1.daumcdn.net%2Flbook%2Fimage%2F5751505%3Ftimestamp%3D20260404124033
책읽는곰,고수진,먹구름 열차,,오프라인/온라인,《먹구름 열차》 고수진 작가 강연,https://www.bearbooks.co.kr/support/lecture_view.php?code=lecture&bbs_idx=428&pg=7,https://search1.kakaocdn.net/thumb/R120x174.q85/?fname=http%3A%2F%2Ft1.daumcdn.net%2Flbook%2Fimage%2F5616315%3Ftimestamp%3D20260522120714
책읽는곰,문명예,털털한 아롱이,,오프라인/온라인,《털털한 아롱이》 문명예 작가 강연,https://www.bearbooks.co.kr/support/lecture_view.php?code=lecture&bbs_idx=427&pg=7,https://search1.kakaocdn.net/thumb/R120x174.q85/?fname=http%3A%2F%2Ft1.daumcdn.net%2Flbook%2Fimage%2F5492183%3Ftimestamp%3D20230707174508
책읽는곰,문명예,봉숭아 통통통,,오프라인/온라인,《봉숭아 통통통》 문명예 작가 강연,https://www.bearbooks.co.kr/support/lecture_view.php?code=lecture&bbs_idx=426&pg=7,
책읽는곰,박민주,싸움말개,,오프라인/온라인,《싸움말개》 박민주 작가 강연,https://www.bearbooks.co.kr/support/lecture_view.php?code=lecture&bbs_idx=425&pg=8,
책읽는곰,빠요밍,뭐든지 뚝딱 만들기 처방전,,오프라인,《뭐든지 뚝딱 만들기 처방전》 빠요밍 작가 강연,https://www.bearbooks.co.kr/support/lecture_view.php?code=lecture&bbs_idx=424&pg=8,
책읽는곰,조혜란,밤바다로 해루질 가요!,,오프라인/온라인,《밤바다로 해루질 가요!》 조혜란 작가 강연,https://www.bearbooks.co.kr/support/lecture_view.php?code=lecture&bbs_idx=405&pg=8,
책읽는곰,김진희,유령 잡는 안경,,오프라인/온라인,《유령 잡는 안경》 김진희 작가 강연,https://www.bearbooks.co.kr/support/lecture_view.php?code=lecture&bbs_idx=404&pg=8,
책읽는곰,유설화,슈퍼 거북,,오프라인/온라인,"《슈퍼 거북》, 《슈퍼 토끼》 유설화 작가 강연",https://www.bearbooks.co.kr/support/lecture_view.php?code=lecture&bbs_idx=402&pg=8,https://search1.kakaocdn.net/thumb/R120x174.q85/?fname=http%3A%2F%2Ft1.daumcdn.net%2Flbook%2Fimage%2F1392150%3Ftimestamp%3D20260403110926
책읽는곰,서지현,귤이,,오프라인/온라인,《귤이》 서지현 작가 강연,https://www.bearbooks.co.kr/support/lecture_view.php?code=lecture&bbs_idx=399&pg=8,https://search1.kakaocdn.net/thumb/R120x174.q85/?fname=http%3A%2F%2Ft1.daumcdn.net%2Flbook%2Fimage%2F5666552%3Ftimestamp%3D20260522120843
책읽는곰,신민재,언니는 돼지야,,오프라인/온라인,《언니는 돼지야》 신민재 작가 강연,https://www.bearbooks.co.kr/support/lecture_view.php?code=lecture&bbs_idx=398&pg=8,https://search1.kakaocdn.net/thumb/R120x174.q85/?fname=http%3A%2F%2Ft1.daumcdn.net%2Flbook%2Fimage%2F3754185%3Ftimestamp%3D20250416120409
책읽는곰,한태희,열두 달 지하철 여행,,오프라인,《열두 달 지하철 여행》 한태희 작가 강연,https://www.bearbooks.co.kr/support/lecture_view.php?code=lecture&bbs_idx=361&pg=8,
책읽는곰,한태희,지도 펴고 세계 여행,,오프라인,《지도 펴고 세계 여행》 한태희 작가 강연,https://www.bearbooks.co.kr/support/lecture_view.php?code=lecture&bbs_idx=360&pg=8,
책읽는곰,한태희,우리 땅 기차 여행,,오프라인,《우리 땅 기차 여행》 한태희 작가 강연,https://www.bearbooks.co.kr/support/lecture_view.php?code=lecture&bbs_idx=359&pg=8,
책읽는곰,김유,겁보 만보,,오프라인/온라인,"《겁보 만보》, 《무적 말숙》, 《백점 백곰》 《최고 고봉》 김유 작가 강연",https://www.bearbooks.co.kr/support/lecture_view.php?code=lecture&bbs_idx=358&pg=9,
책읽는곰,김유,대단한 콧구멍,,오프라인/온라인,《대단한 콧구멍》 김유 작가 강연,https://www.bearbooks.co.kr/support/lecture_view.php?code=lecture&bbs_idx=357&pg=9,
책읽는곰,김유,라면 먹는 개,,오프라인/온라인,《라면 먹는 개》 김유 작가 강연,https://www.bearbooks.co.kr/support/lecture_view.php?code=lecture&bbs_idx=356&pg=9,
책읽는곰,유승희,불편한 이웃,,오프라인,《불편한 이웃》 유승희 작가 강연,https://www.bearbooks.co.kr/support/lecture_view.php?code=lecture&bbs_idx=355&pg=9,https://search1.kakaocdn.net/thumb/R120x174.q85/?fname=http%3A%2F%2Ft1.daumcdn.net%2Flbook%2Fimage%2F1581676%3Ftimestamp%3D20260521111326
책읽는곰,미소노,어서 와! 장풍아,,오프라인/온라인,《어서 와! 장풍아》 미소노 작가 강연,https://www.bearbooks.co.kr/support/lecture_view.php?code=lecture&bbs_idx=354&pg=9,
책읽는곰,최원형,라면을 먹으면 숲이 사라져,,오프라인/온라인,《라면을 먹으면 숲이 사라져》 최원형 작가 강연,https://www.bearbooks.co.kr/support/lecture_view.php?code=lecture&bbs_idx=353&pg=9,
책읽는곰,김다노,아홉 살 하다,,오프라인/온라인,"《아홉 살 하다》, 《하다와 황천행 돈가스》, 《열 살 하다》 김다노 작가 강연",https://www.bearbooks.co.kr/support/lecture_view.php?code=lecture&bbs_idx=352&pg=9,
책읽는곰,문명예,꽃점,,오프라인/온라인,《꽃점》 문명예 작가 강연,https://www.bearbooks.co.kr/support/lecture_view.php?code=lecture&bbs_idx=344&pg=9,https://search1.kakaocdn.net/thumb/R120x174.q85/?fname=http%3A%2F%2Ft1.daumcdn.net%2Flbook%2Fimage%2F5799324%3Ftimestamp%3D20250416161309
비룡소,강경수,괴물 푸코의 꼬마 요리법,학생,대면,"문학, 대면",https://bir.co.kr/lecturedb/151057/,
비룡소,이서현,시대의 아이콘,"일반, 교사, 학생",대면/비대면,"문학, 대면, 비대면",https://bir.co.kr/lecturedb/150817/,https://search1.kakaocdn.net/thumb/R120x174.q85/?fname=http%3A%2F%2Ft1.daumcdn.net%2Flbook%2Fimage%2F7261060%3Ftimestamp%3D20260716123311
비룡소,허정윤,불량 진주,"일반, 교사, 학생",대면/비대면,"문학, 대면, 비대면",https://bir.co.kr/lecturedb/150710/,
비룡소,김정민,담을 넘은 아이,학생,대면/비대면,"문학, 대면, 비대면",https://bir.co.kr/lecturedb/150690/,
비룡소,강정연,건방진 도도 군,학생,대면,"문학, 대면",https://bir.co.kr/lecturedb/150687/,
비룡소,박주혜,변신돼지,학생,대면/비대면,"문학, 대면, 비대면",https://bir.co.kr/lecturedb/150685/,
비룡소,안소민,"너도 맞고, 나도 맞아!",학생,대면/비대면,"문학, 대면, 비대면",https://bir.co.kr/lecturedb/148811/,
비룡소,정주영,몬스터 캠핑장,유치부/저학년/중학년,대면/비대면,"문학, 대면, 비대면",https://bir.co.kr/lecturedb/148772/,
비룡소,설상록,호랑이를 부탁해,초등,대면/비대면,"문학, 대면, 비대면",https://bir.co.kr/lecturedb/148613/,
비룡소,이사랏,내 친구 브로리,유아 / 초등 저학년,대면,"문학, 대면",https://bir.co.kr/lecturedb/148542/,
비룡소,김은아,"나, 꽃으로 태어났어",학부모/교사/성인,대면/비대면,"교육, 대면, 비대면",https://bir.co.kr/lecturedb/148371/,
비룡소,루리,메피스토,초등 / 청소년 / 성인,대면/비대면,"문학, 대면, 비대면",https://bir.co.kr/lecturedb/148369/,
비룡소,선시야,아이스크림 탐정,유아 / 초등 저학년 / 중학년,대면/비대면,"문학, 대면, 비대면",https://bir.co.kr/lecturedb/148272/,
비룡소,이소영,"자, 맡겨 주세요!",유아 / 초등,대면/비대면,"문학, 대면, 비대면",https://bir.co.kr/lecturedb/148117/,
비룡소,홍주연,더위 타는 감자 할멈,유아 / 초등 저학년,대면/비대면,"문학, 대면, 비대면",https://bir.co.kr/lecturedb/148115/,
비룡소,우신영,언제나 다정 죽집,저학년 / 고학년,대면/비대면,"문학, 대면, 비대면",https://bir.co.kr/lecturedb/148032/,
비룡소,이희정,천하제일 치킨 쇼,유치부 / 저학년 / 고학년,대면/비대면,"문학, 대면, 비대면",https://bir.co.kr/lecturedb/148029/,
비룡소,김순현,치코,유아 / 초등 / 중등,대면/비대면,"문학, 대면, 비대면",https://bir.co.kr/lecturedb/146022/,
비룡소,김예은,떼굴떼굴 사르르 사르르,유아 / 초등 저학년,대면/비대면,"문학, 대면, 비대면",https://bir.co.kr/lecturedb/145987/,
비룡소,황이경,멸망에 투자하세요,초등 고학년 / 중등 / 고등부,대면,"문학, 대면",https://bir.co.kr/lecturedb/145948/,
비룡소,소연,갑자기 악어 아빠,초등 / 교사 / 일반,대면/비대면,"인문, 대면, 비대면",https://bir.co.kr/lecturedb/145437/,
비룡소,차율이,미지의 파랑_ 소울메이트를 찾아서,초등,대면/비대면,"인문, 대면, 비대면",https://bir.co.kr/lecturedb/145131/,
비룡소,장희정,찾기 대장 김지우,초등/교사/일반,대면/비대면,"인문, 대면, 비대면",https://bir.co.kr/lecturedb/145053/,
비룡소,김두경,옷산 수색대,초등 고학년/일반,대면/비대면,"인문, 대면, 비대면",https://bir.co.kr/lecturedb/145051/,
비룡소,길상효,깊은 밤 필통 안에서,초등 저·중학년/성인,대면/비대면,"인문, 대면, 비대면",https://bir.co.kr/lecturedb/145049/,
비룡소,주봄,엉뚱한 기자 김방구,유아/초등,대면/비대면,"인문, 대면, 비대면",https://bir.co.kr/lecturedb/145047/,
비룡소,김은영,보이니?,초등,대면/비대면,"인문, 대면, 비대면",https://bir.co.kr/lecturedb/145045/,
비룡소,이현주,룰루 랄라의 냠냠 달쿠키,유아/초등 저학년,대면/비대면,"인문, 대면, 비대면",https://bir.co.kr/lecturedb/145042/,
비룡소,이윤우,할머니와 하얀 집,초등,대면/비대면,"인문, 대면, 비대면",https://bir.co.kr/lecturedb/145040/,https://search1.kakaocdn.net/thumb/R120x174.q85/?fname=http%3A%2F%2Ft1.daumcdn.net%2Flbook%2Fimage%2F614062%3Ftimestamp%3D20251129110916
비룡소,김정훈,유전과 DNA,초등,대면/비대면,"과학, 대면, 비대면",https://bir.co.kr/lecturedb/145038/,
비룡소,이은희,하리하라의 과학 배틀,중·고등/성인,대면/비대면,"과학, 대면, 비대면",https://bir.co.kr/lecturedb/143473/,
비룡소,모세영,막손이 두부,초등 고학년,대면/비대면,"역사, 문학, 대면, 비대면",https://bir.co.kr/lecturedb/142963/,
비룡소,신동섭,검은 여우를 키우는 소년,초등 고학년,대면/비대면,"역사, 문학, 대면, 비대면",https://bir.co.kr/lecturedb/142960/,
비룡소,이정아,과학 개념 연구소 1 물질 · 생명,유아/초등,대면/비대면,"과학, 대면, 비대면",https://bir.co.kr/lecturedb/142661/,
비룡소,강인송,소곤소곤 회장,유아/초등 저학년,대면/비대면,"인문, 대면, 비대면",https://bir.co.kr/lecturedb/139709/,
비룡소,유소정,그리고 펌킨맨이 나타났다,초등,대면/비대면,"인문, 대면, 비대면",https://bir.co.kr/lecturedb/138541/,
비룡소,황선애,오리 부리 이야기,초등,대면/비대면,"인문, 대면, 비대면",https://bir.co.kr/lecturedb/134497/,
비룡소,정진호,벽,초등 3학년~,대면/비대면,"인문, 대면, 비대면",https://bir.co.kr/lecturedb/134487/,
비룡소,김경희,괜찮아 아저씨,유아/초등 저학년,대면/비대면,"인문, 대면, 비대면",https://bir.co.kr/lecturedb/134489/,
비룡소,이수지,여름이 온다,"일반, 교사, 학생",대면/비대면,"문학, 대면, 비대면",https://bir.co.kr/lecturedb/134478/,
비룡소,이분희,한밤중 달빛 식당,초등 중·고학년,대면/비대면,"인문, 대면, 비대면",https://bir.co.kr/lecturedb/134479/,
비룡소,임은하,복제인간 윤봉구,초등 중·고학년/일반/교사,대면/비대면,"인문, 철학, 대면, 비대면",https://bir.co.kr/lecturedb/134475/,
비룡소,이옥수,"나는, K다",학생/교사/일반,대면/비대면,"인문, 대면, 비대면",https://bir.co.kr/lecturedb/132589/,https://search1.kakaocdn.net/thumb/R120x174.q85/?fname=http%3A%2F%2Ft1.daumcdn.net%2Flbook%2Fimage%2F5118296%3Ftimestamp%3D20240920135419
비룡소,천효정,건방이의 초강력 수련기 1,초등/일반,대면/비대면,"인문, 대면, 비대면",https://bir.co.kr/lecturedb/132588/,
비룡소,유은실,순례 주택,학생/교사,대면/비대면,"인문, 대면, 비대면",https://bir.co.kr/lecturedb/132587/,https://search1.kakaocdn.net/thumb/R120x174.q85/?fname=http%3A%2F%2Ft1.daumcdn.net%2Flbook%2Fimage%2F5619291%3Ftimestamp%3D20260314121655
비룡소,최은옥,칠판에 딱 붙은 아이들,초등,대면/비대면,"인문, 대면, 비대면",https://bir.co.kr/lecturedb/132586/,
비룡소,소중애,김수한무 거북이와 두루미 삼천갑자 동방삭,일반/교사/학생,대면/비대면,"인문, 대면, 비대면",https://bir.co.kr/lecturedb/132585/,
비룡소,김혜정,맞아 언니 상담소,초등 고학년/중·고등,대면/비대면,"인문, 대면, 비대면",https://bir.co.kr/lecturedb/132584/,
비룡소,김미혜,신발 귀신 앙괭이의 설날,유아/초등/일반/교사,대면/비대면,"인문, 대면, 비대면",https://bir.co.kr/lecturedb/132583/,
비룡소,김남중,나는 바람이다 1. 빨간 수염 사나이 하멜,초등 고학년/중·고등/일반,대면/비대면,"문학, 대면, 비대면",https://bir.co.kr/lecturedb/132580/,
비룡소,김리리,만복이네 떡집,초등/일반/교사,대면/비대면,"인문, 대면, 비대면",https://bir.co.kr/lecturedb/132570/,
사계절,김솔미,"앗, 이런 방법이! 그리기 사전",어린이,,"[어린이] 김솔미 | 앗, 이런 방법이! 그리기 사전",https://www.sakyejul.co.kr/bbs/m/mcb_data_view.php?type=mcb&ep=ep993587793575e55ff04653&gp=all&item=md16123335876a7d004b60b06,
사계절,김윤하,생태계 위기에서 바나나 우유를 지키려면?,"어린이, 성인",,"[어린이, 성인] 김윤하 | 생태계 위기에서 바나나 우유를 지키려면?",https://www.sakyejul.co.kr/bbs/m/mcb_data_view.php?type=mcb&ep=ep993587793575e55ff04653&gp=all&item=md14515530406a7cfff427946,
사계절,박성호,"매미, 여름 내내 무슨 일이 있었을까?","어린이, 성인",,"[어린이, 성인] 박성호 | 매미, 여름 내내 무슨 일이 있었을까?",https://www.sakyejul.co.kr/bbs/m/mcb_data_view.php?type=mcb&ep=ep993587793575e55ff04653&gp=all&item=md2157733786a7cffb84d723,
사계절,이혜영,"갯벌, 무슨 일이 일어나고 있을까?","어린이, 성인",,"[어린이, 성인] 이혜영 | 갯벌, 무슨 일이 일어나고 있을까?",https://www.sakyejul.co.kr/bbs/m/mcb_data_view.php?type=mcb&ep=ep993587793575e55ff04653&gp=all&item=md19201080316a7cff7684581,
사계절,김현주,"공정한 과학 기술, 누구도 차별하면 안 돼요","어린이, 성인",,"[어린이, 성인] 김현주 | 공정한 과학 기술, 누구도 차별하면 안 돼요",https://www.sakyejul.co.kr/bbs/m/mcb_data_view.php?type=mcb&ep=ep993587793575e55ff04653&gp=all&item=md6654803946a7cfdde23f22,
사계절,김선정,오늘도 호라는 라라라,"성인, 어린이",,"[성인, 어린이] 김선정｜오늘도 호라는 라라라",https://www.sakyejul.co.kr/bbs/m/mcb_data_view.php?type=mcb&ep=ep993587793575e55ff04653&gp=all&item=md6381196036a7c2f4ad7377,
사계절,황지영,숨겨진 아이들,"성인, 어린이",,"[성인, 어린이] 황지영｜숨겨진 아이들",https://www.sakyejul.co.kr/bbs/m/mcb_data_view.php?type=mcb&ep=ep993587793575e55ff04653&gp=all&item=md6739108366a7c2ee9e8a02,https://search1.kakaocdn.net/thumb/R120x174.q85/?fname=http%3A%2F%2Ft1.daumcdn.net%2Flbook%2Fimage%2F7192304%3Ftimestamp%3D20260409124635
사계절,이안,네모 코끼리 전시회,"성인, 어린이",,"[성인, 어린이] 이안｜네모 코끼리 전시회",https://www.sakyejul.co.kr/bbs/m/mcb_data_view.php?type=mcb&ep=ep993587793575e55ff04653&gp=all&item=md16253417276a7c2eb22ddb1,
사계절,이빛,우리 동네 줍기 철학자,어린이,,[어린이] 이빛｜우리 동네 줍기 철학자,https://www.sakyejul.co.kr/bbs/m/mcb_data_view.php?type=mcb&ep=ep993587793575e55ff04653&gp=all&item=md9773812336a7c2dfcd0cc4,
사계절,지영우,우렁 공주,"유아, 어린이, 성인",,"[유아, 어린이, 성인] 지영우｜우렁 공주",https://www.sakyejul.co.kr/bbs/m/mcb_data_view.php?type=mcb&ep=ep993587793575e55ff04653&gp=all&item=md682899526a7c2d847805d,https://search1.kakaocdn.net/thumb/R120x174.q85/?fname=http%3A%2F%2Ft1.daumcdn.net%2Flbook%2Fimage%2F7176187%3Ftimestamp%3D20260827124613
사계절,김상근,동굴 안에 뭐야?,"유아, 어린이, 성인",,"[유아, 어린이, 성인] 김상근｜동굴 안에 뭐야?",https://www.sakyejul.co.kr/bbs/m/mcb_data_view.php?type=mcb&ep=ep993587793575e55ff04653&gp=all&item=md21381107416a7c2d3db1eb6,https://search1.kakaocdn.net/thumb/R120x174.q85/?fname=http%3A%2F%2Ft1.daumcdn.net%2Flbook%2Fimage%2F5531791%3Ftimestamp%3D20260215120242
사계절,김상근,가방 안에 뭐야?,"유아, 어린이, 성인",,"[유아, 어린이, 성인] 김상근｜가방 안에 뭐야?",https://www.sakyejul.co.kr/bbs/m/mcb_data_view.php?type=mcb&ep=ep993587793575e55ff04653&gp=all&item=md20757231846a7c2ca51d15a,
사계절,김복희·이명애,세상에서 가장 멋진 새,"성인, 어린이",,"[성인, 어린이] 김복희·이명애｜세상에서 가장 멋진 새",https://www.sakyejul.co.kr/bbs/m/mcb_data_view.php?type=mcb&ep=ep993587793575e55ff04653&gp=all&item=md9632288826a7c2c060f4a5,
사계절,여서윤,너에게 들려주고 싶은 노래가 있어,"유아, 어린이, 성인",,"[유아, 어린이, 성인] 여서윤｜너에게 들려주고 싶은 노래가 있어",https://www.sakyejul.co.kr/bbs/m/mcb_data_view.php?type=mcb&ep=ep993587793575e55ff04653&gp=all&item=md7721075726a7c2bb987871,https://search1.kakaocdn.net/thumb/R120x174.q85/?fname=http%3A%2F%2Ft1.daumcdn.net%2Flbook%2Fimage%2F7216612%3Ftimestamp%3D20260515122535
사계절,한연진,또야또 토마토,어린이,,[어린이] 한연진｜또야또 토마토,https://www.sakyejul.co.kr/bbs/m/mcb_data_view.php?type=mcb&ep=ep993587793575e55ff04653&gp=all&item=md4075701586a7c2b739eae4,
사계절,김효정,고양이가 커진 날,성인,,[성인] 김효정｜고양이가 커진 날,https://www.sakyejul.co.kr/bbs/m/mcb_data_view.php?type=mcb&ep=ep993587793575e55ff04653&gp=all&item=md2416936856a7c1e6a5c937,
사계절,소복이,연이 이야기,"성인, 어린이",,"[성인, 어린이] 소복이｜연이 이야기",https://www.sakyejul.co.kr/bbs/m/mcb_data_view.php?type=mcb&ep=ep993587793575e55ff04653&gp=all&item=md15374050536a7c1ac4ba784,https://search1.kakaocdn.net/thumb/R120x174.q85/?fname=http%3A%2F%2Ft1.daumcdn.net%2Flbook%2Fimage%2F7250645%3Ftimestamp%3D20260701151459
사계절,남예은,굿나잇 헤어살롱,"청소년, 성인",,"[청소년, 성인] 남예은｜굿나잇 헤어살롱",https://www.sakyejul.co.kr/bbs/m/mcb_data_view.php?type=mcb&ep=ep993587793575e55ff04653&gp=all&item=md18877951426a67098ccc277,
사계절,노고유,사라질 소행성,"청소년, 성인",,"[청소년, 성인] 노고유｜사라질 소행성",https://www.sakyejul.co.kr/bbs/m/mcb_data_view.php?type=mcb&ep=ep993587793575e55ff04653&gp=all&item=md5105832756a6708b15751b,
사계절,남지민,사라질 소행성,"청소년, 성인",,"[청소년, 성인] 남지민｜사라질 소행성",https://www.sakyejul.co.kr/bbs/m/mcb_data_view.php?type=mcb&ep=ep993587793575e55ff04653&gp=all&item=md14764023896a6005784cc6a,
사계절,조은오,사라질 소행성,"청소년, 성인",,"[청소년, 성인] 조은오｜사라질 소행성",https://www.sakyejul.co.kr/bbs/m/mcb_data_view.php?type=mcb&ep=ep993587793575e55ff04653&gp=all&item=md7775435286a6004079ffb7,
사계절,오영민,사라질 소행성,"청소년, 성인",,"[청소년, 성인] 오영민｜사라질 소행성",https://www.sakyejul.co.kr/bbs/m/mcb_data_view.php?type=mcb&ep=ep993587793575e55ff04653&gp=all&item=md9288093316a60034c9591a,
사계절,조경희,낯선 집,"청소년, 성인",,"[청소년, 성인] 조경희｜낯선 집",https://www.sakyejul.co.kr/bbs/m/mcb_data_view.php?type=mcb&ep=ep993587793575e55ff04653&gp=all&item=md949146946a6002883cdc1,
사계절,김신정,윤동주의 오래된 노트,"청소년, 성인",,"[청소년, 성인] 김신정｜윤동주의 오래된 노트",https://www.sakyejul.co.kr/bbs/m/mcb_data_view.php?type=mcb&ep=ep993587793575e55ff04653&gp=all&item=md18723732026a60017e53e3b,
사계절,짱똘,모여라! 퀴어 청소년,"청소년, 성인",,"[청소년, 성인] 짱똘｜모여라! 퀴어 청소년",https://www.sakyejul.co.kr/bbs/m/mcb_data_view.php?type=mcb&ep=ep993587793575e55ff04653&gp=all&item=md350839236a5fff5b91bd7,
사계절,조성문,내일도 지구에서 신나게 지내려면,"어린이, 성인",,"[어린이, 성인] 조성문 | 내일도 지구에서 신나게 지내려면",https://www.sakyejul.co.kr/bbs/m/mcb_data_view.php?type=mcb&ep=ep993587793575e55ff04653&gp=all&item=md1417795636698af9c07b2bb,
사계절,이은희,어른이 된다는 것,"어린이, 청소년, 성인",,"[어린이, 청소년, 성인] 이은희 | 어른이 된다는 것",https://www.sakyejul.co.kr/bbs/m/mcb_data_view.php?type=mcb&ep=ep993587793575e55ff04653&gp=all&item=md1313288080698af9603ccb6,
사계절,김용관,컵라면에도 알고리즘이 필요하다고?,"어린이, 성인",,"[어린이, 성인] 김용관 | 컵라면에도 알고리즘이 필요하다고?",https://www.sakyejul.co.kr/bbs/m/mcb_data_view.php?type=mcb&ep=ep993587793575e55ff04653&gp=all&item=md1031026305698af8c1c98bd,
사계절,이수진,현진에게,"어린이, 성인",,"[어린이, 성인] 이수진｜현진에게",https://www.sakyejul.co.kr/bbs/m/mcb_data_view.php?type=mcb&ep=ep993587793575e55ff04653&gp=all&item=md1793954965698af1d03f795,
사계절,김혜진,가느다란 마법사와 종이접기 천재,"어린이, 성인",,"[어린이, 성인] 김혜진｜가느다란 마법사와 종이접기 천재",https://www.sakyejul.co.kr/bbs/m/mcb_data_view.php?type=mcb&ep=ep993587793575e55ff04653&gp=all&item=md1109404429698af18621782,
사계절,박나현,구 선생 구구,어린이,,[어린이] 박나현｜구 선생 구구,https://www.sakyejul.co.kr/bbs/m/mcb_data_view.php?type=mcb&ep=ep993587793575e55ff04653&gp=all&item=md566532555698af1490a9dc,
사계절,정지연,다정한 산책,"어린이, 성인",,"[어린이, 성인] 정지연｜다정한 산책",https://www.sakyejul.co.kr/bbs/m/mcb_data_view.php?type=mcb&ep=ep993587793575e55ff04653&gp=all&item=md908967654698af108ce7c4,
사계절,정승,눈사람 만들기 공식,"유아, 어린이",,"[유아, 어린이] 정승｜눈사람 만들기 공식",https://www.sakyejul.co.kr/bbs/m/mcb_data_view.php?type=mcb&ep=ep993587793575e55ff04653&gp=all&item=md43716329698af0bd9f02c,
사계절,김지영,내 보물 ㅎㅎㅎ,"유아, 어린이",,"[유아, 어린이] 김지영｜내 보물 ㅎㅎㅎ",https://www.sakyejul.co.kr/bbs/m/mcb_data_view.php?type=mcb&ep=ep993587793575e55ff04653&gp=all&item=md389524950698af07b1a005,https://search1.kakaocdn.net/thumb/R120x174.q85/?fname=http%3A%2F%2Ft1.daumcdn.net%2Flbook%2Fimage%2F7060981%3Ftimestamp%3D20260528150645
사계절,문부일,국경을 넘은 소년,"어린이, 성인",,"[어린이, 성인] 문부일｜국경을 넘은 소년",https://www.sakyejul.co.kr/bbs/m/mcb_data_view.php?type=mcb&ep=ep993587793575e55ff04653&gp=all&item=md1970048257698af0056c374,
사계절,차율이,전설의 콩알 사또,어린이,,[어린이] 차율이｜전설의 콩알 사또,https://www.sakyejul.co.kr/bbs/m/mcb_data_view.php?type=mcb&ep=ep993587793575e55ff04653&gp=all&item=md2096655996698aefb3cd6ca,
사계절,최나미,천사를 미워해도 되나요?,어린이,,[어린이] 최나미｜천사를 미워해도 되나요?,https://www.sakyejul.co.kr/bbs/m/mcb_data_view.php?type=mcb&ep=ep993587793575e55ff04653&gp=all&item=md144766303698aef008759f,https://search1.kakaocdn.net/thumb/R120x174.q85/?fname=http%3A%2F%2Ft1.daumcdn.net%2Flbook%2Fimage%2F7156896%3Ftimestamp%3D20260220121644
사계절,현민경,어느 날 밤하늘을 탈탈탈 털었더니,"유아, 어린이, 성인",,"[유아, 어린이, 성인] 현민경｜어느 날 밤하늘을 탈탈탈 털었더니",https://www.sakyejul.co.kr/bbs/m/mcb_data_view.php?type=mcb&ep=ep993587793575e55ff04653&gp=all&item=md1797587542698aeeac63498,
사계절,정진호,호선생전,어린이,,[어린이] 정진호｜호선생전,https://www.sakyejul.co.kr/bbs/m/mcb_data_view.php?type=mcb&ep=ep993587793575e55ff04653&gp=all&item=md1892750147698aee6ae9bb2,
사계절,문지나,겨울빛,"어린이, 성인",,"[어린이, 성인] 문지나｜겨울빛",https://www.sakyejul.co.kr/bbs/m/mcb_data_view.php?type=mcb&ep=ep993587793575e55ff04653&gp=all&item=md1650591954698aedb2a05b4,
사계절,채기성,못갖춘마디,"청소년, 성인",,"[청소년, 성인] 채기성｜못갖춘마디",https://www.sakyejul.co.kr/bbs/m/mcb_data_view.php?type=mcb&ep=ep993587793575e55ff04653&gp=all&item=md169422206769717042c8cc6,https://search1.kakaocdn.net/thumb/R120x174.q85/?fname=http%3A%2F%2Ft1.daumcdn.net%2Flbook%2Fimage%2F7060802%3Ftimestamp%3D20260513150516
사계절,김중미,엄마만 남은 김미자,"청소년, 성인",,"[청소년, 성인] 김중미｜엄마만 남은 김미자",https://www.sakyejul.co.kr/bbs/m/mcb_data_view.php?type=mcb&ep=ep993587793575e55ff04653&gp=all&item=md203883716269716e7d2c37e,
사계절,윤유경,전국 언론 자랑,"청소년, 성인",,"[청소년, 성인] 윤유경｜전국 언론 자랑",https://www.sakyejul.co.kr/bbs/m/mcb_data_view.php?type=mcb&ep=ep993587793575e55ff04653&gp=all&item=md10646570506968689a6b0e8,
사계절,이주연,티무르 승전기,"청소년, 성인",,"[청소년, 성인] 이주연｜티무르 승전기",https://www.sakyejul.co.kr/bbs/m/mcb_data_view.php?type=mcb&ep=ep993587793575e55ff04653&gp=all&item=md764258799696866632784e,
사계절,김혜정,이 망할 열네 살,"청소년, 성인",,"[청소년, 성인] 김혜정｜이 망할 열네 살",https://www.sakyejul.co.kr/bbs/m/mcb_data_view.php?type=mcb&ep=ep993587793575e55ff04653&gp=all&item=md2613909236968517040724,https://search1.kakaocdn.net/thumb/R120x174.q85/?fname=http%3A%2F%2Ft1.daumcdn.net%2Flbook%2Fimage%2F7131711%3Ftimestamp%3D20260401124414
사계절,이금이,슬픔의 틈새,"청소년, 성인",,"[청소년, 성인] 이금이｜슬픔의 틈새",https://www.sakyejul.co.kr/bbs/m/mcb_data_view.php?type=mcb&ep=ep993587793575e55ff04653&gp=all&item=md865502831689a9f723e664,
사계절,박윤선,뿌뿌는 어디에나 있어,"어린이, 성인",,"[어린이, 성인] 박윤선｜뿌뿌는 어디에나 있어",https://www.sakyejul.co.kr/bbs/m/mcb_data_view.php?type=mcb&ep=ep993587793575e55ff04653&gp=all&item=md11507325196895787c13ed1,
사계절,함민복,내 눈에 무지개가 떴다,"어린이, 성인",,"[어린이, 성인] 함민복｜내 눈에 무지개가 떴다",https://www.sakyejul.co.kr/bbs/m/mcb_data_view.php?type=mcb&ep=ep993587793575e55ff04653&gp=all&item=md228508606689578526a2d0,
사계절,고재현,책방거리 수사대 2: 적자 독살의 비밀,"어린이, 성인",,"[어린이, 성인] 고재현｜책방거리 수사대 2: 적자 독살의 비밀",https://www.sakyejul.co.kr/bbs/m/mcb_data_view.php?type=mcb&ep=ep993587793575e55ff04653&gp=all&item=md1745538116689577ecc30ba,
사계절,송라음,곤충 탐정 강충: 사라진 고양이 체다를 찾아라,"어린이, 성인",,"[어린이, 성인] 송라음｜곤충 탐정 강충: 사라진 고양이 체다를 찾아라",https://www.sakyejul.co.kr/bbs/m/mcb_data_view.php?type=mcb&ep=ep993587793575e55ff04653&gp=all&item=md19246385366895781d46f38,
사계절,김민경,날마다 놀아도,"어린이, 성인",,"[어린이, 성인] 김민경｜날마다 놀아도",https://www.sakyejul.co.kr/bbs/m/mcb_data_view.php?type=mcb&ep=ep993587793575e55ff04653&gp=all&item=md2097397470689577c403bd4,https://search1.kakaocdn.net/thumb/R120x174.q85/?fname=http%3A%2F%2Ft1.daumcdn.net%2Flbook%2Fimage%2F6972352%3Ftimestamp%3D20251017143519
사계절,안미란,다랑이 마을에 어서 와!,"어린이, 성인",,"[어린이, 성인] 안미란｜다랑이 마을에 어서 와!",https://www.sakyejul.co.kr/bbs/m/mcb_data_view.php?type=mcb&ep=ep993587793575e55ff04653&gp=all&item=md20225910368957796ac612,
사계절,이지현,레스토랑 핑크,"어린이, 청소년, 성인",,"[어린이, 청소년, 성인] 이지현｜레스토랑 핑크",https://www.sakyejul.co.kr/bbs/m/mcb_data_view.php?type=mcb&ep=ep993587793575e55ff04653&gp=all&item=md6626452166895776cc2c3e,
사계절,이명애,플라스틱 섬,"어린이, 청소년, 성인",,"[어린이, 청소년, 성인] 이명애｜플라스틱 섬",https://www.sakyejul.co.kr/bbs/m/mcb_data_view.php?type=mcb&ep=ep993587793575e55ff04653&gp=all&item=md15008892756895773e2c404,
사계절,김혜진,심부름을 가요,"유아, 어린이",,"[유아, 어린이] 김혜진｜심부름을 가요",https://www.sakyejul.co.kr/bbs/m/mcb_data_view.php?type=mcb&ep=ep993587793575e55ff04653&gp=all&item=md5617002316895770c778d3,
사계절,정승,모래성 쌓기 공식,"유아, 어린이",,"[유아, 어린이] 정승｜모래성 쌓기 공식",https://www.sakyejul.co.kr/bbs/m/mcb_data_view.php?type=mcb&ep=ep993587793575e55ff04653&gp=all&item=md1244106232689576cf9bf50,https://search1.kakaocdn.net/thumb/R120x174.q85/?fname=http%3A%2F%2Ft1.daumcdn.net%2Flbook%2Fimage%2F6893636%3Ftimestamp%3D20260306123917
사계절,한지원,면봉이라서,"어린이, 성인",,"[어린이, 성인] 한지원｜면봉이라서",https://www.sakyejul.co.kr/bbs/m/mcb_data_view.php?type=mcb&ep=ep993587793575e55ff04653&gp=all&item=md50885788768957672e2ae6,https://search1.kakaocdn.net/thumb/R120x174.q85/?fname=http%3A%2F%2Ft1.daumcdn.net%2Flbook%2Fimage%2F6995205%3Ftimestamp%3D20260212121643
사계절,주봄,"소년의 사생활, 더 멋진 내가 되는 법","어린이, 성인",,"[어린이, 성인] 주봄 | 소년의 사생활, 더 멋진 내가 되는 법",https://www.sakyejul.co.kr/bbs/m/mcb_data_view.php?type=mcb&ep=ep993587793575e55ff04653&gp=all&item=md21204624116879eb2c242a6,
사계절,김미연,시간 속의 너에게,청소년,,[청소년] 김미연｜시간 속의 너에게,https://www.sakyejul.co.kr/bbs/m/mcb_data_view.php?type=mcb&ep=ep993587793575e55ff04653&gp=all&item=md5680013196879e96446899,
사계절,박권일,우리가 기다린 건 바로 우리다,성인,,[성인] 박권일 | 우리가 기다린 건 바로 우리다,https://www.sakyejul.co.kr/bbs/m/mcb_data_view.php?type=mcb&ep=ep993587793575e55ff04653&gp=all&item=md5726028986879e8bd11bec,
사계절,강창훈,새로 쓴 아틀라스 세계사,"청소년, 성인",,"[청소년, 성인] 강창훈｜새로 쓴 아틀라스 세계사",https://www.sakyejul.co.kr/bbs/m/mcb_data_view.php?type=mcb&ep=ep993587793575e55ff04653&gp=all&item=md5874593396879da305e669,
사계절,함세정,나를 발견하는 인류학 수업,"청소년, 성인",,"[청소년, 성인] 함세정｜나를 발견하는 인류학 수업",https://www.sakyejul.co.kr/bbs/m/mcb_data_view.php?type=mcb&ep=ep993587793575e55ff04653&gp=all&item=md1770822336879d855d4300,
사계절,남유하,오늘이 내일이면 좋겠다,성인,,[성인] 남유하｜오늘이 내일이면 좋겠다,https://www.sakyejul.co.kr/bbs/m/mcb_data_view.php?type=mcb&ep=ep993587793575e55ff04653&gp=all&item=md10529882116879d6b1dd197,
사계절,김나은,아가미에 손을 넣으면,"청소년, 성인",,"[청소년, 성인] 김나은｜아가미에 손을 넣으면",https://www.sakyejul.co.kr/bbs/m/mcb_data_view.php?type=mcb&ep=ep993587793575e55ff04653&gp=all&item=md16386075616879d53c541da,
사계절,김경윤,"노자, 가파도에 가다","청소년, 성인",,"[청소년, 성인] 김경윤｜노자, 가파도에 가다",https://www.sakyejul.co.kr/bbs/m/mcb_data_view.php?type=mcb&ep=ep993587793575e55ff04653&gp=all&item=md10595943346879d431ec3db,
사계절,조은오,지구인은 205마크입니다,"청소년, 성인",,"[청소년, 성인] 조은오｜지구인은 205마크입니다",https://www.sakyejul.co.kr/bbs/m/mcb_data_view.php?type=mcb&ep=ep993587793575e55ff04653&gp=all&item=md6842143606879b10cec620,https://search1.kakaocdn.net/thumb/R120x174.q85/?fname=http%3A%2F%2Ft1.daumcdn.net%2Flbook%2Fimage%2F6893843%3Ftimestamp%3D20250521222211
사계절,최태규,도시의 동물들,"청소년, 성인",,"[청소년, 성인] 최태규｜도시의 동물들",https://www.sakyejul.co.kr/bbs/m/mcb_data_view.php?type=mcb&ep=ep993587793575e55ff04653&gp=all&item=md18723080836879ab4d983e2,
사계절,김상태,우리가 처음 사피엔스였을 때,"청소년, 성인",,"[청소년, 성인] 김상태｜우리가 처음 사피엔스였을 때",https://www.sakyejul.co.kr/bbs/m/mcb_data_view.php?type=mcb&ep=ep993587793575e55ff04653&gp=all&item=md28986460667aaabb92e4d7,
사계절,이옥수,푸른 사다리,"청소년, 성인",,"[청소년, 성인] 이옥수｜푸른 사다리",https://www.sakyejul.co.kr/bbs/m/mcb_data_view.php?type=mcb&ep=ep993587793575e55ff04653&gp=all&item=md14728059367aaab372ffc7,https://search1.kakaocdn.net/thumb/R120x174.q85/?fname=http%3A%2F%2Ft1.daumcdn.net%2Flbook%2Fimage%2F6791893%3Ftimestamp%3D20250528150024
사계절,이경주,갤럭시 바이크,"청소년, 성인",,"[청소년, 성인] 이경주｜갤럭시 바이크",https://www.sakyejul.co.kr/bbs/m/mcb_data_view.php?type=mcb&ep=ep993587793575e55ff04653&gp=all&item=md12510249967aaaa7651d69,
사계절,김용관,짜장면 곱빼기에 수학이 들어 있다고?,"어린이, 성인",,"[어린이, 성인] 김용관｜짜장면 곱빼기에 수학이 들어 있다고?",https://www.sakyejul.co.kr/bbs/m/mcb_data_view.php?type=mcb&ep=ep993587793575e55ff04653&gp=all&item=md41684494767a3fbdc6d426,
사계절,류호선,언제나 내 이름,"어린이, 성인",,"[어린이, 성인] 류호선｜언제나 내 이름",https://www.sakyejul.co.kr/bbs/m/mcb_data_view.php?type=mcb&ep=ep993587793575e55ff04653&gp=all&item=md65309663667a3fb0786017,
사계절,오주영,낭만 복숭아,"어린이, 성인",,"[어린이, 성인] 오주영｜낭만 복숭아",https://www.sakyejul.co.kr/bbs/m/mcb_data_view.php?type=mcb&ep=ep993587793575e55ff04653&gp=all&item=md213887067567a3faa1309e4,
사계절,김성운,행운이 구르는 속도,"어린이, 성인",,"[어린이, 성인] 김성운｜행운이 구르는 속도",https://www.sakyejul.co.kr/bbs/m/mcb_data_view.php?type=mcb&ep=ep993587793575e55ff04653&gp=all&item=md142654120267a3f9fbc278f,
사계절,서현·소복이·한성민,멋진 민주 단어,"어린이, 청소년, 성인",,"[어린이, 청소년, 성인] 서현·소복이·한성민｜멋진 민주 단어",https://www.sakyejul.co.kr/bbs/m/mcb_data_view.php?type=mcb&ep=ep993587793575e55ff04653&gp=all&item=md167731995667a3f903012d9,
사계절,한연진,호호호호박,"유아, 어린이, 성인",,"[유아, 어린이, 성인] 한연진｜호호호호박",https://www.sakyejul.co.kr/bbs/m/mcb_data_view.php?type=mcb&ep=ep993587793575e55ff04653&gp=all&item=md120087961567a3f84ff0859,
사계절,지영우,달꽃 밥상,"유아, 어린이, 성인",,"[유아, 어린이, 성인] 지영우｜달꽃 밥상",https://www.sakyejul.co.kr/bbs/m/mcb_data_view.php?type=mcb&ep=ep993587793575e55ff04653&gp=all&item=md106839021467a32b050e6d4,
사계절,류호선,언제나 빨리빨리,"어린이, 성인",,"[어린이, 성인] 류호선｜언제나 빨리빨리",https://www.sakyejul.co.kr/bbs/m/mcb_data_view.php?type=mcb&ep=ep993587793575e55ff04653&gp=all&item=md49639555067a1c01c4c30b,
사계절,심윤경,단짝 친구 차지하기 대작전,성인,,[성인] 심윤경｜단짝 친구 차지하기 대작전,https://www.sakyejul.co.kr/bbs/m/mcb_data_view.php?type=mcb&ep=ep993587793575e55ff04653&gp=all&item=md154753218967a1bfb385a03,
사계절,강인송,"알로하, 파!","어린이, 성인",,"[어린이, 성인] 강인송｜알로하, 파!",https://www.sakyejul.co.kr/bbs/m/mcb_data_view.php?type=mcb&ep=ep993587793575e55ff04653&gp=all&item=md89181783767a1bf69539ad,https://search1.kakaocdn.net/thumb/R120x174.q85/?fname=http%3A%2F%2Ft1.daumcdn.net%2Flbook%2Fimage%2F6684700%3Ftimestamp%3D20250806143828
사계절,김혜진,가느다란 마법사와 진짜 못해 강아지,"어린이, 성인",,"[어린이, 성인] 김혜진｜가느다란 마법사와 진짜 못해 강아지",https://www.sakyejul.co.kr/bbs/m/mcb_data_view.php?type=mcb&ep=ep993587793575e55ff04653&gp=all&item=md199590180667a1befe03a0d,
사계절,정진호,바나나가 더 일찍 오려면,"어린이, 성인",,"[어린이, 성인] 정진호｜바나나가 더 일찍 오려면",https://www.sakyejul.co.kr/bbs/m/mcb_data_view.php?type=mcb&ep=ep993587793575e55ff04653&gp=all&item=md198100569567a1be97539f7,https://search1.kakaocdn.net/thumb/R120x174.q85/?fname=http%3A%2F%2Ft1.daumcdn.net%2Flbook%2Fimage%2F6639383%3Ftimestamp%3D20260716122158
사계절,권정민,당신을 측정해 드립니다,성인,,[성인] 권정민｜당신을 측정해 드립니다,https://www.sakyejul.co.kr/bbs/m/mcb_data_view.php?type=mcb&ep=ep993587793575e55ff04653&gp=all&item=md76422008567a1be3accff7,
사계절,이명애,휘슬이 두 번 울릴 때까지,"어린이, 성인",,"[어린이, 성인] 이명애｜휘슬이 두 번 울릴 때까지",https://www.sakyejul.co.kr/bbs/m/mcb_data_view.php?type=mcb&ep=ep993587793575e55ff04653&gp=all&item=md196454871667a1bdd05a768,
사계절,서현,풀벌레그림꿈,성인,,[성인] 서현｜풀벌레그림꿈,https://www.sakyejul.co.kr/bbs/m/mcb_data_view.php?type=mcb&ep=ep993587793575e55ff04653&gp=all&item=md192641540567a1bd63095d4,
사계절,김현례,문어의 여행,"유아, 어린이, 성인",,"[유아, 어린이, 성인] 김현례｜문어의 여행",https://www.sakyejul.co.kr/bbs/m/mcb_data_view.php?type=mcb&ep=ep993587793575e55ff04653&gp=all&item=md127072093167a1bc7f10dd2,https://search1.kakaocdn.net/thumb/R120x174.q85/?fname=http%3A%2F%2Ft1.daumcdn.net%2Flbook%2Fimage%2F6592760%3Ftimestamp%3D20251030150352
사계절,윤정미,꼬마늑대가 처음 안경을 맞춘 날,"유아, 어린이, 성인",,"[유아, 어린이, 성인] 윤정미｜꼬마늑대가 처음 안경을 맞춘 날",https://www.sakyejul.co.kr/bbs/m/mcb_data_view.php?type=mcb&ep=ep993587793575e55ff04653&gp=all&item=md38569189667a1bbf4cb5f3,https://search1.kakaocdn.net/thumb/R120x174.q85/?fname=http%3A%2F%2Ft1.daumcdn.net%2Flbook%2Fimage%2F6617327%3Ftimestamp%3D20250705145002
사계절,밤코,아주 좋은 내 모자,"유아, 어린이",,"[유아, 어린이] 밤코｜아주 좋은 내 모자",https://www.sakyejul.co.kr/bbs/m/mcb_data_view.php?type=mcb&ep=ep993587793575e55ff04653&gp=all&item=md96942611967a1bb496db67,
사계절,사이다,민트 초코 딸기,"유아, 어린이",,"[유아, 어린이] 사이다｜민트 초코 딸기",https://www.sakyejul.co.kr/bbs/m/mcb_data_view.php?type=mcb&ep=ep993587793575e55ff04653&gp=all&item=md204782276067a1b9591b82e,
사계절,박우,당과 인민,"청소년, 성인",,"[청소년, 성인] 박우｜당과 인민",https://www.sakyejul.co.kr/bbs/m/mcb_data_view.php?type=mcb&ep=ep993587793575e55ff04653&gp=all&item=md101602477666c7138f51bb4,
사계절,계승범,아버지의 그림자,"청소년, 성인",,"[청소년, 성인] 계승범｜아버지의 그림자",https://www.sakyejul.co.kr/bbs/m/mcb_data_view.php?type=mcb&ep=ep993587793575e55ff04653&gp=all&item=md155238789366c712a853517,
사계절,이새벽,시간 속의 너에게,청소년,,[청소년] 이새벽｜시간 속의 너에게,https://www.sakyejul.co.kr/bbs/m/mcb_data_view.php?type=mcb&ep=ep993587793575e55ff04653&gp=all&item=md103996345466c7079be6f95,
사계절,김지현,브로콜리를 좋아해?,"청소년, 성인",,"[청소년, 성인] 김지현｜브로콜리를 좋아해?",https://www.sakyejul.co.kr/bbs/m/mcb_data_view.php?type=mcb&ep=ep993587793575e55ff04653&gp=all&item=md136246281666c704a133ff1,https://search1.kakaocdn.net/thumb/R120x174.q85/?fname=http%3A%2F%2Ft1.daumcdn.net%2Flbook%2Fimage%2F6669213%3Ftimestamp%3D20251218153433
사계절,김선정,물 없는 수영장,청소년,,[청소년] 김선정｜물 없는 수영장,https://www.sakyejul.co.kr/bbs/m/mcb_data_view.php?type=mcb&ep=ep993587793575e55ff04653&gp=all&item=md101758255966c7033b6b6cc,
사계절,유경선,슬기로운 1학년 학교생활,성인,,[성인] 유경선｜슬기로운 1학년 학교생활,https://www.sakyejul.co.kr/bbs/m/mcb_data_view.php?type=mcb&ep=ep993587793575e55ff04653&gp=all&item=md105729873465d84a2558b6c,
사계절,김선민,인삼과 국경,성인,,[성인] 김선민｜인삼과 국경,https://www.sakyejul.co.kr/bbs/m/mcb_data_view.php?type=mcb&ep=ep993587793575e55ff04653&gp=all&item=md59422963165d849e9e9d3a,
사계절,배현,알면 약이 되는 약 이야기,"어린이, 청소년, 성인",,"[어린이, 청소년, 성인] 배현｜알면 약이 되는 약 이야기",https://www.sakyejul.co.kr/bbs/m/mcb_data_view.php?type=mcb&ep=ep993587793575e55ff04653&gp=all&item=md178931956565d84951a2da2,
사계절,문유운,도마뱀 구름의 꼬리가 사라질 때 ★오프라인 강연만 가능,"어린이, 성인",,"[어린이, 성인] 문유운｜도마뱀 구름의 꼬리가 사라질 때 ★오프라인 강연만 가능",https://www.sakyejul.co.kr/bbs/m/mcb_data_view.php?type=mcb&ep=ep993587793575e55ff04653&gp=all&item=md109505453365d848bd71852,
사계절,안광복,열일곱 살의 인생론,"청소년, 성인",,"[청소년, 성인] 안광복 | 열일곱 살의 인생론",https://www.sakyejul.co.kr/bbs/m/mcb_data_view.php?type=mcb&ep=ep993587793575e55ff04653&gp=all&item=md201438789965d847aa447a8,
사계절,고재현,책방거리 수사대: 한양풍문기의 진실,"어린이, 성인",,"[어린이, 성인] 고재현｜책방거리 수사대: 한양풍문기의 진실",https://www.sakyejul.co.kr/bbs/m/mcb_data_view.php?type=mcb&ep=ep993587793575e55ff04653&gp=all&item=md63698049265d8472296b16,
사계절,남유하,나라는 우주,"어린이, 청소년, 성인",,"[어린이, 청소년, 성인] 남유하｜나라는 우주",https://www.sakyejul.co.kr/bbs/m/mcb_data_view.php?type=mcb&ep=ep993587793575e55ff04653&gp=all&item=md203733504565d8463a451d3,
사계절,강정연,제로의 비밀 수첩 쉿! ★온라인 강연만 가능,어린이,,[어린이] 강정연｜제로의 비밀 수첩 쉿! ★온라인 강연만 가능,https://www.sakyejul.co.kr/bbs/m/mcb_data_view.php?type=mcb&ep=ep993587793575e55ff04653&gp=all&item=md54753136265d8433bd6a5e,
사계절,이지현,나는 요정이 아니에요,"어린이, 청소년, 성인",,"[어린이, 청소년, 성인] 이지현｜나는 요정이 아니에요",https://www.sakyejul.co.kr/bbs/m/mcb_data_view.php?type=mcb&ep=ep993587793575e55ff04653&gp=all&item=md172841385265d841fbf0531,
사계절,이은용,하라의 세계가 열리면,청소년,,[청소년] 이은용｜하라의 세계가 열리면,https://www.sakyejul.co.kr/bbs/m/mcb_data_view.php?type=mcb&ep=ep993587793575e55ff04653&gp=all&item=md166909556865d841bb2ca8e,https://search1.kakaocdn.net/thumb/R120x174.q85/?fname=http%3A%2F%2Ft1.daumcdn.net%2Flbook%2Fimage%2F6541007%3Ftimestamp%3D20250702190651
사계절,미란,모두 다 음악,"유아, 어린이, 성인",,"[유아, 어린이, 성인] 미란｜모두 다 음악",https://www.sakyejul.co.kr/bbs/m/mcb_data_view.php?type=mcb&ep=ep993587793575e55ff04653&gp=all&item=md34782704165d84158e8696,
사계절,이조호,백 개의 꽃씨와 쥐,"유아, 어린이",,"[유아, 어린이] 이조호｜백 개의 꽃씨와 쥐",https://www.sakyejul.co.kr/bbs/m/mcb_data_view.php?type=mcb&ep=ep993587793575e55ff04653&gp=all&item=md11526036965d8408cf2115,
사계절,정지연,작은 버섯,"유아, 어린이, 성인",,"[유아, 어린이, 성인] 정지연｜작은 버섯",https://www.sakyejul.co.kr/bbs/m/mcb_data_view.php?type=mcb&ep=ep993587793575e55ff04653&gp=all&item=md161002170465d83f8c1b657,https://search1.kakaocdn.net/thumb/R120x174.q85/?fname=http%3A%2F%2Ft1.daumcdn.net%2Flbook%2Fimage%2F6473562%3Ftimestamp%3D20240619153302
사계절,김지영,내 친구 ㅇㅅㅎ,"유아, 어린이, 청소년, 성인",,"[유아, 어린이, 청소년, 성인] 김지영｜내 친구 ㅇㅅㅎ",https://www.sakyejul.co.kr/bbs/m/mcb_data_view.php?type=mcb&ep=ep993587793575e55ff04653&gp=all&item=md147978703665d83c375d4f5,https://search1.kakaocdn.net/thumb/R120x174.q85/?fname=http%3A%2F%2Ft1.daumcdn.net%2Flbook%2Fimage%2F6492658%3Ftimestamp%3D20260414121619
사계절,채은랑,사라지지 않아,청소년 성인,,[청소년 성인] 채은랑｜사라지지 않아,https://www.sakyejul.co.kr/bbs/m/mcb_data_view.php?type=mcb&ep=ep993587793575e55ff04653&gp=all&item=md58585857265d716b862843,
사계절,전앤,우리는 마이너스 2야,청소년,,[청소년] 전앤｜우리는 마이너스 2야,https://www.sakyejul.co.kr/bbs/m/mcb_data_view.php?type=mcb&ep=ep993587793575e55ff04653&gp=all&item=md164350377965d71429a234f,https://search1.kakaocdn.net/thumb/R120x174.q85/?fname=http%3A%2F%2Ft1.daumcdn.net%2Flbook%2Fimage%2F6455970%3Ftimestamp%3D20251122150641
사계절,문영민,"나는, 휴먼","청소년, 성인",,"[청소년, 성인] 문영민｜나는, 휴먼",https://www.sakyejul.co.kr/bbs/m/mcb_data_view.php?type=mcb&ep=ep993587793575e55ff04653&gp=all&item=md193967168764dc7fa56b105,
사계절,최영희,너만 모르는 엔딩,청소년,,[청소년] 최영희｜너만 모르는 엔딩,https://www.sakyejul.co.kr/bbs/m/mcb_data_view.php?type=mcb&ep=ep993587793575e55ff04653&gp=all&item=md133097679064d5dd9d5c17d,https://search1.kakaocdn.net/thumb/R120x174.q85/?fname=http%3A%2F%2Ft1.daumcdn.net%2Flbook%2Fimage%2F4369219%3Ftimestamp%3D20241119132308
사계절,심용환,친절한 한국사,"청소년, 성인",,"[청소년, 성인] 심용환｜친절한 한국사",https://www.sakyejul.co.kr/bbs/m/mcb_data_view.php?type=mcb&ep=ep993587793575e55ff04653&gp=all&item=md47003474064d5dcd03674b,
사계절,최나미,단어장,청소년,,[청소년] 최나미｜단어장,https://www.sakyejul.co.kr/bbs/m/mcb_data_view.php?type=mcb&ep=ep993587793575e55ff04653&gp=all&item=md156401980664d4a0eb50388,
사계절,최나미,아무도 들어오지 마시오,청소년,,[청소년] 최나미｜아무도 들어오지 마시오,https://www.sakyejul.co.kr/bbs/m/mcb_data_view.php?type=mcb&ep=ep993587793575e55ff04653&gp=all&item=md191554791164d49acbc389b,https://search1.kakaocdn.net/thumb/R120x174.q85/?fname=http%3A%2F%2Ft1.daumcdn.net%2Flbook%2Fimage%2F4865198%3Ftimestamp%3D20250401130238
사계절,김은재,누가 뭐래도 내 길을 갈래,청소년,,[청소년] 김은재｜누가 뭐래도 내 길을 갈래,https://www.sakyejul.co.kr/bbs/m/mcb_data_view.php?type=mcb&ep=ep993587793575e55ff04653&gp=all&item=md91000935764d494381dc11,
사계절,이순혁,법 따라 나이 따라,"어린이, 청소년, 성인",,"[어린이, 청소년, 성인] 이순혁｜법 따라 나이 따라",https://www.sakyejul.co.kr/bbs/m/mcb_data_view.php?type=mcb&ep=ep993587793575e55ff04653&gp=all&item=md53385892964c9f8eacb9ea,
사계절,이인호,어떤 세주(온라인 강연 가능),"어린이, 성인",,"[어린이, 성인] 이인호｜어떤 세주(온라인 강연 가능)",https://www.sakyejul.co.kr/bbs/m/mcb_data_view.php?type=mcb&ep=ep993587793575e55ff04653&gp=all&item=md91866348364c9f7c2b5c7a,
사계절,황지영,달팽이도 달린다(온라인 강연 가능),어린이,,[어린이] 황지영｜달팽이도 달린다(온라인 강연 가능),https://www.sakyejul.co.kr/bbs/m/mcb_data_view.php?type=mcb&ep=ep993587793575e55ff04653&gp=all&item=md152022272564c9f766a4f26,
사계절,김혜정,열세 살의 걷기 클럽(온라인 강연 가능),"어린이, 청소년",,"[어린이, 청소년] 김혜정｜열세 살의 걷기 클럽(온라인 강연 가능)",https://www.sakyejul.co.kr/bbs/m/mcb_data_view.php?type=mcb&ep=ep993587793575e55ff04653&gp=all&item=md55579361764c9f6f274a12,
사계절,김혜진,가느다란 마법사와 아주 착한 타파하(온라인 강연 가능),"어린이, 성인",,"[어린이, 성인] 김혜진｜가느다란 마법사와 아주 착한 타파하(온라인 강연 가능)",https://www.sakyejul.co.kr/bbs/m/mcb_data_view.php?type=mcb&ep=ep993587793575e55ff04653&gp=all&item=md178335081664c9f68f0351f,
사계절,박윤선,뿌뿌는 준비됐어(※온라인 강연만 가능),"어린이, 성인",,"[어린이, 성인] 박윤선｜뿌뿌는 준비됐어(※온라인 강연만 가능)",https://www.sakyejul.co.kr/bbs/m/mcb_data_view.php?type=mcb&ep=ep993587793575e55ff04653&gp=all&item=md197773343864c9f5b51728b,
사계절,김성라,여름의 루돌프,"청소년, 성인",,"[청소년, 성인] 김성라｜여름의 루돌프",https://www.sakyejul.co.kr/bbs/m/mcb_data_view.php?type=mcb&ep=ep993587793575e55ff04653&gp=all&item=md89270470564c9f54009d72,
사계절,황인찬,백 살이 되면,"청소년, 성인",,"[청소년, 성인] 황인찬｜백 살이 되면",https://www.sakyejul.co.kr/bbs/m/mcb_data_view.php?type=mcb&ep=ep993587793575e55ff04653&gp=all&item=md22636219364c9f4b5c72e3,
사계절,밤코,독 독 꼬마 독 사세요!(온라인 강연 가능),"유아, 어린이",,"[유아, 어린이] 밤코｜독 독 꼬마 독 사세요!(온라인 강연 가능)",https://www.sakyejul.co.kr/bbs/m/mcb_data_view.php?type=mcb&ep=ep993587793575e55ff04653&gp=all&item=md80829058964c9f449144aa,
사계절,이순옥,엄마 오리 아기 오리,"유아, 어린이, 성인",,"[유아, 어린이, 성인] 이순옥｜엄마 오리 아기 오리",https://www.sakyejul.co.kr/bbs/m/mcb_data_view.php?type=mcb&ep=ep993587793575e55ff04653&gp=all&item=md195596878664c9f3dcd1cfe,https://search1.kakaocdn.net/thumb/R120x174.q85/?fname=http%3A%2F%2Ft1.daumcdn.net%2Flbook%2Fimage%2F6320841%3Ftimestamp%3D20251018141843
사계절,김중석,열매가 톡!(온라인 강연 가능),"유아, 어린이",,"[유아, 어린이] 김중석｜열매가 톡!(온라인 강연 가능)",https://www.sakyejul.co.kr/bbs/m/mcb_data_view.php?type=mcb&ep=ep993587793575e55ff04653&gp=all&item=md57217772264c9f173f3574,
사계절,문지나,여름빛(온라인 강연 가능),"어린이, 성인",,"[어린이, 성인] 문지나｜여름빛(온라인 강연 가능)",https://www.sakyejul.co.kr/bbs/m/mcb_data_view.php?type=mcb&ep=ep993587793575e55ff04653&gp=all&item=md24026526864c9f22641191,
사계절,이승훈,한자의 풍경 (온라인 강연 가능),"청소년, 성인",,"[청소년, 성인] 이승훈｜한자의 풍경 (온라인 강연 가능)",https://www.sakyejul.co.kr/bbs/m/mcb_data_view.php?type=mcb&ep=ep993587793575e55ff04653&gp=all&item=md61593818664b92186b0996,
사계절,"이창현, 유희",익명의 독서 중독자들 (온라인 강연 가능),"청소년, 성인",,"[청소년, 성인] 이창현, 유희｜익명의 독서 중독자들 (온라인 강연 가능)",https://www.sakyejul.co.kr/bbs/m/mcb_data_view.php?type=mcb&ep=ep993587793575e55ff04653&gp=all&item=md5304701464b91da3e4280,
사계절,서현숙,변두리의 마음 (온라인 강연 가능),"청소년, 성인",,"[청소년, 성인] 서현숙｜변두리의 마음 (온라인 강연 가능)",https://www.sakyejul.co.kr/bbs/m/mcb_data_view.php?type=mcb&ep=ep993587793575e55ff04653&gp=all&item=md120914861864b91cdd097b7,
사계절,이소영,알래스카 한의원 (온라인 강연 가능),"청소년, 성인",,"[청소년, 성인] 이소영｜알래스카 한의원 (온라인 강연 가능)",https://www.sakyejul.co.kr/bbs/m/mcb_data_view.php?type=mcb&ep=ep993587793575e55ff04653&gp=all&item=md22699082964b91bb554e62,
사계절,김상태,단단한 고고학 (온라인 강연 가능),"청소년, 성인",,"[청소년, 성인] 김상태｜단단한 고고학 (온라인 강연 가능)",https://www.sakyejul.co.kr/bbs/m/mcb_data_view.php?type=mcb&ep=ep993587793575e55ff04653&gp=all&item=md181217462264b91a2d3048e,
사계절,최상아 작가,재관람 카드의 비밀 (온라인 강연 가능),청소년,,[청소년] 최상아 작가｜재관람 카드의 비밀 (온라인 강연 가능),https://www.sakyejul.co.kr/bbs/m/mcb_data_view.php?type=mcb&ep=ep993587793575e55ff04653&gp=all&item=md81191024764b7a2a408005,
사계절,김지현 화가,마트료시카(온라인 강연 가능),"어린이, 성인",,"[어린이, 성인] 김지현 화가｜마트료시카(온라인 강연 가능)",https://www.sakyejul.co.kr/bbs/m/mcb_data_view.php?type=mcb&ep=ep993587793575e55ff04653&gp=all&item=md24030468063f46ab3e0771,
사계절,한지원,왼손에게(온라인 강연 가능),"어린이, 성인",,"[어린이, 성인] 한지원｜왼손에게(온라인 강연 가능)",https://www.sakyejul.co.kr/bbs/m/mcb_data_view.php?type=mcb&ep=ep993587793575e55ff04653&gp=all&item=md175514999463f468c1480d2,
사계절,이억배,한 장 한 장 그림책,"어린이, 성인",,"[어린이, 성인] 이억배｜한 장 한 장 그림책",https://www.sakyejul.co.kr/bbs/m/mcb_data_view.php?type=mcb&ep=ep993587793575e55ff04653&gp=all&item=md42764846963f4653ec2420,
사계절,김미혜,빨간 조끼 여우의 장신구 가게(온라인 강연 가능),"유아, 어린이",,"[유아, 어린이] 김미혜｜빨간 조끼 여우의 장신구 가게(온라인 강연 가능)",https://www.sakyejul.co.kr/bbs/m/mcb_data_view.php?type=mcb&ep=ep993587793575e55ff04653&gp=all&item=md64927607563f4638daec20,
사계절,서현,호랭떡집(온라인 강연 가능),"유아, 어린이, 성인",,"[유아, 어린이, 성인] 서현｜호랭떡집(온라인 강연 가능)",https://www.sakyejul.co.kr/bbs/m/mcb_data_view.php?type=mcb&ep=ep993587793575e55ff04653&gp=all&item=md10338377263f461af98644,
사계절,정은주,기소영의 친구들(온라인 강연 가능),"어린이, 성인",,"[어린이, 성인] 정은주｜기소영의 친구들(온라인 강연 가능)",https://www.sakyejul.co.kr/bbs/m/mcb_data_view.php?type=mcb&ep=ep993587793575e55ff04653&gp=all&item=md207330643163f460d84271e,
사계절,전여울,윤초옥 실종 사건(온라인 강연 가능),"어린이, 성인",,"[어린이, 성인] 전여울｜윤초옥 실종 사건(온라인 강연 가능)",https://www.sakyejul.co.kr/bbs/m/mcb_data_view.php?type=mcb&ep=ep993587793575e55ff04653&gp=all&item=md90398378163f46037bcf1f,
사계절,김동춘,고통에 응답하지 않는 정치(온라인 강연 가능),"청소년, 성인",,"[청소년, 성인] 김동춘｜고통에 응답하지 않는 정치(온라인 강연 가능)",https://www.sakyejul.co.kr/bbs/m/mcb_data_view.php?type=mcb&ep=ep993587793575e55ff04653&gp=all&item=md132002670063f34cb3385cf,
사계절,이해영,우크라이나전쟁과 신세계질서(온라인 강연 가능),"청소년, 성인",,"[청소년, 성인] 이해영｜우크라이나전쟁과 신세계질서(온라인 강연 가능)",https://www.sakyejul.co.kr/bbs/m/mcb_data_view.php?type=mcb&ep=ep993587793575e55ff04653&gp=all&item=md28945051963f34bd91cd3f,
사계절,정은,기내식 먹는 기분(온라인 강연 가능),"청소년, 성인",,"[청소년, 성인] 정은｜기내식 먹는 기분(온라인 강연 가능)",https://www.sakyejul.co.kr/bbs/m/mcb_data_view.php?type=mcb&ep=ep993587793575e55ff04653&gp=all&item=md91081599963f349f164b7d,
사계절,전성현,데스타이머(온라인 강연 가능),"청소년, 성인",,"[청소년, 성인] 전성현｜데스타이머(온라인 강연 가능)",https://www.sakyejul.co.kr/bbs/m/mcb_data_view.php?type=mcb&ep=ep993587793575e55ff04653&gp=all&item=md141490856163f3495fb2989,
사계절,조규미,똑같은 얼굴(온라인 강연 가능),"청소년, 성인",,"[청소년, 성인] 조규미｜똑같은 얼굴(온라인 강연 가능)",https://www.sakyejul.co.kr/bbs/m/mcb_data_view.php?type=mcb&ep=ep993587793575e55ff04653&gp=all&item=md187218249563f348c4eae00,
사계절,김지현,우리의 정원(온라인 강연 가능),"청소년, 성인",,"[청소년, 성인] 김지현｜우리의 정원(온라인 강연 가능)",https://www.sakyejul.co.kr/bbs/m/mcb_data_view.php?type=mcb&ep=ep993587793575e55ff04653&gp=all&item=md98667707163f3475e4d983,
사계절,배지영,쓰는 사람이 되고 싶다면(온라인 강연 가능),성인,,[성인] 배지영｜쓰는 사람이 되고 싶다면(온라인 강연 가능),https://www.sakyejul.co.kr/bbs/m/mcb_data_view.php?type=mcb&ep=ep993587793575e55ff04653&gp=all&item=md16954812116306cb182e414,
사계절,강맑실,"세상에서 가장 아름다운 곳, 동네책방(온라인 강연 가능)",성인,,"[성인] 강맑실｜세상에서 가장 아름다운 곳, 동네책방(온라인 강연 가능)",https://www.sakyejul.co.kr/bbs/m/mcb_data_view.php?type=mcb&ep=ep993587793575e55ff04653&gp=all&item=md10056785566306c3b850f36,
사계절,송섬,골목의 조(온라인 강연 가능),성인,,[성인] 송섬｜골목의 조(온라인 강연 가능),https://www.sakyejul.co.kr/bbs/m/mcb_data_view.php?type=mcb&ep=ep993587793575e55ff04653&gp=all&item=md18695122586305eb02da011,
사계절,심윤경,나의 아름다운 할머니 (온라인 강연 가능),성인,,[성인] 심윤경｜나의 아름다운 할머니 (온라인 강연 가능),https://www.sakyejul.co.kr/bbs/m/mcb_data_view.php?type=mcb&ep=ep993587793575e55ff04653&gp=all&item=md14950061306305e989e7fa2,
사계절,탁경은,민트문(온라인 강연 가능),청소년,,[청소년] 탁경은｜민트문(온라인 강연 가능),https://www.sakyejul.co.kr/bbs/m/mcb_data_view.php?type=mcb&ep=ep993587793575e55ff04653&gp=all&item=md7410061796305e8d79c253,
사계절,송미경,"오늘의 개, 새(온라인 강연 가능)",성인,,"[성인] 송미경｜오늘의 개, 새(온라인 강연 가능)",https://www.sakyejul.co.kr/bbs/m/mcb_data_view.php?type=mcb&ep=ep993587793575e55ff04653&gp=all&item=md96699470562f5ec4ca1f32,
사계절,김다노,비밀 숙제(온라인 강연 가능),어린이,,[어린이] 김다노｜비밀 숙제(온라인 강연 가능),https://www.sakyejul.co.kr/bbs/m/mcb_data_view.php?type=mcb&ep=ep993587793575e55ff04653&gp=all&item=md189578012462f5ebaaafdf3,
사계절,남동윤,귀신 선생님과 또 다른 세계(온라인 강연 가능),어린이,,[어린이] 남동윤｜귀신 선생님과 또 다른 세계(온라인 강연 가능),https://www.sakyejul.co.kr/bbs/m/mcb_data_view.php?type=mcb&ep=ep993587793575e55ff04653&gp=all&item=md60275531862f5eb4d20e15,
사계절,박효미,나쁜 말 사전(온라인 강연 가능),어린이,,[어린이] 박효미｜나쁜 말 사전(온라인 강연 가능),https://www.sakyejul.co.kr/bbs/m/mcb_data_view.php?type=mcb&ep=ep993587793575e55ff04653&gp=all&item=md51395788462f5eae291835,
사계절,도단이,"심바, 집에 가자",어린이,,"[어린이] 도단이｜심바, 집에 가자",https://www.sakyejul.co.kr/bbs/m/mcb_data_view.php?type=mcb&ep=ep993587793575e55ff04653&gp=all&item=md164777103862f5ea71d1b44,https://search1.kakaocdn.net/thumb/R120x174.q85/?fname=http%3A%2F%2Ft1.daumcdn.net%2Flbook%2Fimage%2F6128145%3Ftimestamp%3D20251017142535
사계절,정은숙,"명탐견 오드리, 수사는 발끝에서부터(온라인 강연 가능)",어린이,,"[어린이] 정은숙｜명탐견 오드리, 수사는 발끝에서부터(온라인 강연 가능)",https://www.sakyejul.co.kr/bbs/m/mcb_data_view.php?type=mcb&ep=ep993587793575e55ff04653&gp=all&item=md206940387062f5e75bc169e,
사계절,이육남,삘릴리 범범(온라인 강연 가능),"유아, 어린이",,"[유아, 어린이] 이육남｜삘릴리 범범(온라인 강연 가능)",https://www.sakyejul.co.kr/bbs/m/mcb_data_view.php?type=mcb&ep=ep993587793575e55ff04653&gp=all&item=md179618664062f5e6fca1d58,
사계절,김상근,두더지의 여름(온라인 강연 가능),"유아, 어린이",,"[유아, 어린이] 김상근｜두더지의 여름(온라인 강연 가능)",https://www.sakyejul.co.kr/bbs/m/mcb_data_view.php?type=mcb&ep=ep993587793575e55ff04653&gp=all&item=md42199069462f5e5ed5b6e0,
사계절,양선,달님이랑 꿈이랑(온라인 강연 가능),"유아, 어린이",,"[유아, 어린이] 양선｜달님이랑 꿈이랑(온라인 강연 가능)",https://www.sakyejul.co.kr/bbs/m/mcb_data_view.php?type=mcb&ep=ep993587793575e55ff04653&gp=all&item=md13204776262c3d26174c9a,
사계절,최양선,달의 방(온라인 강연 가능),"청소년, 성인",,"[청소년, 성인] 최양선｜달의 방(온라인 강연 가능)",https://www.sakyejul.co.kr/bbs/m/mcb_data_view.php?type=mcb&ep=ep993587793575e55ff04653&gp=all&item=md212952851562297ea9347a0,
사계절,이경주,우리를 만나다(온라인 강연 가능),"청소년, 성인",,"[청소년, 성인] 이경주｜우리를 만나다(온라인 강연 가능)",https://www.sakyejul.co.kr/bbs/m/mcb_data_view.php?type=mcb&ep=ep993587793575e55ff04653&gp=all&item=md1406963576621c7c238be6c,
사계절,최상희,닷다의 목격(온라인 강연 가능),"청소년, 성인",,"[청소년, 성인] 최상희｜닷다의 목격(온라인 강연 가능)",https://www.sakyejul.co.kr/bbs/m/mcb_data_view.php?type=mcb&ep=ep993587793575e55ff04653&gp=all&item=md2103364990621c7b290db67,
사계절,오세란,기묘하고 아름다운 청소년문학의 세계(온라인 강연 가능),"청소년, 성인",,"[청소년, 성인] 오세란｜기묘하고 아름다운 청소년문학의 세계(온라인 강연 가능)",https://www.sakyejul.co.kr/bbs/m/mcb_data_view.php?type=mcb&ep=ep993587793575e55ff04653&gp=all&item=md1852056094621c79bb71a8c,
사계절,최양선,세대주 오영선(온라인 강연 가능),성인,,[성인] 최양선｜세대주 오영선(온라인 강연 가능),https://www.sakyejul.co.kr/bbs/m/mcb_data_view.php?type=mcb&ep=ep993587793575e55ff04653&gp=all&item=md1045763008621c7879cdfe4,
사계절,이금이,"페르마타, 이탈리아(온라인 강연 가능)",성인,,"[성인] 이금이｜페르마타, 이탈리아(온라인 강연 가능)",https://www.sakyejul.co.kr/bbs/m/mcb_data_view.php?type=mcb&ep=ep993587793575e55ff04653&gp=all&item=md385605368621c767c241ac,
사계절,휘이,"괜찮다, 안 괜찮다(온라인 강연 가능)","청소년, 성인",,"[청소년, 성인] 휘이｜괜찮다, 안 괜찮다(온라인 강연 가능)",https://www.sakyejul.co.kr/bbs/m/mcb_data_view.php?type=mcb&ep=ep993587793575e55ff04653&gp=all&item=md1772738136621c747400502,
사계절,조장훈,대치동: 학벌주의와 부동산 신화가 만나는 곳(온라인 강연 가능),성인,,[성인] 조장훈｜대치동: 학벌주의와 부동산 신화가 만나는 곳(온라인 강연 가능),https://www.sakyejul.co.kr/bbs/m/mcb_data_view.php?type=mcb&ep=ep993587793575e55ff04653&gp=all&item=md2943628621c6e4cc3ccd,
사계절,강정연,레인보우의 비밀 동시집(온라인 강연 가능),"어린이, 성인",,"[어린이, 성인] 강정연｜레인보우의 비밀 동시집(온라인 강연 가능)",https://www.sakyejul.co.kr/bbs/m/mcb_data_view.php?type=mcb&ep=ep993587793575e55ff04653&gp=all&item=md132239085362136defb70bf,
사계절,권윤덕,용맹호(온라인 강연 가능),"어린이, 청소년, 성인",,"[어린이, 청소년, 성인] 권윤덕｜용맹호(온라인 강연 가능)",https://www.sakyejul.co.kr/bbs/m/mcb_data_view.php?type=mcb&ep=ep993587793575e55ff04653&gp=all&item=md36894057662136d7488602,
사계절,강현선,여름방학(온라인 강연 가능),"유아, 어린이, 청소년, 성인",,"[유아, 어린이, 청소년, 성인] 강현선｜여름방학(온라인 강연 가능)",https://www.sakyejul.co.kr/bbs/m/mcb_data_view.php?type=mcb&ep=ep993587793575e55ff04653&gp=all&item=md136740485962136ceb0804c,
사계절,소복이,왜 우니?(온라인 강연 가능),"유아, 어린이, 청소년, 성인",,"[유아, 어린이, 청소년, 성인] 소복이｜왜 우니?(온라인 강연 가능)",https://www.sakyejul.co.kr/bbs/m/mcb_data_view.php?type=mcb&ep=ep993587793575e55ff04653&gp=all&item=md125437000162136c735280f,
사계절,이희은,똑같을까?(온라인 강연만 가능),"유아, 어린이",,"[유아, 어린이] 이희은｜똑같을까?(온라인 강연만 가능)",https://www.sakyejul.co.kr/bbs/m/mcb_data_view.php?type=mcb&ep=ep993587793575e55ff04653&gp=all&item=md39805433262136b0c37141,
사계절,탁경은,사랑에 빠질 때 나누는 말들(온라인 강연 가능),"청소년, 성인",,"[청소년, 성인] 탁경은｜사랑에 빠질 때 나누는 말들(온라인 강연 가능)",https://www.sakyejul.co.kr/bbs/m/mcb_data_view.php?type=mcb&ep=ep993587793575e55ff04653&gp=all&item=md210401195861b2f5b81df5e,
사계절,이남석,너 때문에 내일 회사 가기 싫어!(온라인 강연 가능),성인,,[성인] 이남석｜너 때문에 내일 회사 가기 싫어!(온라인 강연 가능),https://www.sakyejul.co.kr/bbs/m/mcb_data_view.php?type=mcb&ep=ep993587793575e55ff04653&gp=all&item=md1226183974611f2fecd0b5b,
사계절,전명윤,리멤버 홍콩(온라인 강연 가능),성인,,[성인] 전명윤｜리멤버 홍콩(온라인 강연 가능),https://www.sakyejul.co.kr/bbs/m/mcb_data_view.php?type=mcb&ep=ep993587793575e55ff04653&gp=all&item=md1925637209611f2f405c806,
사계절,초록뱀,좋은 남편(온라인 강연 가능),"청소년, 성인",,"[청소년, 성인] 초록뱀｜좋은 남편(온라인 강연 가능)",https://www.sakyejul.co.kr/bbs/m/mcb_data_view.php?type=mcb&ep=ep993587793575e55ff04653&gp=all&item=md634819767611f2ed307c7f,
사계절,강맑실,막내의 뜰(온라인 강연 가능),"청소년, 성인",,"[청소년, 성인] 강맑실｜막내의 뜰(온라인 강연 가능)",https://www.sakyejul.co.kr/bbs/m/mcb_data_view.php?type=mcb&ep=ep993587793575e55ff04653&gp=all&item=md1657051924611f2e4ba4196,
사계절,현호정,단명소녀 투쟁기(온라인 강연 가능),성인,,[성인] 현호정｜단명소녀 투쟁기(온라인 강연 가능),https://www.sakyejul.co.kr/bbs/m/mcb_data_view.php?type=mcb&ep=ep993587793575e55ff04653&gp=all&item=md1650012620611f2d4a7c614,
사계절,김혜정,학교 안에서(온라인 강연 가능),청소년,,[청소년] 김혜정｜학교 안에서(온라인 강연 가능),https://www.sakyejul.co.kr/bbs/m/mcb_data_view.php?type=mcb&ep=ep993587793575e55ff04653&gp=all&item=md197432317611f1742d77f6,
사계절,김태호,일 퍼센트(온라인 강연 가능),청소년,,[청소년] 김태호｜일 퍼센트(온라인 강연 가능),https://www.sakyejul.co.kr/bbs/m/mcb_data_view.php?type=mcb&ep=ep993587793575e55ff04653&gp=all&item=md381455274611f16d626680,
사계절,조규미,너의 유니버스(온라인 강연 가능),청소년,,[청소년] 조규미｜너의 유니버스(온라인 강연 가능),https://www.sakyejul.co.kr/bbs/m/mcb_data_view.php?type=mcb&ep=ep993587793575e55ff04653&gp=all&item=md2043023336611f1609cd1b3,
사계절,조우리,꿈에서 만나,청소년,,[청소년] 조우리｜꿈에서 만나,https://www.sakyejul.co.kr/bbs/m/mcb_data_view.php?type=mcb&ep=ep993587793575e55ff04653&gp=all&item=md2082101310611f13afca06c,
사계절,재희,수영 이불(온라인 강연 가능),"유아, 어린이",,"[유아, 어린이] 재희｜수영 이불(온라인 강연 가능)",https://www.sakyejul.co.kr/bbs/m/mcb_data_view.php?type=mcb&ep=ep993587793575e55ff04653&gp=all&item=md1386718393611e0e405173b,
사계절,이진하,여름 방학 숙제 조작단(온라인 강연 가능),어린이,,[어린이] 이진하｜여름 방학 숙제 조작단(온라인 강연 가능),https://www.sakyejul.co.kr/bbs/m/mcb_data_view.php?type=mcb&ep=ep993587793575e55ff04653&gp=all&item=md1969383999611e0d775cc6f,
사계절,이금이,차대기를 찾습니다(온라인 강연 가능),어린이,,[어린이] 이금이｜차대기를 찾습니다(온라인 강연 가능),https://www.sakyejul.co.kr/bbs/m/mcb_data_view.php?type=mcb&ep=ep993587793575e55ff04653&gp=all&item=md566418988611e0c6c4eed8,
사계절,이반디,누가 올까?(온라인 강연 가능),어린이,,[어린이] 이반디｜누가 올까?(온라인 강연 가능),https://www.sakyejul.co.kr/bbs/m/mcb_data_view.php?type=mcb&ep=ep993587793575e55ff04653&gp=all&item=md1924017341611e0bc70a46f,
사계절,김혜진,일주일의 학교(온라인 강연 가능),어린이,,[어린이] 김혜진｜일주일의 학교(온라인 강연 가능),https://www.sakyejul.co.kr/bbs/m/mcb_data_view.php?type=mcb&ep=ep993587793575e55ff04653&gp=all&item=md958655745611e0b0fc4b12,
사계절,서현,"호라이, 호라이호라이(온라인 강연 가능)","유아, 어린이, 성인",,"[유아, 어린이, 성인] 서현｜호라이, 호라이호라이(온라인 강연 가능)",https://www.sakyejul.co.kr/bbs/m/mcb_data_view.php?type=mcb&ep=ep993587793575e55ff04653&gp=all&item=md1270063247611e09df91d73,
사계절,김지영,내 마음 ㅅㅅㅎ(온라인 강연 가능),"유아, 어린이, 성인",,"[유아, 어린이, 성인] 김지영｜내 마음 ㅅㅅㅎ(온라인 강연 가능)",https://www.sakyejul.co.kr/bbs/m/mcb_data_view.php?type=mcb&ep=ep993587793575e55ff04653&gp=all&item=md947604937611e03a16786a,
사계절,남유하,나무가 된 아이(온라인 강연 가능),"초등, 청소년, 성인",,"[초등, 청소년, 성인] 남유하｜나무가 된 아이(온라인 강연 가능)",https://www.sakyejul.co.kr/bbs/m/mcb_data_view.php?type=mcb&ep=ep993587793575e55ff04653&gp=all&item=md8864980176036f412d132a,
사계절,이지은,고조를 찾아서(온라인 강연 가능),"초등, 청소년, 성인",,"[초등, 청소년, 성인] 이지은｜고조를 찾아서(온라인 강연 가능)",https://www.sakyejul.co.kr/bbs/m/mcb_data_view.php?type=mcb&ep=ep993587793575e55ff04653&gp=all&item=md8391130086036ecd303d41,
사계절,정은숙,명탐견 오드리 추리는 코끝에서부터(온라인 강연 가능),"초등, 청소년, 성인",,"[초등, 청소년, 성인] 정은숙｜명탐견 오드리 추리는 코끝에서부터(온라인 강연 가능)",https://www.sakyejul.co.kr/bbs/m/mcb_data_view.php?type=mcb&ep=ep993587793575e55ff04653&gp=all&item=md18710985356036ebf40a7dd,
사계절,우미옥,내 친구의 집(온라인 강연 가능),초등,,[초등] 우미옥｜내 친구의 집(온라인 강연 가능),https://www.sakyejul.co.kr/bbs/m/mcb_data_view.php?type=mcb&ep=ep993587793575e55ff04653&gp=all&item=md13369082996034bd85bef60,
사계절,박혜선,바람의 사춘기 (온라인 강연 가능),"초등, 청소년, 성인",,"[초등, 청소년, 성인] 박혜선｜바람의 사춘기 (온라인 강연 가능)",https://www.sakyejul.co.kr/bbs/m/mcb_data_view.php?type=mcb&ep=ep993587793575e55ff04653&gp=all&item=md12609390656034b99dcfcd1,
사계절,강현선,책 너는 날 (온라인 강연 가능),"유아, 초등, 성인",,"[유아, 초등, 성인] 강현선｜책 너는 날 (온라인 강연 가능)",https://www.sakyejul.co.kr/bbs/m/mcb_data_view.php?type=mcb&ep=ep993587793575e55ff04653&gp=all&item=md1704519796034b9164d006,
사계절,사이다,심장도둑 (온라인 강연 가능),"초등, 성인",,"[초등, 성인] 사이다｜심장도둑 (온라인 강연 가능)",https://www.sakyejul.co.kr/bbs/m/mcb_data_view.php?type=mcb&ep=ep993587793575e55ff04653&gp=all&item=md13682935676034b87214190,
사계절,이해진,햇볕 토스트 (온라인 강연 가능),"유아, 초등",,"[유아, 초등] 이해진｜햇볕 토스트 (온라인 강연 가능)",https://www.sakyejul.co.kr/bbs/m/mcb_data_view.php?type=mcb&ep=ep993587793575e55ff04653&gp=all&item=md6951674436034b7bd29732,
사계절,김새별,사자가 아기를 만났어 (온라인 강연 가능),"유아, 초등",,"[유아, 초등] 김새별｜사자가 아기를 만났어 (온라인 강연 가능)",https://www.sakyejul.co.kr/bbs/m/mcb_data_view.php?type=mcb&ep=ep993587793575e55ff04653&gp=all&item=md19273802636034b52247359,
사계절,안광복,철학으로 휴식하라 (온라인 강연 가능),"청소년, 성인",,"[청소년, 성인] 안광복｜철학으로 휴식하라 (온라인 강연 가능)",https://www.sakyejul.co.kr/bbs/m/mcb_data_view.php?type=mcb&ep=ep993587793575e55ff04653&gp=all&item=md16120004095f4dceffa138d,
사계절,정인경,통합하고 통찰하는 통통한 과학책 (온라인 강연 가능),청소년,,[청소년] 정인경｜통합하고 통찰하는 통통한 과학책 (온라인 강연 가능),https://www.sakyejul.co.kr/bbs/m/mcb_data_view.php?type=mcb&ep=ep993587793575e55ff04653&gp=all&item=md2288498965f4c7a28f1265,
사계절,김은재,십 대를 위한 쓰담쓰담 마음 카페 (온라인 강연 가능),청소년,,[청소년] 김은재｜십 대를 위한 쓰담쓰담 마음 카페 (온라인 강연 가능),https://www.sakyejul.co.kr/bbs/m/mcb_data_view.php?type=mcb&ep=ep993587793575e55ff04653&gp=all&item=md7817273065f4c79c2c1b12,
사계절,이남석,십 대를 위한 첫 심리학 수업 (온라인 강연 가능),청소년,,[청소년] 이남석｜십 대를 위한 첫 심리학 수업 (온라인 강연 가능),https://www.sakyejul.co.kr/bbs/m/mcb_data_view.php?type=mcb&ep=ep993587793575e55ff04653&gp=all&item=md8113766095f4c792e3440b,
사계절,정재민,"인공지능 시대, 십 대를 위한 미디어 수업 (온라인 강연 가능)",청소년,,"[청소년] 정재민｜인공지능 시대, 십 대를 위한 미디어 수업 (온라인 강연 가능)",https://www.sakyejul.co.kr/bbs/m/mcb_data_view.php?type=mcb&ep=ep993587793575e55ff04653&gp=all&item=md11785182245f4c78a394a2b,
사계절,한정영,변신 인 서울 (온라인 강연 가능),청소년,,[청소년] 한정영｜변신 인 서울 (온라인 강연 가능),https://www.sakyejul.co.kr/bbs/m/mcb_data_view.php?type=mcb&ep=ep993587793575e55ff04653&gp=all&item=md8596448275f4c653dce20a,
사계절,김민경,지구행성에서 너와 내가 (온라인 강연 가능),청소년,,[청소년] 김민경｜지구행성에서 너와 내가 (온라인 강연 가능),https://www.sakyejul.co.kr/bbs/m/mcb_data_view.php?type=mcb&ep=ep993587793575e55ff04653&gp=all&item=md139102675f4c623fd199f,
사계절,고호관,우주의 집 (온라인 강연 가능),청소년,,[청소년] 고호관｜우주의 집 (온라인 강연 가능),https://www.sakyejul.co.kr/bbs/m/mcb_data_view.php?type=mcb&ep=ep993587793575e55ff04653&gp=all&item=md16691589605f4c5d87934d7,
사계절,정명섭,한국사 복원 프로젝트 - 타임슬립 2119 (온라인 강연 가능),청소년,,[청소년] 정명섭｜한국사 복원 프로젝트 - 타임슬립 2119 (온라인 강연 가능),https://www.sakyejul.co.kr/bbs/m/mcb_data_view.php?type=mcb&ep=ep993587793575e55ff04653&gp=all&item=md5037892875f4c5cfabf390,
사계절,조우리,"오, 사랑",청소년,,"[청소년] 조우리｜오, 사랑",https://www.sakyejul.co.kr/bbs/m/mcb_data_view.php?type=mcb&ep=ep993587793575e55ff04653&gp=all&item=md8006473495f4c5bdcdc14e,https://search1.kakaocdn.net/thumb/R120x174.q85/?fname=http%3A%2F%2Ft1.daumcdn.net%2Flbook%2Fimage%2F5443301%3Ftimestamp%3D20240508144812
사계절,김다노,비밀 소원,초등,,[초등] 김다노｜비밀 소원,https://www.sakyejul.co.kr/bbs/m/mcb_data_view.php?type=mcb&ep=ep993587793575e55ff04653&gp=all&item=md14054167315f489f150a7a4,
사계절,박상기,도야의 초록 리본 (온라인 강연 가능),초등,,[초등] 박상기｜도야의 초록 리본 (온라인 강연 가능),https://www.sakyejul.co.kr/bbs/m/mcb_data_view.php?type=mcb&ep=ep993587793575e55ff04653&gp=all&item=md7420826365f474dba4e88a,
사계절,김혜정,헌터걸 (온라인 강연 가능),초등,,[초등] 김혜정｜헌터걸 (온라인 강연 가능),https://www.sakyejul.co.kr/bbs/m/mcb_data_view.php?type=mcb&ep=ep993587793575e55ff04653&gp=all&item=md19359878285f474343bbb19,
사계절,소윤경,호두나무 작업실 (온라인 강연 가능),"청소년, 성인",,"[청소년, 성인] 소윤경｜호두나무 작업실 (온라인 강연 가능)",https://www.sakyejul.co.kr/bbs/m/mcb_data_view.php?type=mcb&ep=ep993587793575e55ff04653&gp=all&item=md12596999935f474089e0ccd,
사계절,오주영,빨간 여우의 북극 바캉스 (온라인 강연 가능),초등,,[초등] 오주영｜빨간 여우의 북극 바캉스 (온라인 강연 가능),https://www.sakyejul.co.kr/bbs/m/mcb_data_view.php?type=mcb&ep=ep993587793575e55ff04653&gp=all&item=md21465601715f473f751e274,
사계절,황지영,도개울이 어때서! (온라인 강연 가능),초등,,[초등] 황지영｜도개울이 어때서! (온라인 강연 가능),https://www.sakyejul.co.kr/bbs/m/mcb_data_view.php?type=mcb&ep=ep993587793575e55ff04653&gp=all&item=md5458520675f473e526a8fb,
사계절,이지은,이파라파냐무냐무 (온라인 강연 가능),성인,,[성인] 이지은｜이파라파냐무냐무 (온라인 강연 가능),https://www.sakyejul.co.kr/bbs/m/mcb_data_view.php?type=mcb&ep=ep993587793575e55ff04653&gp=all&item=md3515460945f473dbf8aea4,
사계절,이순옥,초록초록,초등,,[초등] 이순옥｜초록초록,https://www.sakyejul.co.kr/bbs/m/mcb_data_view.php?type=mcb&ep=ep993587793575e55ff04653&gp=all&item=md4316883175f473c80d58f1,https://search1.kakaocdn.net/thumb/R120x174.q85/?fname=http%3A%2F%2Ft1.daumcdn.net%2Flbook%2Fimage%2F5368963%3Ftimestamp%3D20231031194644
사계절,안미란,동동이 실종 사건,초등,,[초등] 안미란｜동동이 실종 사건,https://www.sakyejul.co.kr/bbs/m/mcb_data_view.php?type=mcb&ep=ep993587793575e55ff04653&gp=all&item=md19247701165e572fefee24f,
사계절,신동근,잘만 3형제 방랑기,초등,,[초등] 신동근｜잘만 3형제 방랑기,https://www.sakyejul.co.kr/bbs/m/mcb_data_view.php?type=mcb&ep=ep993587793575e55ff04653&gp=all&item=md9439305075e572f7456040,https://search1.kakaocdn.net/thumb/R120x174.q85/?fname=http%3A%2F%2Ft1.daumcdn.net%2Flbook%2Fimage%2F4988739%3Ftimestamp%3D20250917121826
사계절,전금하,쓰담쓰담,초등,,[초등] 전금하｜쓰담쓰담,https://www.sakyejul.co.kr/bbs/m/mcb_data_view.php?type=mcb&ep=ep993587793575e55ff04653&gp=all&item=md18585684895e572f10d01dc,https://search1.kakaocdn.net/thumb/R120x174.q85/?fname=http%3A%2F%2Ft1.daumcdn.net%2Flbook%2Fimage%2F5082744%3Ftimestamp%3D20231031173909
사계절,,[성인] 김성라ㅣ귤 사람,,,[성인] 김성라ㅣ귤 사람,https://www.sakyejul.co.kr/bbs/m/mcb_data_view.php?type=mcb&ep=ep993587793575e55ff04653&gp=all&item=md7566727945e572e8eb613e,
사계절,송미경,햄릿과 나 (온라인 강연 가능),"초등, 성인",,"[초등, 성인] 송미경｜햄릿과 나 (온라인 강연 가능)",https://www.sakyejul.co.kr/bbs/m/mcb_data_view.php?type=mcb&ep=ep993587793575e55ff04653&gp=all&item=md11372655595e572e2e5f06e,
사계절,이고은,"책상, 잘 쓰는 법","초등, 성인",,"[초등, 성인] 이고은｜책상, 잘 쓰는 법",https://www.sakyejul.co.kr/bbs/m/mcb_data_view.php?type=mcb&ep=ep993587793575e55ff04653&gp=all&item=md11932256755e572ddf78cc2,
사계절,윤은주,"소녀와 소년, 멋진 사람이 되는 법","초등, 성인",,"[초등, 성인] 윤은주｜소녀와 소년, 멋진 사람이 되는 법",https://www.sakyejul.co.kr/bbs/m/mcb_data_view.php?type=mcb&ep=ep993587793575e55ff04653&gp=all&item=md5233078995e572d7e45d2f,
사계절,이억배,오누이 이야기,"초등, 성인",,"[초등, 성인] 이억배｜오누이 이야기",https://www.sakyejul.co.kr/bbs/m/mcb_data_view.php?type=mcb&ep=ep993587793575e55ff04653&gp=all&item=md13296527575e572d0fb10f4,
사계절,조혜란,빨강이들,"유아, 초등",,"[유아, 초등] 조혜란｜빨강이들",https://www.sakyejul.co.kr/bbs/m/mcb_data_view.php?type=mcb&ep=ep993587793575e55ff04653&gp=all&item=md3466290225e572c66b6b7c,
사계절,김원영,실격당한 자들을 위한 변론,"청소년, 성인",,"[청소년, 성인] 김원영｜실격당한 자들을 위한 변론",https://www.sakyejul.co.kr/bbs/m/mcb_data_view.php?type=mcb&ep=ep993587793575e55ff04653&gp=all&item=md6677454495c947e744be5b,
사계절,이남석,이젠 진짜 리더십이 필요해!,"청소년, 성인",,"[청소년, 성인] 이남석｜이젠 진짜 리더십이 필요해!",https://www.sakyejul.co.kr/bbs/m/mcb_data_view.php?type=mcb&ep=ep993587793575e55ff04653&gp=all&item=md11342418015c947e0451398,
사계절,정은,산책을 듣는 시간,"청소년, 성인",,"[청소년, 성인] 정은｜산책을 듣는 시간",https://www.sakyejul.co.kr/bbs/m/mcb_data_view.php?type=mcb&ep=ep993587793575e55ff04653&gp=all&item=md17532541235c947d0681633,https://search1.kakaocdn.net/thumb/R120x174.q85/?fname=http%3A%2F%2Ft1.daumcdn.net%2Flbook%2Fimage%2F3756586%3Ftimestamp%3D20260228111510
사계절,탁경은,싸이퍼(온라인 강연 가능),청소년,,[청소년] 탁경은｜싸이퍼(온라인 강연 가능),https://www.sakyejul.co.kr/bbs/m/mcb_data_view.php?type=mcb&ep=ep993587793575e55ff04653&gp=all&item=md11445282675c947bcc428d5,
사계절,정명섭,어린 만세꾼 (온라인 강연 가능),초등,,[초등] 정명섭｜어린 만세꾼 (온라인 강연 가능),https://www.sakyejul.co.kr/bbs/m/mcb_data_view.php?type=mcb&ep=ep993587793575e55ff04653&gp=all&item=md4914123275c947b17b127a,
사계절,박효미,이구아나 할아버지,초등,,[초등] 박효미｜이구아나 할아버지,https://www.sakyejul.co.kr/bbs/m/mcb_data_view.php?type=mcb&ep=ep993587793575e55ff04653&gp=all&item=md4119636245c947a44156d5,
사계절,김남진,하얀 사람,초등,,[초등] 김남진｜하얀 사람,https://www.sakyejul.co.kr/bbs/m/mcb_data_view.php?type=mcb&ep=ep993587793575e55ff04653&gp=all&item=md2649447485c9479cb96f9d,https://search1.kakaocdn.net/thumb/R120x174.q85/?fname=http%3A%2F%2Ft1.daumcdn.net%2Flbook%2Fimage%2F4846660%3Ftimestamp%3D20230106182212
사계절,한성민,조용한 밤,"초등, 성인",,"[초등, 성인] 한성민｜조용한 밤",https://www.sakyejul.co.kr/bbs/m/mcb_data_view.php?type=mcb&ep=ep993587793575e55ff04653&gp=all&item=md9446190725c9478ebde619,
사계절,양수근,지구별 소년,초등,,[초등] 양수근｜지구별 소년,https://www.sakyejul.co.kr/bbs/m/mcb_data_view.php?type=mcb&ep=ep993587793575e55ff04653&gp=all&item=md19863735065c9477ed5ba1d,https://search1.kakaocdn.net/thumb/R120x174.q85/?fname=http%3A%2F%2Ft1.daumcdn.net%2Flbook%2Fimage%2F1602514%3Ftimestamp%3D20220216171101
사계절,김연희,"하늘, 땅, 사람을 담은 세종대왕의 과학 이야기",초등,,"[초등] 김연희｜하늘, 땅, 사람을 담은 세종대왕의 과학 이야기",https://www.sakyejul.co.kr/bbs/m/mcb_data_view.php?type=mcb&ep=ep993587793575e55ff04653&gp=all&item=md5310804735c9476c500519,
사계절,김혜경,헌터걸,"초등, 청소년",,"[초등, 청소년] 김혜경｜헌터걸",https://www.sakyejul.co.kr/bbs/m/mcb_data_view.php?type=mcb&ep=ep993587793575e55ff04653&gp=all&item=md9913792555c94763923a19,
사계절,김도아,머리하는 날,"초등, 성인",,"[초등, 성인] 김도아｜머리하는 날",https://www.sakyejul.co.kr/bbs/m/mcb_data_view.php?type=mcb&ep=ep993587793575e55ff04653&gp=all&item=md2420238605c9474dccb755,https://search1.kakaocdn.net/thumb/R120x174.q85/?fname=http%3A%2F%2Ft1.daumcdn.net%2Flbook%2Fimage%2F3753895%3Ftimestamp%3D20231031185508
사계절,김정선,숨바꼭질,"초등, 성인",,"[초등, 성인] 김정선｜숨바꼭질",https://www.sakyejul.co.kr/bbs/m/mcb_data_view.php?type=mcb&ep=ep993587793575e55ff04653&gp=all&item=md11557904515c94696adfeb0,https://search1.kakaocdn.net/thumb/R120x174.q85/?fname=http%3A%2F%2Ft1.daumcdn.net%2Flbook%2Fimage%2F1602403%3Ftimestamp%3D20260531080705
사계절,김중석,나오니까 좋다,초등,,[초등] 김중석｜나오니까 좋다,https://www.sakyejul.co.kr/bbs/m/mcb_data_view.php?type=mcb&ep=ep993587793575e55ff04653&gp=all&item=md604174145c9468c346692,https://search1.kakaocdn.net/thumb/R120x174.q85/?fname=http%3A%2F%2Ft1.daumcdn.net%2Flbook%2Fimage%2F1606618%3Ftimestamp%3D20240904113833
사계절,,"[청소년, 성인] 김수박ㅣ아재라서",,,"[청소년, 성인] 김수박ㅣ아재라서",https://www.sakyejul.co.kr/bbs/m/mcb_data_view.php?type=mcb&ep=ep993587793575e55ff04653&gp=all&item=md19122374745aa10a5924053,
사계절,,"[청소년, 성인] 윤여경ㅣ세 개의 시간",,,"[청소년, 성인] 윤여경ㅣ세 개의 시간",https://www.sakyejul.co.kr/bbs/m/mcb_data_view.php?type=mcb&ep=ep993587793575e55ff04653&gp=all&item=md4164546585aa10a08b06cd,
사계절,,"[초등] 진형민ㅣ미얀마, 마웅저 아저씨의 편지",,,"[초등] 진형민ㅣ미얀마, 마웅저 아저씨의 편지",https://www.sakyejul.co.kr/bbs/m/mcb_data_view.php?type=mcb&ep=ep993587793575e55ff04653&gp=all&item=md1329044925aa109b22b368,
사계절,,"[유아, 초등] 조혜란ㅣ노랑이들",,,"[유아, 초등] 조혜란ㅣ노랑이들",https://www.sakyejul.co.kr/bbs/m/mcb_data_view.php?type=mcb&ep=ep993587793575e55ff04653&gp=all&item=md3288707405aa108ee4419d,
사계절,,"[유아, 초등] 이영경ㅣ봉지공주와 봉투왕자",,,"[유아, 초등] 이영경ㅣ봉지공주와 봉투왕자",https://www.sakyejul.co.kr/bbs/m/mcb_data_view.php?type=mcb&ep=ep993587793575e55ff04653&gp=all&item=md12638444085aa107caab86b,
사계절,,[초등] 박주혜ㅣ책가방 토끼,,,[초등] 박주혜ㅣ책가방 토끼,https://www.sakyejul.co.kr/bbs/m/mcb_data_view.php?type=mcb&ep=ep993587793575e55ff04653&gp=all&item=md8270936675aa10770561d0,
사계절,,"[청소년, 성인] 정철ㅣ검색, 사전을 삼키다, 최후의 사전 편찬자들",,,"[청소년, 성인] 정철ㅣ검색, 사전을 삼키다, 최후의 사전 편찬자들",https://www.sakyejul.co.kr/bbs/m/mcb_data_view.php?type=mcb&ep=ep993587793575e55ff04653&gp=all&item=md64640187659bf177164910,
사계절,,[성인] 박정애ㅣ한 포물선이 다른 포물선에게,,,[성인] 박정애ㅣ한 포물선이 다른 포물선에게,https://www.sakyejul.co.kr/bbs/m/mcb_data_view.php?type=mcb&ep=ep993587793575e55ff04653&gp=all&item=md181290915759bf171e4d1a7,
사계절,,"[청소년, 성인] 신승철ㅣ체 게바라와 여행하는 법",,,"[청소년, 성인] 신승철ㅣ체 게바라와 여행하는 법",https://www.sakyejul.co.kr/bbs/m/mcb_data_view.php?type=mcb&ep=ep993587793575e55ff04653&gp=all&item=md40340215659bf16cf292aa,
사계절,,"[청소년, 성인] 이남석ㅣ어쩌다 영웅",,,"[청소년, 성인] 이남석ㅣ어쩌다 영웅",https://www.sakyejul.co.kr/bbs/m/mcb_data_view.php?type=mcb&ep=ep993587793575e55ff04653&gp=all&item=md51661664559bf1516bed5f,
사계절,,"[청소년, 성인] 이송현ㅣ라인",,,"[청소년, 성인] 이송현ㅣ라인",https://www.sakyejul.co.kr/bbs/m/mcb_data_view.php?type=mcb&ep=ep993587793575e55ff04653&gp=all&item=md73423135559bf149e58478,
사계절,,"[청소년, 성인] 김진나ㅣ소년아, 나를 꺼내줘",,,"[청소년, 성인] 김진나ㅣ소년아, 나를 꺼내줘",https://www.sakyejul.co.kr/bbs/m/mcb_data_view.php?type=mcb&ep=ep993587793575e55ff04653&gp=all&item=md157619942959bf14510c019,
사계절,,"[청소년, 성인] 소복이ㅣ소년의 마음",,,"[청소년, 성인] 소복이ㅣ소년의 마음",https://www.sakyejul.co.kr/bbs/m/mcb_data_view.php?type=mcb&ep=ep993587793575e55ff04653&gp=all&item=md129394896759bf1406e287b,
사계절,,[초등] 남동윤ㅣ귀신 선생님과 고민 해결,,,[초등] 남동윤ㅣ귀신 선생님과 고민 해결,https://www.sakyejul.co.kr/bbs/m/mcb_data_view.php?type=mcb&ep=ep993587793575e55ff04653&gp=all&item=md17869121959bf135a97133,
사계절,,"[성인] 김소연ㅣ마음을 담은 상차림, 볼품없는 상",,,"[성인] 김소연ㅣ마음을 담은 상차림, 볼품없는 상",https://www.sakyejul.co.kr/bbs/m/mcb_data_view.php?type=mcb&ep=ep993587793575e55ff04653&gp=all&item=md60142482059bf12d395a12,
사계절,,"[유아, 초등] 조혜란ㅣ상추씨",,,"[유아, 초등] 조혜란ㅣ상추씨",https://www.sakyejul.co.kr/bbs/m/mcb_data_view.php?type=mcb&ep=ep993587793575e55ff04653&gp=all&item=md62032332859bf1281cd810,
사계절,,"[유아, 초등] 서현ㅣ간질간질",,,"[유아, 초등] 서현ㅣ간질간질",https://www.sakyejul.co.kr/bbs/m/mcb_data_view.php?type=mcb&ep=ep993587793575e55ff04653&gp=all&item=md98685805959bf1212855e9,
사계절,,[성인] 정순희ㅣ혼자 오니?,,,[성인] 정순희ㅣ혼자 오니?,https://www.sakyejul.co.kr/bbs/m/mcb_data_view.php?type=mcb&ep=ep993587793575e55ff04653&gp=all&item=md77007904759bf11adabc5c,
사계절,,"[유아, 초등] 류주영ㅣ나는 초록",,,"[유아, 초등] 류주영ㅣ나는 초록",https://www.sakyejul.co.kr/bbs/m/mcb_data_view.php?type=mcb&ep=ep993587793575e55ff04653&gp=all&item=md107155272559bb5c877d93d,
사계절,,"[청소년, 성인] 최양선ㅣ밤을 건너는 소년",,,"[청소년, 성인] 최양선ㅣ밤을 건너는 소년",https://www.sakyejul.co.kr/bbs/m/mcb_data_view.php?type=mcb&ep=ep993587793575e55ff04653&gp=all&item=md147757032159bb5c1583d55,
사계절,,"[청소년, 성인] 이운진ㅣ고흐 씨, 시 읽어 줄까요?",,,"[청소년, 성인] 이운진ㅣ고흐 씨, 시 읽어 줄까요?",https://www.sakyejul.co.kr/bbs/m/mcb_data_view.php?type=mcb&ep=ep993587793575e55ff04653&gp=all&item=md2494961959bb5a306b360,
사계절,,[초등] 오주영ㅣ수학왕 바코,,,[초등] 오주영ㅣ수학왕 바코,https://www.sakyejul.co.kr/bbs/m/mcb_data_view.php?type=mcb&ep=ep993587793575e55ff04653&gp=all&item=md197625701659bb3f72462e7,
사계절,,[초등] 정명섭ㅣ사라진 조우관,,,[초등] 정명섭ㅣ사라진 조우관,https://www.sakyejul.co.kr/bbs/m/mcb_data_view.php?type=mcb&ep=ep993587793575e55ff04653&gp=all&item=md51563177559bb3e3022e0f,
사계절,,"[유아, 초등] 박정섭ㅣ감기 걸린 물고기",,,"[유아, 초등] 박정섭ㅣ감기 걸린 물고기",https://www.sakyejul.co.kr/bbs/m/mcb_data_view.php?type=mcb&ep=ep993587793575e55ff04653&gp=all&item=md152694895159bb3d364b195,
사계절,,[초등] 김소연ㅣ마음을 담은 상차림,,,[초등] 김소연ㅣ마음을 담은 상차림,https://www.sakyejul.co.kr/bbs/m/mcb_data_view.php?type=mcb&ep=ep993587793575e55ff04653&gp=all&item=md68468500559bb3b0b53d3a,
사계절,,"[유아, 초등] 김상근ㅣ두더지의 소원",,,"[유아, 초등] 김상근ㅣ두더지의 소원",https://www.sakyejul.co.kr/bbs/m/mcb_data_view.php?type=mcb&ep=ep993587793575e55ff04653&gp=all&item=md182826726659bb3a5a2209d,
사계절,,[초등] 징검다리 역사책 시리즈,,,[초등] 징검다리 역사책 시리즈,https://www.sakyejul.co.kr/bbs/m/mcb_data_view.php?type=mcb&ep=ep993587793575e55ff04653&gp=all&item=md209843833659b8f18c4a0b8,
사계절,,"[초등, 청소년] 키워드 한국사 시리즈",,,"[초등, 청소년] 키워드 한국사 시리즈",https://www.sakyejul.co.kr/bbs/m/mcb_data_view.php?type=mcb&ep=ep993587793575e55ff04653&gp=all&item=md150794336159b8f166af92d,
사계절,,[초등] 역사 일기 시리즈,,,[초등] 역사 일기 시리즈,https://www.sakyejul.co.kr/bbs/m/mcb_data_view.php?type=mcb&ep=ep993587793575e55ff04653&gp=all&item=md207231660659b8f114e06dc,
사계절,,[청소년] 이경덕ㅣ아직도 마녀가 있다고?,,,[청소년] 이경덕ㅣ아직도 마녀가 있다고?,https://www.sakyejul.co.kr/bbs/m/mcb_data_view.php?type=mcb&ep=ep993587793575e55ff04653&gp=all&item=md127936212158ec3bdc3d959,
사계절,,"[청소년] 김경윤ㅣ장자, 아파트 경비원이 되다",,,"[청소년] 김경윤ㅣ장자, 아파트 경비원이 되다",https://www.sakyejul.co.kr/bbs/m/mcb_data_view.php?type=mcb&ep=ep993587793575e55ff04653&gp=all&item=md189469982758ec38b43170f,
사계절,,[성인] 윤석남ㅣ다정해서 다정한 다정 씨,,,[성인] 윤석남ㅣ다정해서 다정한 다정 씨,https://www.sakyejul.co.kr/bbs/m/mcb_data_view.php?type=mcb&ep=ep993587793575e55ff04653&gp=all&item=md2911253557d6376ed37e3,
사계절,,[성인] 한성옥 그림책 특강,,,[성인] 한성옥 그림책 특강,https://www.sakyejul.co.kr/bbs/m/mcb_data_view.php?type=mcb&ep=ep993587793575e55ff04653&gp=all&item=md120626268957d636ddcd573,
사계절,,"[청소년] 김해원ㅣ추락하는 것은 복근이 없다, 열일곱 살의 털",,,"[청소년] 김해원ㅣ추락하는 것은 복근이 없다, 열일곱 살의 털",https://www.sakyejul.co.kr/bbs/m/mcb_data_view.php?type=mcb&ep=ep993587793575e55ff04653&gp=all&item=md65168989557d635f3a1b51,
사계절,,"[청소년] 조지욱ㅣ문학 속의 지리 이야기, 열다섯 살에 떠나는 세계 일주",,,"[청소년] 조지욱ㅣ문학 속의 지리 이야기, 열다섯 살에 떠나는 세계 일주",https://www.sakyejul.co.kr/bbs/m/mcb_data_view.php?type=mcb&ep=ep993587793575e55ff04653&gp=all&item=md69782352257d635489eac8,
사계절,,[청소년] 안광복ㅣ열일곱 살의 욕망 연습,,,[청소년] 안광복ㅣ열일곱 살의 욕망 연습,https://www.sakyejul.co.kr/bbs/m/mcb_data_view.php?type=mcb&ep=ep993587793575e55ff04653&gp=all&item=md18361167957d6349e970c2,
사계절,,"[청소년] 소복이ㅣ애쓰지 말고, 어쨌든 해결",,,"[청소년] 소복이ㅣ애쓰지 말고, 어쨌든 해결",https://www.sakyejul.co.kr/bbs/m/mcb_data_view.php?type=mcb&ep=ep993587793575e55ff04653&gp=all&item=md194146511357d63444e9f54,
사계절,,[청소년] 김영주ㅣZ 캠프,,,[청소년] 김영주ㅣZ 캠프,https://www.sakyejul.co.kr/bbs/m/mcb_data_view.php?type=mcb&ep=ep993587793575e55ff04653&gp=all&item=md167330967657d633f00f252,
사계절,,"[청소년] 이금이ㅣ거기, 내가 가면 안 돼요?",,,"[청소년] 이금이ㅣ거기, 내가 가면 안 돼요?",https://www.sakyejul.co.kr/bbs/m/mcb_data_view.php?type=mcb&ep=ep993587793575e55ff04653&gp=all&item=md147308467957d63312a8396,
사계절,,"[초등, 청소년] 이재석ㅣ걸어서 만나는 임진강",,,"[초등, 청소년] 이재석ㅣ걸어서 만나는 임진강",https://www.sakyejul.co.kr/bbs/m/mcb_data_view.php?type=mcb&ep=ep993587793575e55ff04653&gp=all&item=md126157091657d632ac4da54,
사계절,,"[초등] 이기량ㅣ톨이야, 놀자",,,"[초등] 이기량ㅣ톨이야, 놀자",https://www.sakyejul.co.kr/bbs/m/mcb_data_view.php?type=mcb&ep=ep993587793575e55ff04653&gp=all&item=md117918144857d632288ef3a,
사계절,,"[초등] 연창호ㅣ해외 이주, 낯선 세계로 떠난 길",,,"[초등] 연창호ㅣ해외 이주, 낯선 세계로 떠난 길",https://www.sakyejul.co.kr/bbs/m/mcb_data_view.php?type=mcb&ep=ep993587793575e55ff04653&gp=all&item=md208326660057d6317d714db,
사계절,,[초등] 김찬곤ㅣ인간답게 평등하게 그래서 인권,,,[초등] 김찬곤ㅣ인간답게 평등하게 그래서 인권,https://www.sakyejul.co.kr/bbs/m/mcb_data_view.php?type=mcb&ep=ep993587793575e55ff04653&gp=all&item=md91911138457d6311557706,
사계절,,"[초등] 김현주ㅣ세계의 빈곤, 게을러서 가난한 게 아니야!",,,"[초등] 김현주ㅣ세계의 빈곤, 게을러서 가난한 게 아니야!",https://www.sakyejul.co.kr/bbs/m/mcb_data_view.php?type=mcb&ep=ep993587793575e55ff04653&gp=all&item=md71260637157d630b9323cf,
사계절,,[초등] 이금이ㅣ하룻밤,,,[초등] 이금이ㅣ하룻밤,https://www.sakyejul.co.kr/bbs/m/mcb_data_view.php?type=mcb&ep=ep993587793575e55ff04653&gp=all&item=md172543939557d6304f433fa,
사계절,,[초등] 최경식ㅣ파란 분수,,,[초등] 최경식ㅣ파란 분수,https://www.sakyejul.co.kr/bbs/m/mcb_data_view.php?type=mcb&ep=ep993587793575e55ff04653&gp=all&item=md12710206357d62f9a83ad4,
사계절,,[청소년] 한기호ㅣ매콤달콤 맛있는 우리 고전 시가,,,[청소년] 한기호ㅣ매콤달콤 맛있는 우리 고전 시가,https://www.sakyejul.co.kr/bbs/m/mcb_data_view.php?type=mcb&ep=ep993587793575e55ff04653&gp=all&item=md125859181157d6046b5384c,
사계절,,[청소년] 진희ㅣ첫눈이 내려,,,[청소년] 진희ㅣ첫눈이 내려,https://www.sakyejul.co.kr/bbs/m/mcb_data_view.php?type=mcb&ep=ep993587793575e55ff04653&gp=all&item=md168663408457d60417065ad,
사계절,,"[청소년] 최영희ㅣ안녕, 베타",,,"[청소년] 최영희ㅣ안녕, 베타",https://www.sakyejul.co.kr/bbs/m/mcb_data_view.php?type=mcb&ep=ep993587793575e55ff04653&gp=all&item=md48094642357d603b7e6622,
사계절,,"[초등] 조지욱ㅣ그림으로 보는 기후 말뜻 사전, 그림으로 보는 지형 말뜻 사전",,,"[초등] 조지욱ㅣ그림으로 보는 기후 말뜻 사전, 그림으로 보는 지형 말뜻 사전",https://www.sakyejul.co.kr/bbs/m/mcb_data_view.php?type=mcb&ep=ep993587793575e55ff04653&gp=all&item=md214318039157d6030acb00c,
사계절,,[초등] 송미경ㅣ나의 진주 드레스,,,[초등] 송미경ㅣ나의 진주 드레스,https://www.sakyejul.co.kr/bbs/m/mcb_data_view.php?type=mcb&ep=ep993587793575e55ff04653&gp=all&item=md152541091057d6027ab91df,
사계절,,[초등] 김병렬ㅣ독도를 지키는 우리들,,,[초등] 김병렬ㅣ독도를 지키는 우리들,https://www.sakyejul.co.kr/bbs/m/mcb_data_view.php?type=mcb&ep=ep993587793575e55ff04653&gp=all&item=md134046804057d60227b05dd,
사계절,,[초등] 성완ㅣ내 동생이 수상하다,,,[초등] 성완ㅣ내 동생이 수상하다,https://www.sakyejul.co.kr/bbs/m/mcb_data_view.php?type=mcb&ep=ep993587793575e55ff04653&gp=all&item=md196864923057d601bb1210a,
사계절,,[초등] 오채ㅣ오메 할머니,,,[초등] 오채ㅣ오메 할머니,https://www.sakyejul.co.kr/bbs/m/mcb_data_view.php?type=mcb&ep=ep993587793575e55ff04653&gp=all&item=md7984253357d6015933a38,
사계절,,[초등] 박신영ㅣ봄 여름 가을 겨울 풀꽃과 놀아요,,,[초등] 박신영ㅣ봄 여름 가을 겨울 풀꽃과 놀아요,https://www.sakyejul.co.kr/bbs/m/mcb_data_view.php?type=mcb&ep=ep993587793575e55ff04653&gp=all&item=md168119332357d600f852035,
사계절,,[초등] 김향이ㅣ캄소콩,,,[초등] 김향이ㅣ캄소콩,https://www.sakyejul.co.kr/bbs/m/mcb_data_view.php?type=mcb&ep=ep993587793575e55ff04653&gp=all&item=md173433194457d5fe8290ba6,
사계절,,[초등] 정호선ㅣ앗! 피자,,,[초등] 정호선ㅣ앗! 피자,https://www.sakyejul.co.kr/bbs/m/mcb_data_view.php?type=mcb&ep=ep993587793575e55ff04653&gp=all&item=md66245641957d5fe19bd770,
사계절,,[청소년] 홍명진ㅣ빵빵 터지는 20세기 세계사+한국사,,,[청소년] 홍명진ㅣ빵빵 터지는 20세기 세계사+한국사,https://www.sakyejul.co.kr/bbs/m/mcb_data_view.php?type=mcb&ep=ep993587793575e55ff04653&gp=all&item=md161959380157d5fd514f9f1,
사계절,,"[청소년] 구미정ㅣ구약 성서, 마르지 않는 삶의 지혜",,,"[청소년] 구미정ㅣ구약 성서, 마르지 않는 삶의 지혜",https://www.sakyejul.co.kr/bbs/m/mcb_data_view.php?type=mcb&ep=ep993587793575e55ff04653&gp=all&item=md111946186657d5fcfbaa49b,
사계절,,[초등] 김연희ㅣ고종 시대의 과학 이야기,,,[초등] 김연희ㅣ고종 시대의 과학 이야기,https://www.sakyejul.co.kr/bbs/m/mcb_data_view.php?type=mcb&ep=ep993587793575e55ff04653&gp=all&item=md36644006857d5fc7a6fd57,
사계절,,[초등] 김향금ㅣ달빛도시 동물들의 권리 투쟁기,,,[초등] 김향금ㅣ달빛도시 동물들의 권리 투쟁기,https://www.sakyejul.co.kr/bbs/m/mcb_data_view.php?type=mcb&ep=ep993587793575e55ff04653&gp=all&item=md131144305357d5fc0ee76cd,
사계절,,[초등] 전성희ㅣ고양이는 알고 있다!,,,[초등] 전성희ㅣ고양이는 알고 있다!,https://www.sakyejul.co.kr/bbs/m/mcb_data_view.php?type=mcb&ep=ep993587793575e55ff04653&gp=all&item=md74618063057d5fbac647df,
사계절,,[초등] 송미경ㅣ바느질 소녀,,,[초등] 송미경ㅣ바느질 소녀,https://www.sakyejul.co.kr/bbs/m/mcb_data_view.php?type=mcb&ep=ep993587793575e55ff04653&gp=all&item=md135383149157d5fb4791cf6,
사계절,,[초등] 오주영ㅣ거인이 제일 좋아하는 맛,,,[초등] 오주영ㅣ거인이 제일 좋아하는 맛,https://www.sakyejul.co.kr/bbs/m/mcb_data_view.php?type=mcb&ep=ep993587793575e55ff04653&gp=all&item=md9321963757d5fa450e7f7,
사계절,,"[초등] 문희영ㅣ빈센트 반 고흐, 세상을 노랗게 물들이다",,,"[초등] 문희영ㅣ빈센트 반 고흐, 세상을 노랗게 물들이다",https://www.sakyejul.co.kr/bbs/m/mcb_data_view.php?type=mcb&ep=ep993587793575e55ff04653&gp=all&item=md213268064057d5f8a06a7b0,
사계절,,[청소년] 박석근ㅣ수상한 화가들,,,[청소년] 박석근ㅣ수상한 화가들,https://www.sakyejul.co.kr/bbs/m/mcb_data_view.php?type=mcb&ep=ep993587793575e55ff04653&gp=all&item=md43931978057d5f80c61c74,
사계절,,"[청소년] 김서영ㅣ프로이트의 꿈의 해석, 무의식에 비친 나를 찾아서",,,"[청소년] 김서영ㅣ프로이트의 꿈의 해석, 무의식에 비친 나를 찾아서",https://www.sakyejul.co.kr/bbs/m/mcb_data_view.php?type=mcb&ep=ep993587793575e55ff04653&gp=all&item=md97558218757d5f7a85b37e,
사계절,,"[성인] 이남석ㅣ뭘 해도 괜찮아, 삐뚤빼뚤 가도 좋아",,,"[성인] 이남석ㅣ뭘 해도 괜찮아, 삐뚤빼뚤 가도 좋아",https://www.sakyejul.co.kr/bbs/m/mcb_data_view.php?type=mcb&ep=ep993587793575e55ff04653&gp=all&item=md35138472357d5f710ae0ff,
사계절,,[청소년] 이금이ㅣ청춘기담,,,[청소년] 이금이ㅣ청춘기담,https://www.sakyejul.co.kr/bbs/m/mcb_data_view.php?type=mcb&ep=ep993587793575e55ff04653&gp=all&item=md30800913257d5f67b19fb6,
사계절,,[초등] 윤혜숙ㅣ나는 인도 김씨 김수로,,,[초등] 윤혜숙ㅣ나는 인도 김씨 김수로,https://www.sakyejul.co.kr/bbs/m/mcb_data_view.php?type=mcb&ep=ep993587793575e55ff04653&gp=all&item=md60680165057d5f5c632d92,
사계절,,[초등] 김바다ㅣ수리수리 요술 텃밭,,,[초등] 김바다ㅣ수리수리 요술 텃밭,https://www.sakyejul.co.kr/bbs/m/mcb_data_view.php?type=mcb&ep=ep993587793575e55ff04653&gp=all&item=md82571659057d5f55757a50,
사계절,,[초등] 이재복ㅣ숲까말은 기죽지 않는다,,,[초등] 이재복ㅣ숲까말은 기죽지 않는다,https://www.sakyejul.co.kr/bbs/m/mcb_data_view.php?type=mcb&ep=ep993587793575e55ff04653&gp=all&item=md90440823757d5f4bab6b3d,
사계절,,[초등] 권문희ㅣ깜박깜박 도깨비,,,[초등] 권문희ㅣ깜박깜박 도깨비,https://www.sakyejul.co.kr/bbs/m/mcb_data_view.php?type=mcb&ep=ep993587793575e55ff04653&gp=all&item=md95805738157d5f3663ead4,
사계절,,[초등] 남동윤ㅣ귀신 선생님과 진짜 아이들,,,[초등] 남동윤ㅣ귀신 선생님과 진짜 아이들,https://www.sakyejul.co.kr/bbs/m/mcb_data_view.php?type=mcb&ep=ep993587793575e55ff04653&gp=all&item=md133596707557d5f27f088c0,
사계절,,[청소년] 정은숙ㅣ정글북 사건의 재구성,,,[청소년] 정은숙ㅣ정글북 사건의 재구성,https://www.sakyejul.co.kr/bbs/m/mcb_data_view.php?type=mcb&ep=ep993587793575e55ff04653&gp=all&item=md209772456657d279731e56b,
사계절,,[청소년] 한정영ㅣ오드아이 프라이데이,,,[청소년] 한정영ㅣ오드아이 프라이데이,https://www.sakyejul.co.kr/bbs/m/mcb_data_view.php?type=mcb&ep=ep993587793575e55ff04653&gp=all&item=md200441192857d271a545168,
사계절,,"[초등] 문희영ㅣ빈센트 반 고흐, 세상을 노랗게 물들이다",,,"[초등] 문희영ㅣ빈센트 반 고흐, 세상을 노랗게 물들이다",https://www.sakyejul.co.kr/bbs/m/mcb_data_view.php?type=mcb&ep=ep993587793575e55ff04653&gp=all&item=md107140585057d2712f025eb,
사계절,,[초등] 오연호ㅣ행복지수 1위 덴마크의 비밀,,,[초등] 오연호ㅣ행복지수 1위 덴마크의 비밀,https://www.sakyejul.co.kr/bbs/m/mcb_data_view.php?type=mcb&ep=ep993587793575e55ff04653&gp=all&item=md87648249257d270bcc705e,
사계절,,[초등] 서현ㅣ두근두근 1학년,,,[초등] 서현ㅣ두근두근 1학년,https://www.sakyejul.co.kr/bbs/m/mcb_data_view.php?type=mcb&ep=ep993587793575e55ff04653&gp=all&item=md153662579657d26e126b9ad,
사계절,,[초등] 윤지회ㅣ방긋 아기씨,,,[초등] 윤지회ㅣ방긋 아기씨,https://www.sakyejul.co.kr/bbs/m/mcb_data_view.php?type=mcb&ep=ep993587793575e55ff04653&gp=all&item=md68352529857d26db7c3767,
사계절,,[초등] 김상근ㅣ두더지의 고민,,,[초등] 김상근ㅣ두더지의 고민,https://www.sakyejul.co.kr/bbs/m/mcb_data_view.php?type=mcb&ep=ep993587793575e55ff04653&gp=all&item=md10959259857d26d073a66b,
사계절,,[청소년] 최상희ㅣ델 문도,,,[청소년] 최상희ㅣ델 문도,https://www.sakyejul.co.kr/bbs/m/mcb_data_view.php?type=mcb&ep=ep993587793575e55ff04653&gp=all&item=md94971122357d2663db696e,
사계절,,[초등] 이수경ㅣ갑자기 철든 날,,,[초등] 이수경ㅣ갑자기 철든 날,https://www.sakyejul.co.kr/bbs/m/mcb_data_view.php?type=mcb&ep=ep993587793575e55ff04653&gp=all&item=md128277551657d263e43c967,
사계절,,[초등] 김회경ㅣ콧구멍 왕자,,,[초등] 김회경ㅣ콧구멍 왕자,https://www.sakyejul.co.kr/bbs/m/mcb_data_view.php?type=mcb&ep=ep993587793575e55ff04653&gp=all&item=md105228160757d263500eb85,
사계절,,[초등] 김찬곤ㅣ강직한의 파란만장 시장 도전기,,,[초등] 김찬곤ㅣ강직한의 파란만장 시장 도전기,https://www.sakyejul.co.kr/bbs/m/mcb_data_view.php?type=mcb&ep=ep993587793575e55ff04653&gp=all&item=md32686637957d261d488b8a,
사계절,,[초등] 김기정ㅣ학교에 다녀도 될까요?,,,[초등] 김기정ㅣ학교에 다녀도 될까요?,https://www.sakyejul.co.kr/bbs/m/mcb_data_view.php?type=mcb&ep=ep993587793575e55ff04653&gp=all&item=md213365265957d2612a01cf3,
사계절,,[초등] 안지혜ㅣ책 만드는 이야기 들어 볼래?,,,[초등] 안지혜ㅣ책 만드는 이야기 들어 볼래?,https://www.sakyejul.co.kr/bbs/m/mcb_data_view.php?type=mcb&ep=ep993587793575e55ff04653&gp=all&item=md94906408257d260685187e,
사계절,,[청소년] 김성희ㅣ똑같이 다르다,,,[청소년] 김성희ㅣ똑같이 다르다,https://www.sakyejul.co.kr/bbs/m/mcb_data_view.php?type=mcb&ep=ep993587793575e55ff04653&gp=all&item=md57539067657d25beb0a736,
사계절,,[청소년] 이경덕ㅣ어느 외계인의 인류학 보고서,,,[청소년] 이경덕ㅣ어느 외계인의 인류학 보고서,https://www.sakyejul.co.kr/bbs/m/mcb_data_view.php?type=mcb&ep=ep993587793575e55ff04653&gp=all&item=md57734041357d25a7a99be4,
사계절,,[성인] 노명우ㅣ세상물정의 사회학,,,[성인] 노명우ㅣ세상물정의 사회학,https://www.sakyejul.co.kr/bbs/m/mcb_data_view.php?type=mcb&ep=ep993587793575e55ff04653&gp=all&item=md208605521657d25996374e6,
사계절,,[청소년] 홍명진ㅣ타임캡슐 1985,,,[청소년] 홍명진ㅣ타임캡슐 1985,https://www.sakyejul.co.kr/bbs/m/mcb_data_view.php?type=mcb&ep=ep993587793575e55ff04653&gp=all&item=md42689007357d2589f6fe98,
사계절,,[초등] 김병하ㅣ고라니 텃밭,,,[초등] 김병하ㅣ고라니 텃밭,https://www.sakyejul.co.kr/bbs/m/mcb_data_view.php?type=mcb&ep=ep993587793575e55ff04653&gp=all&item=md152786317057d257095246c,
사계절,,[초등] 정창권ㅣ기이한 책장수 조신선,,,[초등] 정창권ㅣ기이한 책장수 조신선,https://www.sakyejul.co.kr/bbs/m/mcb_data_view.php?type=mcb&ep=ep993587793575e55ff04653&gp=all&item=md151814756457d2568f565ce,
사계절,,[청소년] 박종대ㅣ데미안,,,[청소년] 박종대ㅣ데미안,https://www.sakyejul.co.kr/bbs/m/mcb_data_view.php?type=mcb&ep=ep993587793575e55ff04653&gp=all&item=md156011441657d23b53b474f,
사계절,,[청소년] 최나미ㅣ진실 게임,,,[청소년] 최나미ㅣ진실 게임,https://www.sakyejul.co.kr/bbs/m/mcb_data_view.php?type=mcb&ep=ep993587793575e55ff04653&gp=all&item=md126517506957d239a24d68f,
사계절,,[청소년] 윤혜숙ㅣ뽀이들이 온다,,,[청소년] 윤혜숙ㅣ뽀이들이 온다,https://www.sakyejul.co.kr/bbs/m/mcb_data_view.php?type=mcb&ep=ep993587793575e55ff04653&gp=all&item=md214396615557d238b86861b,
사계절,,[청소년] 김혜정ㅣ텐텐 영화단,,,[청소년] 김혜정ㅣ텐텐 영화단,https://www.sakyejul.co.kr/bbs/m/mcb_data_view.php?type=mcb&ep=ep993587793575e55ff04653&gp=all&item=md52481428457d23730b0b6f,
사계절,,[청소년] 김선희ㅣ더 빨강,,,[청소년] 김선희ㅣ더 빨강,https://www.sakyejul.co.kr/bbs/m/mcb_data_view.php?type=mcb&ep=ep993587793575e55ff04653&gp=all&item=md128616123357d219ef2f85f,
사계절,,[초등] 박효미ㅣ우리집 괴물 친구들,,,[초등] 박효미ㅣ우리집 괴물 친구들,https://www.sakyejul.co.kr/bbs/m/mcb_data_view.php?type=mcb&ep=ep993587793575e55ff04653&gp=all&item=md123627732357d213b99bf81,
사계절,,"[4-7세] 안은영ㅣ노래하는 병, 가방에 뭐가 있을까",,,"[4-7세] 안은영ㅣ노래하는 병, 가방에 뭐가 있을까",https://www.sakyejul.co.kr/bbs/m/mcb_data_view.php?type=mcb&ep=ep993587793575e55ff04653&gp=all&item=md196271031357d209cfe57ca,
